<?xml version="1.0"?>
<ResultDataFile xmlns:xsd="http://www.w3.org/2001/XMLSchema" xmlns:xsi="http://www.w3.org/2001/XMLSchema-instance">
  <FormatVersion>120920</FormatVersion>
  <ResultDataList>
    <ResultData>
      <DeviceConfigReference>
        <Name>RadiaCode-102</Name>
      </DeviceConfigReference>
      <SampleInfo>
        <Name><![CDATA[102 Patriot 4% TIG Rods 02_15_24]]></Name>
        <Note><![CDATA[1/8" Rods]]></Note>
      </SampleInfo>
      <BackgroundSpectrumFile></BackgroundSpectrumFile>

       <StartTime>2024-02-15T22:01:19</StartTime>
 <EndTime>2024-02-16T03:01:46</EndTime>

 <EnergySpectrum>
  <NumberOfChannels>1024</NumberOfChannels>
  <ChannelPitch>1</ChannelPitch>
  <SpectrumName><![CDATA[102 Patriot 4% TIG Rods 02_15_24]]></SpectrumName>
  <Comment>312F382220526F6473</Comment>
  <SerialNumber>RC-102-000509</SerialNumber>
  <EnergyCalibration>
    <PolynomialOrder>2</PolynomialOrder>
    <Coefficients>
      <Coefficient>-9.479599</Coefficient>
      <Coefficient>2.5046651</Coefficient>
      <Coefficient>3.898E-4</Coefficient>
    </Coefficients>
  </EnergyCalibration>
  <MeasurementTime>18027</MeasurementTime>
  <Spectrum>
    <DataPoint>0</DataPoint>
<DataPoint>2</DataPoint>
<DataPoint>349</DataPoint>
<DataPoint>2382</DataPoint>
<DataPoint>3054</DataPoint>
<DataPoint>1627</DataPoint>
<DataPoint>1224</DataPoint>
<DataPoint>1716</DataPoint>
<DataPoint>2374</DataPoint>
<DataPoint>3073</DataPoint>
<DataPoint>3719</DataPoint>
<DataPoint>4278</DataPoint>
<DataPoint>4769</DataPoint>
<DataPoint>5123</DataPoint>
<DataPoint>5098</DataPoint>
<DataPoint>4983</DataPoint>
<DataPoint>4902</DataPoint>
<DataPoint>4600</DataPoint>
<DataPoint>4415</DataPoint>
<DataPoint>4565</DataPoint>
<DataPoint>4643</DataPoint>
<DataPoint>4864</DataPoint>
<DataPoint>5499</DataPoint>
<DataPoint>6587</DataPoint>
<DataPoint>7913</DataPoint>
<DataPoint>9473</DataPoint>
<DataPoint>10905</DataPoint>
<DataPoint>12083</DataPoint>
<DataPoint>12617</DataPoint>
<DataPoint>12183</DataPoint>
<DataPoint>11509</DataPoint>
<DataPoint>10587</DataPoint>
<DataPoint>9462</DataPoint>
<DataPoint>8131</DataPoint>
<DataPoint>7419</DataPoint>
<DataPoint>6651</DataPoint>
<DataPoint>6063</DataPoint>
<DataPoint>5614</DataPoint>
<DataPoint>5369</DataPoint>
<DataPoint>5222</DataPoint>
<DataPoint>5135</DataPoint>
<DataPoint>5114</DataPoint>
<DataPoint>5017</DataPoint>
<DataPoint>4856</DataPoint>
<DataPoint>4734</DataPoint>
<DataPoint>4847</DataPoint>
<DataPoint>4647</DataPoint>
<DataPoint>4475</DataPoint>
<DataPoint>4380</DataPoint>
<DataPoint>4324</DataPoint>
<DataPoint>4338</DataPoint>
<DataPoint>4373</DataPoint>
<DataPoint>4352</DataPoint>
<DataPoint>4292</DataPoint>
<DataPoint>4395</DataPoint>
<DataPoint>4346</DataPoint>
<DataPoint>4302</DataPoint>
<DataPoint>4421</DataPoint>
<DataPoint>4256</DataPoint>
<DataPoint>4401</DataPoint>
<DataPoint>4308</DataPoint>
<DataPoint>4246</DataPoint>
<DataPoint>4150</DataPoint>
<DataPoint>4215</DataPoint>
<DataPoint>4167</DataPoint>
<DataPoint>4239</DataPoint>
<DataPoint>4228</DataPoint>
<DataPoint>4151</DataPoint>
<DataPoint>4116</DataPoint>
<DataPoint>4062</DataPoint>
<DataPoint>4112</DataPoint>
<DataPoint>4185</DataPoint>
<DataPoint>4140</DataPoint>
<DataPoint>4112</DataPoint>
<DataPoint>4013</DataPoint>
<DataPoint>4013</DataPoint>
<DataPoint>4132</DataPoint>
<DataPoint>4195</DataPoint>
<DataPoint>4321</DataPoint>
<DataPoint>4230</DataPoint>
<DataPoint>4310</DataPoint>
<DataPoint>4446</DataPoint>
<DataPoint>4505</DataPoint>
<DataPoint>4565</DataPoint>
<DataPoint>4658</DataPoint>
<DataPoint>4914</DataPoint>
<DataPoint>4991</DataPoint>
<DataPoint>5074</DataPoint>
<DataPoint>5403</DataPoint>
<DataPoint>5563</DataPoint>
<DataPoint>5948</DataPoint>
<DataPoint>6257</DataPoint>
<DataPoint>6592</DataPoint>
<DataPoint>6803</DataPoint>
<DataPoint>7427</DataPoint>
<DataPoint>7541</DataPoint>
<DataPoint>7572</DataPoint>
<DataPoint>8007</DataPoint>
<DataPoint>7856</DataPoint>
<DataPoint>7901</DataPoint>
<DataPoint>7542</DataPoint>
<DataPoint>7345</DataPoint>
<DataPoint>7011</DataPoint>
<DataPoint>6634</DataPoint>
<DataPoint>6277</DataPoint>
<DataPoint>5870</DataPoint>
<DataPoint>5464</DataPoint>
<DataPoint>5075</DataPoint>
<DataPoint>4712</DataPoint>
<DataPoint>4411</DataPoint>
<DataPoint>4234</DataPoint>
<DataPoint>4195</DataPoint>
<DataPoint>3808</DataPoint>
<DataPoint>3823</DataPoint>
<DataPoint>3736</DataPoint>
<DataPoint>3595</DataPoint>
<DataPoint>3426</DataPoint>
<DataPoint>3415</DataPoint>
<DataPoint>3411</DataPoint>
<DataPoint>3306</DataPoint>
<DataPoint>3194</DataPoint>
<DataPoint>3251</DataPoint>
<DataPoint>3196</DataPoint>
<DataPoint>3258</DataPoint>
<DataPoint>3212</DataPoint>
<DataPoint>3298</DataPoint>
<DataPoint>3299</DataPoint>
<DataPoint>3382</DataPoint>
<DataPoint>3343</DataPoint>
<DataPoint>3465</DataPoint>
<DataPoint>3450</DataPoint>
<DataPoint>3550</DataPoint>
<DataPoint>3650</DataPoint>
<DataPoint>3637</DataPoint>
<DataPoint>3546</DataPoint>
<DataPoint>3588</DataPoint>
<DataPoint>3606</DataPoint>
<DataPoint>3415</DataPoint>
<DataPoint>3354</DataPoint>
<DataPoint>3342</DataPoint>
<DataPoint>3169</DataPoint>
<DataPoint>3013</DataPoint>
<DataPoint>2894</DataPoint>
<DataPoint>2665</DataPoint>
<DataPoint>2666</DataPoint>
<DataPoint>2536</DataPoint>
<DataPoint>2361</DataPoint>
<DataPoint>2204</DataPoint>
<DataPoint>2130</DataPoint>
<DataPoint>2044</DataPoint>
<DataPoint>1982</DataPoint>
<DataPoint>1978</DataPoint>
<DataPoint>1887</DataPoint>
<DataPoint>1800</DataPoint>
<DataPoint>1809</DataPoint>
<DataPoint>1785</DataPoint>
<DataPoint>1707</DataPoint>
<DataPoint>1759</DataPoint>
<DataPoint>1689</DataPoint>
<DataPoint>1699</DataPoint>
<DataPoint>1629</DataPoint>
<DataPoint>1609</DataPoint>
<DataPoint>1612</DataPoint>
<DataPoint>1589</DataPoint>
<DataPoint>1587</DataPoint>
<DataPoint>1617</DataPoint>
<DataPoint>1533</DataPoint>
<DataPoint>1536</DataPoint>
<DataPoint>1508</DataPoint>
<DataPoint>1476</DataPoint>
<DataPoint>1553</DataPoint>
<DataPoint>1517</DataPoint>
<DataPoint>1567</DataPoint>
<DataPoint>1539</DataPoint>
<DataPoint>1488</DataPoint>
<DataPoint>1544</DataPoint>
<DataPoint>1596</DataPoint>
<DataPoint>1508</DataPoint>
<DataPoint>1530</DataPoint>
<DataPoint>1527</DataPoint>
<DataPoint>1569</DataPoint>
<DataPoint>1484</DataPoint>
<DataPoint>1546</DataPoint>
<DataPoint>1609</DataPoint>
<DataPoint>1535</DataPoint>
<DataPoint>1585</DataPoint>
<DataPoint>1486</DataPoint>
<DataPoint>1584</DataPoint>
<DataPoint>1595</DataPoint>
<DataPoint>1584</DataPoint>
<DataPoint>1631</DataPoint>
<DataPoint>1584</DataPoint>
<DataPoint>1626</DataPoint>
<DataPoint>1602</DataPoint>
<DataPoint>1617</DataPoint>
<DataPoint>1586</DataPoint>
<DataPoint>1557</DataPoint>
<DataPoint>1597</DataPoint>
<DataPoint>1540</DataPoint>
<DataPoint>1481</DataPoint>
<DataPoint>1561</DataPoint>
<DataPoint>1546</DataPoint>
<DataPoint>1535</DataPoint>
<DataPoint>1598</DataPoint>
<DataPoint>1561</DataPoint>
<DataPoint>1520</DataPoint>
<DataPoint>1484</DataPoint>
<DataPoint>1451</DataPoint>
<DataPoint>1469</DataPoint>
<DataPoint>1453</DataPoint>
<DataPoint>1390</DataPoint>
<DataPoint>1409</DataPoint>
<DataPoint>1425</DataPoint>
<DataPoint>1477</DataPoint>
<DataPoint>1481</DataPoint>
<DataPoint>1494</DataPoint>
<DataPoint>1574</DataPoint>
<DataPoint>1535</DataPoint>
<DataPoint>1657</DataPoint>
<DataPoint>1687</DataPoint>
<DataPoint>1604</DataPoint>
<DataPoint>1715</DataPoint>
<DataPoint>1662</DataPoint>
<DataPoint>1746</DataPoint>
<DataPoint>1715</DataPoint>
<DataPoint>1721</DataPoint>
<DataPoint>1703</DataPoint>
<DataPoint>1721</DataPoint>
<DataPoint>1702</DataPoint>
<DataPoint>1682</DataPoint>
<DataPoint>1671</DataPoint>
<DataPoint>1593</DataPoint>
<DataPoint>1530</DataPoint>
<DataPoint>1524</DataPoint>
<DataPoint>1486</DataPoint>
<DataPoint>1432</DataPoint>
<DataPoint>1413</DataPoint>
<DataPoint>1308</DataPoint>
<DataPoint>1287</DataPoint>
<DataPoint>1176</DataPoint>
<DataPoint>1197</DataPoint>
<DataPoint>1086</DataPoint>
<DataPoint>1074</DataPoint>
<DataPoint>1075</DataPoint>
<DataPoint>993</DataPoint>
<DataPoint>1007</DataPoint>
<DataPoint>973</DataPoint>
<DataPoint>1001</DataPoint>
<DataPoint>964</DataPoint>
<DataPoint>939</DataPoint>
<DataPoint>913</DataPoint>
<DataPoint>910</DataPoint>
<DataPoint>893</DataPoint>
<DataPoint>821</DataPoint>
<DataPoint>883</DataPoint>
<DataPoint>835</DataPoint>
<DataPoint>869</DataPoint>
<DataPoint>843</DataPoint>
<DataPoint>842</DataPoint>
<DataPoint>846</DataPoint>
<DataPoint>833</DataPoint>
<DataPoint>822</DataPoint>
<DataPoint>830</DataPoint>
<DataPoint>787</DataPoint>
<DataPoint>794</DataPoint>
<DataPoint>802</DataPoint>
<DataPoint>793</DataPoint>
<DataPoint>834</DataPoint>
<DataPoint>801</DataPoint>
<DataPoint>814</DataPoint>
<DataPoint>809</DataPoint>
<DataPoint>822</DataPoint>
<DataPoint>788</DataPoint>
<DataPoint>778</DataPoint>
<DataPoint>789</DataPoint>
<DataPoint>740</DataPoint>
<DataPoint>747</DataPoint>
<DataPoint>704</DataPoint>
<DataPoint>725</DataPoint>
<DataPoint>725</DataPoint>
<DataPoint>712</DataPoint>
<DataPoint>683</DataPoint>
<DataPoint>705</DataPoint>
<DataPoint>686</DataPoint>
<DataPoint>746</DataPoint>
<DataPoint>657</DataPoint>
<DataPoint>663</DataPoint>
<DataPoint>594</DataPoint>
<DataPoint>599</DataPoint>
<DataPoint>626</DataPoint>
<DataPoint>611</DataPoint>
<DataPoint>584</DataPoint>
<DataPoint>584</DataPoint>
<DataPoint>599</DataPoint>
<DataPoint>596</DataPoint>
<DataPoint>531</DataPoint>
<DataPoint>531</DataPoint>
<DataPoint>537</DataPoint>
<DataPoint>521</DataPoint>
<DataPoint>506</DataPoint>
<DataPoint>524</DataPoint>
<DataPoint>520</DataPoint>
<DataPoint>490</DataPoint>
<DataPoint>503</DataPoint>
<DataPoint>510</DataPoint>
<DataPoint>460</DataPoint>
<DataPoint>480</DataPoint>
<DataPoint>469</DataPoint>
<DataPoint>404</DataPoint>
<DataPoint>453</DataPoint>
<DataPoint>428</DataPoint>
<DataPoint>417</DataPoint>
<DataPoint>415</DataPoint>
<DataPoint>394</DataPoint>
<DataPoint>411</DataPoint>
<DataPoint>436</DataPoint>
<DataPoint>413</DataPoint>
<DataPoint>434</DataPoint>
<DataPoint>424</DataPoint>
<DataPoint>437</DataPoint>
<DataPoint>413</DataPoint>
<DataPoint>425</DataPoint>
<DataPoint>408</DataPoint>
<DataPoint>422</DataPoint>
<DataPoint>415</DataPoint>
<DataPoint>471</DataPoint>
<DataPoint>464</DataPoint>
<DataPoint>453</DataPoint>
<DataPoint>469</DataPoint>
<DataPoint>501</DataPoint>
<DataPoint>482</DataPoint>
<DataPoint>525</DataPoint>
<DataPoint>556</DataPoint>
<DataPoint>574</DataPoint>
<DataPoint>581</DataPoint>
<DataPoint>553</DataPoint>
<DataPoint>559</DataPoint>
<DataPoint>626</DataPoint>
<DataPoint>633</DataPoint>
<DataPoint>697</DataPoint>
<DataPoint>675</DataPoint>
<DataPoint>671</DataPoint>
<DataPoint>696</DataPoint>
<DataPoint>640</DataPoint>
<DataPoint>745</DataPoint>
<DataPoint>656</DataPoint>
<DataPoint>665</DataPoint>
<DataPoint>665</DataPoint>
<DataPoint>712</DataPoint>
<DataPoint>651</DataPoint>
<DataPoint>684</DataPoint>
<DataPoint>663</DataPoint>
<DataPoint>605</DataPoint>
<DataPoint>657</DataPoint>
<DataPoint>648</DataPoint>
<DataPoint>661</DataPoint>
<DataPoint>634</DataPoint>
<DataPoint>603</DataPoint>
<DataPoint>599</DataPoint>
<DataPoint>624</DataPoint>
<DataPoint>609</DataPoint>
<DataPoint>568</DataPoint>
<DataPoint>579</DataPoint>
<DataPoint>604</DataPoint>
<DataPoint>523</DataPoint>
<DataPoint>543</DataPoint>
<DataPoint>543</DataPoint>
<DataPoint>498</DataPoint>
<DataPoint>481</DataPoint>
<DataPoint>496</DataPoint>
<DataPoint>459</DataPoint>
<DataPoint>421</DataPoint>
<DataPoint>392</DataPoint>
<DataPoint>420</DataPoint>
<DataPoint>348</DataPoint>
<DataPoint>377</DataPoint>
<DataPoint>368</DataPoint>
<DataPoint>304</DataPoint>
<DataPoint>352</DataPoint>
<DataPoint>292</DataPoint>
<DataPoint>296</DataPoint>
<DataPoint>294</DataPoint>
<DataPoint>259</DataPoint>
<DataPoint>260</DataPoint>
<DataPoint>255</DataPoint>
<DataPoint>266</DataPoint>
<DataPoint>237</DataPoint>
<DataPoint>230</DataPoint>
<DataPoint>232</DataPoint>
<DataPoint>191</DataPoint>
<DataPoint>194</DataPoint>
<DataPoint>185</DataPoint>
<DataPoint>170</DataPoint>
<DataPoint>158</DataPoint>
<DataPoint>166</DataPoint>
<DataPoint>167</DataPoint>
<DataPoint>160</DataPoint>
<DataPoint>170</DataPoint>
<DataPoint>176</DataPoint>
<DataPoint>152</DataPoint>
<DataPoint>176</DataPoint>
<DataPoint>159</DataPoint>
<DataPoint>164</DataPoint>
<DataPoint>154</DataPoint>
<DataPoint>181</DataPoint>
<DataPoint>170</DataPoint>
<DataPoint>162</DataPoint>
<DataPoint>162</DataPoint>
<DataPoint>142</DataPoint>
<DataPoint>141</DataPoint>
<DataPoint>183</DataPoint>
<DataPoint>145</DataPoint>
<DataPoint>152</DataPoint>
<DataPoint>156</DataPoint>
<DataPoint>135</DataPoint>
<DataPoint>143</DataPoint>
<DataPoint>149</DataPoint>
<DataPoint>161</DataPoint>
<DataPoint>127</DataPoint>
<DataPoint>150</DataPoint>
<DataPoint>166</DataPoint>
<DataPoint>148</DataPoint>
<DataPoint>146</DataPoint>
<DataPoint>135</DataPoint>
<DataPoint>162</DataPoint>
<DataPoint>126</DataPoint>
<DataPoint>158</DataPoint>
<DataPoint>159</DataPoint>
<DataPoint>160</DataPoint>
<DataPoint>161</DataPoint>
<DataPoint>139</DataPoint>
<DataPoint>126</DataPoint>
<DataPoint>142</DataPoint>
<DataPoint>136</DataPoint>
<DataPoint>138</DataPoint>
<DataPoint>155</DataPoint>
<DataPoint>137</DataPoint>
<DataPoint>150</DataPoint>
<DataPoint>135</DataPoint>
<DataPoint>122</DataPoint>
<DataPoint>141</DataPoint>
<DataPoint>139</DataPoint>
<DataPoint>143</DataPoint>
<DataPoint>134</DataPoint>
<DataPoint>133</DataPoint>
<DataPoint>142</DataPoint>
<DataPoint>145</DataPoint>
<DataPoint>157</DataPoint>
<DataPoint>137</DataPoint>
<DataPoint>127</DataPoint>
<DataPoint>141</DataPoint>
<DataPoint>155</DataPoint>
<DataPoint>131</DataPoint>
<DataPoint>160</DataPoint>
<DataPoint>123</DataPoint>
<DataPoint>160</DataPoint>
<DataPoint>129</DataPoint>
<DataPoint>144</DataPoint>
<DataPoint>128</DataPoint>
<DataPoint>149</DataPoint>
<DataPoint>138</DataPoint>
<DataPoint>136</DataPoint>
<DataPoint>135</DataPoint>
<DataPoint>123</DataPoint>
<DataPoint>132</DataPoint>
<DataPoint>130</DataPoint>
<DataPoint>119</DataPoint>
<DataPoint>141</DataPoint>
<DataPoint>154</DataPoint>
<DataPoint>163</DataPoint>
<DataPoint>121</DataPoint>
<DataPoint>138</DataPoint>
<DataPoint>145</DataPoint>
<DataPoint>116</DataPoint>
<DataPoint>135</DataPoint>
<DataPoint>122</DataPoint>
<DataPoint>128</DataPoint>
<DataPoint>107</DataPoint>
<DataPoint>118</DataPoint>
<DataPoint>129</DataPoint>
<DataPoint>119</DataPoint>
<DataPoint>125</DataPoint>
<DataPoint>125</DataPoint>
<DataPoint>128</DataPoint>
<DataPoint>123</DataPoint>
<DataPoint>120</DataPoint>
<DataPoint>118</DataPoint>
<DataPoint>128</DataPoint>
<DataPoint>139</DataPoint>
<DataPoint>103</DataPoint>
<DataPoint>108</DataPoint>
<DataPoint>125</DataPoint>
<DataPoint>108</DataPoint>
<DataPoint>118</DataPoint>
<DataPoint>111</DataPoint>
<DataPoint>121</DataPoint>
<DataPoint>117</DataPoint>
<DataPoint>118</DataPoint>
<DataPoint>109</DataPoint>
<DataPoint>103</DataPoint>
<DataPoint>141</DataPoint>
<DataPoint>113</DataPoint>
<DataPoint>103</DataPoint>
<DataPoint>109</DataPoint>
<DataPoint>103</DataPoint>
<DataPoint>96</DataPoint>
<DataPoint>112</DataPoint>
<DataPoint>95</DataPoint>
<DataPoint>107</DataPoint>
<DataPoint>94</DataPoint>
<DataPoint>103</DataPoint>
<DataPoint>105</DataPoint>
<DataPoint>90</DataPoint>
<DataPoint>83</DataPoint>
<DataPoint>103</DataPoint>
<DataPoint>85</DataPoint>
<DataPoint>84</DataPoint>
<DataPoint>79</DataPoint>
<DataPoint>79</DataPoint>
<DataPoint>96</DataPoint>
<DataPoint>105</DataPoint>
<DataPoint>76</DataPoint>
<DataPoint>69</DataPoint>
<DataPoint>99</DataPoint>
<DataPoint>85</DataPoint>
<DataPoint>93</DataPoint>
<DataPoint>83</DataPoint>
<DataPoint>89</DataPoint>
<DataPoint>92</DataPoint>
<DataPoint>94</DataPoint>
<DataPoint>80</DataPoint>
<DataPoint>74</DataPoint>
<DataPoint>80</DataPoint>
<DataPoint>102</DataPoint>
<DataPoint>101</DataPoint>
<DataPoint>99</DataPoint>
<DataPoint>103</DataPoint>
<DataPoint>88</DataPoint>
<DataPoint>108</DataPoint>
<DataPoint>87</DataPoint>
<DataPoint>87</DataPoint>
<DataPoint>98</DataPoint>
<DataPoint>86</DataPoint>
<DataPoint>101</DataPoint>
<DataPoint>82</DataPoint>
<DataPoint>107</DataPoint>
<DataPoint>104</DataPoint>
<DataPoint>118</DataPoint>
<DataPoint>91</DataPoint>
<DataPoint>101</DataPoint>
<DataPoint>115</DataPoint>
<DataPoint>106</DataPoint>
<DataPoint>110</DataPoint>
<DataPoint>108</DataPoint>
<DataPoint>107</DataPoint>
<DataPoint>123</DataPoint>
<DataPoint>123</DataPoint>
<DataPoint>130</DataPoint>
<DataPoint>140</DataPoint>
<DataPoint>135</DataPoint>
<DataPoint>147</DataPoint>
<DataPoint>154</DataPoint>
<DataPoint>155</DataPoint>
<DataPoint>160</DataPoint>
<DataPoint>167</DataPoint>
<DataPoint>170</DataPoint>
<DataPoint>166</DataPoint>
<DataPoint>143</DataPoint>
<DataPoint>179</DataPoint>
<DataPoint>175</DataPoint>
<DataPoint>196</DataPoint>
<DataPoint>172</DataPoint>
<DataPoint>178</DataPoint>
<DataPoint>175</DataPoint>
<DataPoint>212</DataPoint>
<DataPoint>187</DataPoint>
<DataPoint>191</DataPoint>
<DataPoint>182</DataPoint>
<DataPoint>217</DataPoint>
<DataPoint>177</DataPoint>
<DataPoint>179</DataPoint>
<DataPoint>204</DataPoint>
<DataPoint>171</DataPoint>
<DataPoint>184</DataPoint>
<DataPoint>195</DataPoint>
<DataPoint>186</DataPoint>
<DataPoint>160</DataPoint>
<DataPoint>179</DataPoint>
<DataPoint>180</DataPoint>
<DataPoint>158</DataPoint>
<DataPoint>186</DataPoint>
<DataPoint>157</DataPoint>
<DataPoint>162</DataPoint>
<DataPoint>134</DataPoint>
<DataPoint>144</DataPoint>
<DataPoint>122</DataPoint>
<DataPoint>115</DataPoint>
<DataPoint>127</DataPoint>
<DataPoint>127</DataPoint>
<DataPoint>103</DataPoint>
<DataPoint>108</DataPoint>
<DataPoint>110</DataPoint>
<DataPoint>101</DataPoint>
<DataPoint>112</DataPoint>
<DataPoint>102</DataPoint>
<DataPoint>111</DataPoint>
<DataPoint>94</DataPoint>
<DataPoint>79</DataPoint>
<DataPoint>102</DataPoint>
<DataPoint>110</DataPoint>
<DataPoint>78</DataPoint>
<DataPoint>90</DataPoint>
<DataPoint>106</DataPoint>
<DataPoint>79</DataPoint>
<DataPoint>88</DataPoint>
<DataPoint>77</DataPoint>
<DataPoint>77</DataPoint>
<DataPoint>73</DataPoint>
<DataPoint>79</DataPoint>
<DataPoint>70</DataPoint>
<DataPoint>76</DataPoint>
<DataPoint>64</DataPoint>
<DataPoint>75</DataPoint>
<DataPoint>78</DataPoint>
<DataPoint>75</DataPoint>
<DataPoint>63</DataPoint>
<DataPoint>75</DataPoint>
<DataPoint>80</DataPoint>
<DataPoint>71</DataPoint>
<DataPoint>83</DataPoint>
<DataPoint>81</DataPoint>
<DataPoint>62</DataPoint>
<DataPoint>77</DataPoint>
<DataPoint>67</DataPoint>
<DataPoint>64</DataPoint>
<DataPoint>66</DataPoint>
<DataPoint>78</DataPoint>
<DataPoint>77</DataPoint>
<DataPoint>77</DataPoint>
<DataPoint>73</DataPoint>
<DataPoint>81</DataPoint>
<DataPoint>77</DataPoint>
<DataPoint>54</DataPoint>
<DataPoint>59</DataPoint>
<DataPoint>69</DataPoint>
<DataPoint>68</DataPoint>
<DataPoint>70</DataPoint>
<DataPoint>66</DataPoint>
<DataPoint>60</DataPoint>
<DataPoint>77</DataPoint>
<DataPoint>74</DataPoint>
<DataPoint>73</DataPoint>
<DataPoint>71</DataPoint>
<DataPoint>62</DataPoint>
<DataPoint>69</DataPoint>
<DataPoint>69</DataPoint>
<DataPoint>80</DataPoint>
<DataPoint>63</DataPoint>
<DataPoint>80</DataPoint>
<DataPoint>68</DataPoint>
<DataPoint>69</DataPoint>
<DataPoint>65</DataPoint>
<DataPoint>65</DataPoint>
<DataPoint>73</DataPoint>
<DataPoint>70</DataPoint>
<DataPoint>67</DataPoint>
<DataPoint>69</DataPoint>
<DataPoint>61</DataPoint>
<DataPoint>78</DataPoint>
<DataPoint>69</DataPoint>
<DataPoint>63</DataPoint>
<DataPoint>74</DataPoint>
<DataPoint>70</DataPoint>
<DataPoint>63</DataPoint>
<DataPoint>63</DataPoint>
<DataPoint>66</DataPoint>
<DataPoint>63</DataPoint>
<DataPoint>60</DataPoint>
<DataPoint>75</DataPoint>
<DataPoint>62</DataPoint>
<DataPoint>70</DataPoint>
<DataPoint>58</DataPoint>
<DataPoint>58</DataPoint>
<DataPoint>74</DataPoint>
<DataPoint>73</DataPoint>
<DataPoint>71</DataPoint>
<DataPoint>67</DataPoint>
<DataPoint>56</DataPoint>
<DataPoint>60</DataPoint>
<DataPoint>75</DataPoint>
<DataPoint>59</DataPoint>
<DataPoint>63</DataPoint>
<DataPoint>56</DataPoint>
<DataPoint>77</DataPoint>
<DataPoint>64</DataPoint>
<DataPoint>58</DataPoint>
<DataPoint>58</DataPoint>
<DataPoint>49</DataPoint>
<DataPoint>84</DataPoint>
<DataPoint>65</DataPoint>
<DataPoint>61</DataPoint>
<DataPoint>68</DataPoint>
<DataPoint>64</DataPoint>
<DataPoint>62</DataPoint>
<DataPoint>56</DataPoint>
<DataPoint>65</DataPoint>
<DataPoint>62</DataPoint>
<DataPoint>53</DataPoint>
<DataPoint>63</DataPoint>
<DataPoint>65</DataPoint>
<DataPoint>69</DataPoint>
<DataPoint>64</DataPoint>
<DataPoint>64</DataPoint>
<DataPoint>66</DataPoint>
<DataPoint>59</DataPoint>
<DataPoint>62</DataPoint>
<DataPoint>75</DataPoint>
<DataPoint>62</DataPoint>
<DataPoint>63</DataPoint>
<DataPoint>76</DataPoint>
<DataPoint>85</DataPoint>
<DataPoint>59</DataPoint>
<DataPoint>65</DataPoint>
<DataPoint>74</DataPoint>
<DataPoint>58</DataPoint>
<DataPoint>66</DataPoint>
<DataPoint>74</DataPoint>
<DataPoint>71</DataPoint>
<DataPoint>64</DataPoint>
<DataPoint>84</DataPoint>
<DataPoint>66</DataPoint>
<DataPoint>66</DataPoint>
<DataPoint>63</DataPoint>
<DataPoint>73</DataPoint>
<DataPoint>75</DataPoint>
<DataPoint>69</DataPoint>
<DataPoint>65</DataPoint>
<DataPoint>94</DataPoint>
<DataPoint>70</DataPoint>
<DataPoint>70</DataPoint>
<DataPoint>83</DataPoint>
<DataPoint>71</DataPoint>
<DataPoint>69</DataPoint>
<DataPoint>67</DataPoint>
<DataPoint>66</DataPoint>
<DataPoint>82</DataPoint>
<DataPoint>75</DataPoint>
<DataPoint>70</DataPoint>
<DataPoint>71</DataPoint>
<DataPoint>75</DataPoint>
<DataPoint>79</DataPoint>
<DataPoint>73</DataPoint>
<DataPoint>75</DataPoint>
<DataPoint>75</DataPoint>
<DataPoint>106</DataPoint>
<DataPoint>84</DataPoint>
<DataPoint>79</DataPoint>
<DataPoint>85</DataPoint>
<DataPoint>60</DataPoint>
<DataPoint>68</DataPoint>
<DataPoint>74</DataPoint>
<DataPoint>68</DataPoint>
<DataPoint>72</DataPoint>
<DataPoint>63</DataPoint>
<DataPoint>77</DataPoint>
<DataPoint>92</DataPoint>
<DataPoint>79</DataPoint>
<DataPoint>59</DataPoint>
<DataPoint>72</DataPoint>
<DataPoint>88</DataPoint>
<DataPoint>64</DataPoint>
<DataPoint>85</DataPoint>
<DataPoint>74</DataPoint>
<DataPoint>64</DataPoint>
<DataPoint>71</DataPoint>
<DataPoint>70</DataPoint>
<DataPoint>63</DataPoint>
<DataPoint>68</DataPoint>
<DataPoint>68</DataPoint>
<DataPoint>75</DataPoint>
<DataPoint>74</DataPoint>
<DataPoint>83</DataPoint>
<DataPoint>67</DataPoint>
<DataPoint>79</DataPoint>
<DataPoint>71</DataPoint>
<DataPoint>77</DataPoint>
<DataPoint>89</DataPoint>
<DataPoint>57</DataPoint>
<DataPoint>64</DataPoint>
<DataPoint>79</DataPoint>
<DataPoint>70</DataPoint>
<DataPoint>79</DataPoint>
<DataPoint>67</DataPoint>
<DataPoint>60</DataPoint>
<DataPoint>58</DataPoint>
<DataPoint>78</DataPoint>
<DataPoint>87</DataPoint>
<DataPoint>79</DataPoint>
<DataPoint>77</DataPoint>
<DataPoint>77</DataPoint>
<DataPoint>65</DataPoint>
<DataPoint>71</DataPoint>
<DataPoint>66</DataPoint>
<DataPoint>75</DataPoint>
<DataPoint>56</DataPoint>
<DataPoint>68</DataPoint>
<DataPoint>72</DataPoint>
<DataPoint>79</DataPoint>
<DataPoint>57</DataPoint>
<DataPoint>74</DataPoint>
<DataPoint>71</DataPoint>
<DataPoint>60</DataPoint>
<DataPoint>67</DataPoint>
<DataPoint>56</DataPoint>
<DataPoint>61</DataPoint>
<DataPoint>72</DataPoint>
<DataPoint>71</DataPoint>
<DataPoint>73</DataPoint>
<DataPoint>73</DataPoint>
<DataPoint>65</DataPoint>
<DataPoint>67</DataPoint>
<DataPoint>62</DataPoint>
<DataPoint>66</DataPoint>
<DataPoint>53</DataPoint>
<DataPoint>61</DataPoint>
<DataPoint>50</DataPoint>
<DataPoint>52</DataPoint>
<DataPoint>48</DataPoint>
<DataPoint>55</DataPoint>
<DataPoint>65</DataPoint>
<DataPoint>53</DataPoint>
<DataPoint>50</DataPoint>
<DataPoint>48</DataPoint>
<DataPoint>54</DataPoint>
<DataPoint>51</DataPoint>
<DataPoint>33</DataPoint>
<DataPoint>51</DataPoint>
<DataPoint>41</DataPoint>
<DataPoint>37</DataPoint>
<DataPoint>46</DataPoint>
<DataPoint>35</DataPoint>
<DataPoint>39</DataPoint>
<DataPoint>36</DataPoint>
<DataPoint>39</DataPoint>
<DataPoint>32</DataPoint>
<DataPoint>29</DataPoint>
<DataPoint>30</DataPoint>
<DataPoint>26</DataPoint>
<DataPoint>29</DataPoint>
<DataPoint>22</DataPoint>
<DataPoint>21</DataPoint>
<DataPoint>20</DataPoint>
<DataPoint>24</DataPoint>
<DataPoint>27</DataPoint>
<DataPoint>24</DataPoint>
<DataPoint>21</DataPoint>
<DataPoint>13</DataPoint>
<DataPoint>26</DataPoint>
<DataPoint>10</DataPoint>
<DataPoint>21</DataPoint>
<DataPoint>18</DataPoint>
<DataPoint>15</DataPoint>
<DataPoint>7</DataPoint>
<DataPoint>16</DataPoint>
<DataPoint>12</DataPoint>
<DataPoint>11</DataPoint>
<DataPoint>13</DataPoint>
<DataPoint>15</DataPoint>
<DataPoint>11</DataPoint>
<DataPoint>13</DataPoint>
<DataPoint>23</DataPoint>
<DataPoint>24</DataPoint>
<DataPoint>15</DataPoint>
<DataPoint>23</DataPoint>
<DataPoint>15</DataPoint>
<DataPoint>18</DataPoint>
<DataPoint>14</DataPoint>
<DataPoint>16</DataPoint>
<DataPoint>19</DataPoint>
<DataPoint>17</DataPoint>
<DataPoint>30</DataPoint>
<DataPoint>16</DataPoint>
<DataPoint>17</DataPoint>
<DataPoint>23</DataPoint>
<DataPoint>18</DataPoint>
<DataPoint>30</DataPoint>
<DataPoint>13</DataPoint>
<DataPoint>24</DataPoint>
<DataPoint>23</DataPoint>
<DataPoint>22</DataPoint>
<DataPoint>30</DataPoint>
<DataPoint>28</DataPoint>
<DataPoint>34</DataPoint>
<DataPoint>23</DataPoint>
<DataPoint>34</DataPoint>
<DataPoint>36</DataPoint>
<DataPoint>27</DataPoint>
<DataPoint>29</DataPoint>
<DataPoint>32</DataPoint>
<DataPoint>26</DataPoint>
<DataPoint>30</DataPoint>
<DataPoint>37</DataPoint>
<DataPoint>41</DataPoint>
<DataPoint>36</DataPoint>
<DataPoint>37</DataPoint>
<DataPoint>43</DataPoint>
<DataPoint>37</DataPoint>
<DataPoint>37</DataPoint>
<DataPoint>47</DataPoint>
<DataPoint>31</DataPoint>
<DataPoint>41</DataPoint>
<DataPoint>31</DataPoint>
<DataPoint>29</DataPoint>
<DataPoint>38</DataPoint>
<DataPoint>49</DataPoint>
<DataPoint>25</DataPoint>
<DataPoint>23</DataPoint>
<DataPoint>29</DataPoint>
<DataPoint>33</DataPoint>
<DataPoint>22</DataPoint>
<DataPoint>29</DataPoint>
<DataPoint>30</DataPoint>
<DataPoint>30</DataPoint>
<DataPoint>31</DataPoint>
<DataPoint>29</DataPoint>
<DataPoint>27</DataPoint>
<DataPoint>27</DataPoint>
<DataPoint>21</DataPoint>
<DataPoint>28</DataPoint>
<DataPoint>24</DataPoint>
<DataPoint>16</DataPoint>
<DataPoint>26</DataPoint>
<DataPoint>15</DataPoint>
<DataPoint>22</DataPoint>
<DataPoint>25</DataPoint>
<DataPoint>14</DataPoint>
<DataPoint>15</DataPoint>
<DataPoint>10</DataPoint>
<DataPoint>12</DataPoint>
<DataPoint>13</DataPoint>
<DataPoint>7</DataPoint>
<DataPoint>9</DataPoint>
<DataPoint>7</DataPoint>
<DataPoint>5</DataPoint>
<DataPoint>4</DataPoint>
<DataPoint>9</DataPoint>
<DataPoint>5</DataPoint>
<DataPoint>4</DataPoint>
<DataPoint>10</DataPoint>
<DataPoint>8</DataPoint>
<DataPoint>7</DataPoint>
<DataPoint>7</DataPoint>
<DataPoint>10</DataPoint>
<DataPoint>5</DataPoint>
<DataPoint>8</DataPoint>
<DataPoint>10</DataPoint>
<DataPoint>5</DataPoint>
<DataPoint>5</DataPoint>
<DataPoint>6</DataPoint>
<DataPoint>4</DataPoint>
<DataPoint>8</DataPoint>
<DataPoint>4</DataPoint>
<DataPoint>1</DataPoint>
<DataPoint>4</DataPoint>
<DataPoint>2</DataPoint>
<DataPoint>5</DataPoint>
<DataPoint>1</DataPoint>
<DataPoint>2</DataPoint>
<DataPoint>6</DataPoint>
<DataPoint>1</DataPoint>
<DataPoint>5</DataPoint>
<DataPoint>4</DataPoint>
<DataPoint>3</DataPoint>
<DataPoint>4</DataPoint>
<DataPoint>2</DataPoint>
<DataPoint>1</DataPoint>
<DataPoint>3</DataPoint>
<DataPoint>5</DataPoint>
<DataPoint>1</DataPoint>
<DataPoint>1</DataPoint>
<DataPoint>1</DataPoint>
<DataPoint>3</DataPoint>
<DataPoint>1</DataPoint>
<DataPoint>1</DataPoint>
<DataPoint>3</DataPoint>
<DataPoint>0</DataPoint>
<DataPoint>2</DataPoint>
<DataPoint>1</DataPoint>
<DataPoint>5</DataPoint>
<DataPoint>3</DataPoint>
<DataPoint>2</DataPoint>
<DataPoint>1</DataPoint>
<DataPoint>1</DataPoint>
<DataPoint>1</DataPoint>
<DataPoint>2</DataPoint>
<DataPoint>0</DataPoint>
<DataPoint>1</DataPoint>
<DataPoint>3</DataPoint>
<DataPoint>0</DataPoint>
<DataPoint>1</DataPoint>
<DataPoint>0</DataPoint>
<DataPoint>3</DataPoint>
<DataPoint>3</DataPoint>
<DataPoint>0</DataPoint>
<DataPoint>2</DataPoint>
<DataPoint>2</DataPoint>
<DataPoint>1</DataPoint>
<DataPoint>2</DataPoint>
<DataPoint>0</DataPoint>
<DataPoint>0</DataPoint>
<DataPoint>1</DataPoint>
<DataPoint>1</DataPoint>
<DataPoint>0</DataPoint>
<DataPoint>1</DataPoint>
<DataPoint>2</DataPoint>
<DataPoint>0</DataPoint>
<DataPoint>0</DataPoint>
<DataPoint>5</DataPoint>
<DataPoint>1</DataPoint>
<DataPoint>0</DataPoint>
<DataPoint>1</DataPoint>
<DataPoint>0</DataPoint>
<DataPoint>0</DataPoint>
<DataPoint>433</DataPoint>

  </Spectrum>
 </EnergySpectrum>


      

      <Visible>true</Visible>
      <PulseCollection>
        <Format>Base64 encoded binary</Format>
        <Pulses />
      </PulseCollection>
    </ResultData>
  </ResultDataList>
</ResultDataFile>
