<?xml version="1.0"?>
<ResultDataFile xmlns:xsd="http://www.w3.org/2001/XMLSchema" xmlns:xsi="http://www.w3.org/2001/XMLSchema-instance">
  <FormatVersion>120920</FormatVersion>
  <ResultDataList>
    <ResultData>
      <DeviceConfigReference>
        <Name>RadiaCode-101</Name>
      </DeviceConfigReference>
      <SampleInfo>
        <Name><![CDATA[102  Thoriated gas lantern mantles shielded]]></Name>
        <Note><![CDATA[2mm plastic shielding]]></Note>
      </SampleInfo>
      <BackgroundSpectrumFile></BackgroundSpectrumFile>

       <StartTime>2023-12-17T14:43:07</StartTime>
 <EndTime>2023-12-17T23:08:30</EndTime>

 <EnergySpectrum>
  <NumberOfChannels>1024</NumberOfChannels>
  <ChannelPitch>1</ChannelPitch>
  <SpectrumName><![CDATA[102  Thoriated gas lantern mantles shielded]]></SpectrumName>
  <Comment>326D6D20706C617374696320736869656C64696E67</Comment>
  <SerialNumber>RC-102-000509</SerialNumber>
  <EnergyCalibration>
    <PolynomialOrder>2</PolynomialOrder>
    <Coefficients>
      <Coefficient>-9.479599</Coefficient>
      <Coefficient>2.5046651</Coefficient>
      <Coefficient>3.898E-4</Coefficient>
    </Coefficients>
  </EnergyCalibration>
  <MeasurementTime>30323</MeasurementTime>
  <Spectrum>
    <DataPoint>2</DataPoint>
<DataPoint>7</DataPoint>
<DataPoint>1053</DataPoint>
<DataPoint>10565</DataPoint>
<DataPoint>17554</DataPoint>
<DataPoint>10672</DataPoint>
<DataPoint>7820</DataPoint>
<DataPoint>9851</DataPoint>
<DataPoint>10858</DataPoint>
<DataPoint>10104</DataPoint>
<DataPoint>8809</DataPoint>
<DataPoint>8067</DataPoint>
<DataPoint>7721</DataPoint>
<DataPoint>7941</DataPoint>
<DataPoint>8216</DataPoint>
<DataPoint>8798</DataPoint>
<DataPoint>9754</DataPoint>
<DataPoint>10605</DataPoint>
<DataPoint>11652</DataPoint>
<DataPoint>12633</DataPoint>
<DataPoint>13045</DataPoint>
<DataPoint>13080</DataPoint>
<DataPoint>12942</DataPoint>
<DataPoint>12581</DataPoint>
<DataPoint>12883</DataPoint>
<DataPoint>13230</DataPoint>
<DataPoint>14207</DataPoint>
<DataPoint>15651</DataPoint>
<DataPoint>17750</DataPoint>
<DataPoint>20762</DataPoint>
<DataPoint>24659</DataPoint>
<DataPoint>29828</DataPoint>
<DataPoint>35667</DataPoint>
<DataPoint>40978</DataPoint>
<DataPoint>45277</DataPoint>
<DataPoint>47972</DataPoint>
<DataPoint>48614</DataPoint>
<DataPoint>47053</DataPoint>
<DataPoint>43997</DataPoint>
<DataPoint>40610</DataPoint>
<DataPoint>36755</DataPoint>
<DataPoint>32492</DataPoint>
<DataPoint>28884</DataPoint>
<DataPoint>25050</DataPoint>
<DataPoint>21689</DataPoint>
<DataPoint>18855</DataPoint>
<DataPoint>16186</DataPoint>
<DataPoint>14237</DataPoint>
<DataPoint>12496</DataPoint>
<DataPoint>11510</DataPoint>
<DataPoint>10628</DataPoint>
<DataPoint>9947</DataPoint>
<DataPoint>9512</DataPoint>
<DataPoint>9296</DataPoint>
<DataPoint>9516</DataPoint>
<DataPoint>9288</DataPoint>
<DataPoint>9312</DataPoint>
<DataPoint>9166</DataPoint>
<DataPoint>8757</DataPoint>
<DataPoint>8477</DataPoint>
<DataPoint>8090</DataPoint>
<DataPoint>7864</DataPoint>
<DataPoint>7434</DataPoint>
<DataPoint>7193</DataPoint>
<DataPoint>6712</DataPoint>
<DataPoint>6584</DataPoint>
<DataPoint>6240</DataPoint>
<DataPoint>6130</DataPoint>
<DataPoint>6070</DataPoint>
<DataPoint>5757</DataPoint>
<DataPoint>5625</DataPoint>
<DataPoint>5736</DataPoint>
<DataPoint>5268</DataPoint>
<DataPoint>5239</DataPoint>
<DataPoint>5169</DataPoint>
<DataPoint>5231</DataPoint>
<DataPoint>5262</DataPoint>
<DataPoint>5280</DataPoint>
<DataPoint>5324</DataPoint>
<DataPoint>5310</DataPoint>
<DataPoint>5497</DataPoint>
<DataPoint>5702</DataPoint>
<DataPoint>5875</DataPoint>
<DataPoint>6013</DataPoint>
<DataPoint>6608</DataPoint>
<DataPoint>6614</DataPoint>
<DataPoint>7143</DataPoint>
<DataPoint>7312</DataPoint>
<DataPoint>7985</DataPoint>
<DataPoint>8533</DataPoint>
<DataPoint>9348</DataPoint>
<DataPoint>10040</DataPoint>
<DataPoint>11052</DataPoint>
<DataPoint>11998</DataPoint>
<DataPoint>13137</DataPoint>
<DataPoint>14040</DataPoint>
<DataPoint>14801</DataPoint>
<DataPoint>15471</DataPoint>
<DataPoint>15928</DataPoint>
<DataPoint>15753</DataPoint>
<DataPoint>15386</DataPoint>
<DataPoint>14793</DataPoint>
<DataPoint>14047</DataPoint>
<DataPoint>12939</DataPoint>
<DataPoint>11929</DataPoint>
<DataPoint>10715</DataPoint>
<DataPoint>9392</DataPoint>
<DataPoint>8447</DataPoint>
<DataPoint>7404</DataPoint>
<DataPoint>6554</DataPoint>
<DataPoint>5818</DataPoint>
<DataPoint>5136</DataPoint>
<DataPoint>4815</DataPoint>
<DataPoint>4350</DataPoint>
<DataPoint>4080</DataPoint>
<DataPoint>3680</DataPoint>
<DataPoint>3750</DataPoint>
<DataPoint>3549</DataPoint>
<DataPoint>3423</DataPoint>
<DataPoint>3283</DataPoint>
<DataPoint>3192</DataPoint>
<DataPoint>3208</DataPoint>
<DataPoint>3116</DataPoint>
<DataPoint>3108</DataPoint>
<DataPoint>3013</DataPoint>
<DataPoint>3122</DataPoint>
<DataPoint>3023</DataPoint>
<DataPoint>3090</DataPoint>
<DataPoint>3062</DataPoint>
<DataPoint>3123</DataPoint>
<DataPoint>3329</DataPoint>
<DataPoint>3196</DataPoint>
<DataPoint>3276</DataPoint>
<DataPoint>3299</DataPoint>
<DataPoint>3414</DataPoint>
<DataPoint>3316</DataPoint>
<DataPoint>3239</DataPoint>
<DataPoint>3224</DataPoint>
<DataPoint>3233</DataPoint>
<DataPoint>3157</DataPoint>
<DataPoint>2845</DataPoint>
<DataPoint>2767</DataPoint>
<DataPoint>2606</DataPoint>
<DataPoint>2513</DataPoint>
<DataPoint>2356</DataPoint>
<DataPoint>2208</DataPoint>
<DataPoint>2069</DataPoint>
<DataPoint>1980</DataPoint>
<DataPoint>1783</DataPoint>
<DataPoint>1627</DataPoint>
<DataPoint>1617</DataPoint>
<DataPoint>1598</DataPoint>
<DataPoint>1415</DataPoint>
<DataPoint>1384</DataPoint>
<DataPoint>1389</DataPoint>
<DataPoint>1355</DataPoint>
<DataPoint>1326</DataPoint>
<DataPoint>1276</DataPoint>
<DataPoint>1251</DataPoint>
<DataPoint>1248</DataPoint>
<DataPoint>1179</DataPoint>
<DataPoint>1219</DataPoint>
<DataPoint>1207</DataPoint>
<DataPoint>1164</DataPoint>
<DataPoint>1121</DataPoint>
<DataPoint>1139</DataPoint>
<DataPoint>1078</DataPoint>
<DataPoint>1162</DataPoint>
<DataPoint>1121</DataPoint>
<DataPoint>1090</DataPoint>
<DataPoint>1081</DataPoint>
<DataPoint>1056</DataPoint>
<DataPoint>1081</DataPoint>
<DataPoint>1104</DataPoint>
<DataPoint>1120</DataPoint>
<DataPoint>1088</DataPoint>
<DataPoint>1080</DataPoint>
<DataPoint>1056</DataPoint>
<DataPoint>1150</DataPoint>
<DataPoint>1097</DataPoint>
<DataPoint>1103</DataPoint>
<DataPoint>1149</DataPoint>
<DataPoint>1147</DataPoint>
<DataPoint>1146</DataPoint>
<DataPoint>1028</DataPoint>
<DataPoint>1067</DataPoint>
<DataPoint>1150</DataPoint>
<DataPoint>1193</DataPoint>
<DataPoint>1131</DataPoint>
<DataPoint>1197</DataPoint>
<DataPoint>1174</DataPoint>
<DataPoint>1157</DataPoint>
<DataPoint>1129</DataPoint>
<DataPoint>1184</DataPoint>
<DataPoint>1154</DataPoint>
<DataPoint>1148</DataPoint>
<DataPoint>1202</DataPoint>
<DataPoint>1248</DataPoint>
<DataPoint>1111</DataPoint>
<DataPoint>1198</DataPoint>
<DataPoint>1184</DataPoint>
<DataPoint>1150</DataPoint>
<DataPoint>1150</DataPoint>
<DataPoint>1209</DataPoint>
<DataPoint>1133</DataPoint>
<DataPoint>1172</DataPoint>
<DataPoint>1186</DataPoint>
<DataPoint>1111</DataPoint>
<DataPoint>1118</DataPoint>
<DataPoint>1144</DataPoint>
<DataPoint>1151</DataPoint>
<DataPoint>1174</DataPoint>
<DataPoint>1217</DataPoint>
<DataPoint>1129</DataPoint>
<DataPoint>1180</DataPoint>
<DataPoint>1195</DataPoint>
<DataPoint>1270</DataPoint>
<DataPoint>1271</DataPoint>
<DataPoint>1274</DataPoint>
<DataPoint>1352</DataPoint>
<DataPoint>1450</DataPoint>
<DataPoint>1470</DataPoint>
<DataPoint>1541</DataPoint>
<DataPoint>1556</DataPoint>
<DataPoint>1503</DataPoint>
<DataPoint>1608</DataPoint>
<DataPoint>1566</DataPoint>
<DataPoint>1626</DataPoint>
<DataPoint>1563</DataPoint>
<DataPoint>1611</DataPoint>
<DataPoint>1564</DataPoint>
<DataPoint>1541</DataPoint>
<DataPoint>1478</DataPoint>
<DataPoint>1436</DataPoint>
<DataPoint>1354</DataPoint>
<DataPoint>1328</DataPoint>
<DataPoint>1296</DataPoint>
<DataPoint>1179</DataPoint>
<DataPoint>1201</DataPoint>
<DataPoint>1064</DataPoint>
<DataPoint>998</DataPoint>
<DataPoint>1002</DataPoint>
<DataPoint>955</DataPoint>
<DataPoint>909</DataPoint>
<DataPoint>858</DataPoint>
<DataPoint>806</DataPoint>
<DataPoint>739</DataPoint>
<DataPoint>742</DataPoint>
<DataPoint>752</DataPoint>
<DataPoint>664</DataPoint>
<DataPoint>746</DataPoint>
<DataPoint>613</DataPoint>
<DataPoint>673</DataPoint>
<DataPoint>664</DataPoint>
<DataPoint>649</DataPoint>
<DataPoint>637</DataPoint>
<DataPoint>599</DataPoint>
<DataPoint>621</DataPoint>
<DataPoint>624</DataPoint>
<DataPoint>625</DataPoint>
<DataPoint>623</DataPoint>
<DataPoint>611</DataPoint>
<DataPoint>636</DataPoint>
<DataPoint>599</DataPoint>
<DataPoint>609</DataPoint>
<DataPoint>573</DataPoint>
<DataPoint>591</DataPoint>
<DataPoint>586</DataPoint>
<DataPoint>622</DataPoint>
<DataPoint>605</DataPoint>
<DataPoint>599</DataPoint>
<DataPoint>638</DataPoint>
<DataPoint>602</DataPoint>
<DataPoint>569</DataPoint>
<DataPoint>630</DataPoint>
<DataPoint>577</DataPoint>
<DataPoint>571</DataPoint>
<DataPoint>552</DataPoint>
<DataPoint>593</DataPoint>
<DataPoint>578</DataPoint>
<DataPoint>520</DataPoint>
<DataPoint>528</DataPoint>
<DataPoint>612</DataPoint>
<DataPoint>543</DataPoint>
<DataPoint>526</DataPoint>
<DataPoint>513</DataPoint>
<DataPoint>531</DataPoint>
<DataPoint>474</DataPoint>
<DataPoint>518</DataPoint>
<DataPoint>505</DataPoint>
<DataPoint>483</DataPoint>
<DataPoint>461</DataPoint>
<DataPoint>472</DataPoint>
<DataPoint>466</DataPoint>
<DataPoint>426</DataPoint>
<DataPoint>446</DataPoint>
<DataPoint>437</DataPoint>
<DataPoint>424</DataPoint>
<DataPoint>400</DataPoint>
<DataPoint>420</DataPoint>
<DataPoint>401</DataPoint>
<DataPoint>400</DataPoint>
<DataPoint>381</DataPoint>
<DataPoint>347</DataPoint>
<DataPoint>341</DataPoint>
<DataPoint>347</DataPoint>
<DataPoint>348</DataPoint>
<DataPoint>333</DataPoint>
<DataPoint>335</DataPoint>
<DataPoint>329</DataPoint>
<DataPoint>315</DataPoint>
<DataPoint>306</DataPoint>
<DataPoint>317</DataPoint>
<DataPoint>289</DataPoint>
<DataPoint>326</DataPoint>
<DataPoint>283</DataPoint>
<DataPoint>305</DataPoint>
<DataPoint>325</DataPoint>
<DataPoint>298</DataPoint>
<DataPoint>294</DataPoint>
<DataPoint>278</DataPoint>
<DataPoint>322</DataPoint>
<DataPoint>312</DataPoint>
<DataPoint>282</DataPoint>
<DataPoint>334</DataPoint>
<DataPoint>344</DataPoint>
<DataPoint>349</DataPoint>
<DataPoint>337</DataPoint>
<DataPoint>314</DataPoint>
<DataPoint>351</DataPoint>
<DataPoint>371</DataPoint>
<DataPoint>388</DataPoint>
<DataPoint>423</DataPoint>
<DataPoint>384</DataPoint>
<DataPoint>423</DataPoint>
<DataPoint>401</DataPoint>
<DataPoint>438</DataPoint>
<DataPoint>406</DataPoint>
<DataPoint>456</DataPoint>
<DataPoint>465</DataPoint>
<DataPoint>457</DataPoint>
<DataPoint>468</DataPoint>
<DataPoint>483</DataPoint>
<DataPoint>476</DataPoint>
<DataPoint>490</DataPoint>
<DataPoint>509</DataPoint>
<DataPoint>487</DataPoint>
<DataPoint>489</DataPoint>
<DataPoint>494</DataPoint>
<DataPoint>468</DataPoint>
<DataPoint>503</DataPoint>
<DataPoint>533</DataPoint>
<DataPoint>450</DataPoint>
<DataPoint>498</DataPoint>
<DataPoint>503</DataPoint>
<DataPoint>493</DataPoint>
<DataPoint>434</DataPoint>
<DataPoint>457</DataPoint>
<DataPoint>448</DataPoint>
<DataPoint>463</DataPoint>
<DataPoint>429</DataPoint>
<DataPoint>418</DataPoint>
<DataPoint>422</DataPoint>
<DataPoint>415</DataPoint>
<DataPoint>408</DataPoint>
<DataPoint>387</DataPoint>
<DataPoint>395</DataPoint>
<DataPoint>392</DataPoint>
<DataPoint>385</DataPoint>
<DataPoint>365</DataPoint>
<DataPoint>350</DataPoint>
<DataPoint>329</DataPoint>
<DataPoint>331</DataPoint>
<DataPoint>313</DataPoint>
<DataPoint>321</DataPoint>
<DataPoint>282</DataPoint>
<DataPoint>255</DataPoint>
<DataPoint>270</DataPoint>
<DataPoint>255</DataPoint>
<DataPoint>251</DataPoint>
<DataPoint>228</DataPoint>
<DataPoint>248</DataPoint>
<DataPoint>224</DataPoint>
<DataPoint>234</DataPoint>
<DataPoint>210</DataPoint>
<DataPoint>178</DataPoint>
<DataPoint>160</DataPoint>
<DataPoint>177</DataPoint>
<DataPoint>164</DataPoint>
<DataPoint>182</DataPoint>
<DataPoint>166</DataPoint>
<DataPoint>154</DataPoint>
<DataPoint>145</DataPoint>
<DataPoint>148</DataPoint>
<DataPoint>145</DataPoint>
<DataPoint>144</DataPoint>
<DataPoint>148</DataPoint>
<DataPoint>125</DataPoint>
<DataPoint>121</DataPoint>
<DataPoint>126</DataPoint>
<DataPoint>121</DataPoint>
<DataPoint>122</DataPoint>
<DataPoint>126</DataPoint>
<DataPoint>115</DataPoint>
<DataPoint>130</DataPoint>
<DataPoint>134</DataPoint>
<DataPoint>135</DataPoint>
<DataPoint>116</DataPoint>
<DataPoint>125</DataPoint>
<DataPoint>133</DataPoint>
<DataPoint>118</DataPoint>
<DataPoint>119</DataPoint>
<DataPoint>131</DataPoint>
<DataPoint>121</DataPoint>
<DataPoint>139</DataPoint>
<DataPoint>112</DataPoint>
<DataPoint>125</DataPoint>
<DataPoint>126</DataPoint>
<DataPoint>131</DataPoint>
<DataPoint>123</DataPoint>
<DataPoint>129</DataPoint>
<DataPoint>112</DataPoint>
<DataPoint>102</DataPoint>
<DataPoint>129</DataPoint>
<DataPoint>107</DataPoint>
<DataPoint>104</DataPoint>
<DataPoint>92</DataPoint>
<DataPoint>105</DataPoint>
<DataPoint>112</DataPoint>
<DataPoint>103</DataPoint>
<DataPoint>109</DataPoint>
<DataPoint>116</DataPoint>
<DataPoint>122</DataPoint>
<DataPoint>72</DataPoint>
<DataPoint>111</DataPoint>
<DataPoint>112</DataPoint>
<DataPoint>113</DataPoint>
<DataPoint>124</DataPoint>
<DataPoint>126</DataPoint>
<DataPoint>105</DataPoint>
<DataPoint>93</DataPoint>
<DataPoint>100</DataPoint>
<DataPoint>105</DataPoint>
<DataPoint>116</DataPoint>
<DataPoint>115</DataPoint>
<DataPoint>114</DataPoint>
<DataPoint>97</DataPoint>
<DataPoint>115</DataPoint>
<DataPoint>109</DataPoint>
<DataPoint>90</DataPoint>
<DataPoint>84</DataPoint>
<DataPoint>102</DataPoint>
<DataPoint>128</DataPoint>
<DataPoint>123</DataPoint>
<DataPoint>105</DataPoint>
<DataPoint>124</DataPoint>
<DataPoint>104</DataPoint>
<DataPoint>103</DataPoint>
<DataPoint>97</DataPoint>
<DataPoint>123</DataPoint>
<DataPoint>107</DataPoint>
<DataPoint>105</DataPoint>
<DataPoint>123</DataPoint>
<DataPoint>120</DataPoint>
<DataPoint>96</DataPoint>
<DataPoint>100</DataPoint>
<DataPoint>104</DataPoint>
<DataPoint>89</DataPoint>
<DataPoint>108</DataPoint>
<DataPoint>90</DataPoint>
<DataPoint>111</DataPoint>
<DataPoint>105</DataPoint>
<DataPoint>97</DataPoint>
<DataPoint>106</DataPoint>
<DataPoint>96</DataPoint>
<DataPoint>108</DataPoint>
<DataPoint>94</DataPoint>
<DataPoint>116</DataPoint>
<DataPoint>88</DataPoint>
<DataPoint>101</DataPoint>
<DataPoint>101</DataPoint>
<DataPoint>80</DataPoint>
<DataPoint>95</DataPoint>
<DataPoint>107</DataPoint>
<DataPoint>118</DataPoint>
<DataPoint>114</DataPoint>
<DataPoint>107</DataPoint>
<DataPoint>107</DataPoint>
<DataPoint>88</DataPoint>
<DataPoint>90</DataPoint>
<DataPoint>103</DataPoint>
<DataPoint>95</DataPoint>
<DataPoint>94</DataPoint>
<DataPoint>105</DataPoint>
<DataPoint>97</DataPoint>
<DataPoint>70</DataPoint>
<DataPoint>93</DataPoint>
<DataPoint>80</DataPoint>
<DataPoint>88</DataPoint>
<DataPoint>108</DataPoint>
<DataPoint>72</DataPoint>
<DataPoint>96</DataPoint>
<DataPoint>79</DataPoint>
<DataPoint>105</DataPoint>
<DataPoint>95</DataPoint>
<DataPoint>100</DataPoint>
<DataPoint>92</DataPoint>
<DataPoint>87</DataPoint>
<DataPoint>81</DataPoint>
<DataPoint>99</DataPoint>
<DataPoint>80</DataPoint>
<DataPoint>92</DataPoint>
<DataPoint>95</DataPoint>
<DataPoint>68</DataPoint>
<DataPoint>81</DataPoint>
<DataPoint>74</DataPoint>
<DataPoint>75</DataPoint>
<DataPoint>85</DataPoint>
<DataPoint>101</DataPoint>
<DataPoint>89</DataPoint>
<DataPoint>93</DataPoint>
<DataPoint>87</DataPoint>
<DataPoint>89</DataPoint>
<DataPoint>81</DataPoint>
<DataPoint>85</DataPoint>
<DataPoint>75</DataPoint>
<DataPoint>73</DataPoint>
<DataPoint>92</DataPoint>
<DataPoint>81</DataPoint>
<DataPoint>86</DataPoint>
<DataPoint>83</DataPoint>
<DataPoint>67</DataPoint>
<DataPoint>69</DataPoint>
<DataPoint>75</DataPoint>
<DataPoint>66</DataPoint>
<DataPoint>78</DataPoint>
<DataPoint>67</DataPoint>
<DataPoint>85</DataPoint>
<DataPoint>62</DataPoint>
<DataPoint>85</DataPoint>
<DataPoint>73</DataPoint>
<DataPoint>69</DataPoint>
<DataPoint>79</DataPoint>
<DataPoint>72</DataPoint>
<DataPoint>76</DataPoint>
<DataPoint>73</DataPoint>
<DataPoint>85</DataPoint>
<DataPoint>86</DataPoint>
<DataPoint>85</DataPoint>
<DataPoint>81</DataPoint>
<DataPoint>92</DataPoint>
<DataPoint>94</DataPoint>
<DataPoint>96</DataPoint>
<DataPoint>120</DataPoint>
<DataPoint>85</DataPoint>
<DataPoint>103</DataPoint>
<DataPoint>112</DataPoint>
<DataPoint>105</DataPoint>
<DataPoint>125</DataPoint>
<DataPoint>125</DataPoint>
<DataPoint>129</DataPoint>
<DataPoint>114</DataPoint>
<DataPoint>124</DataPoint>
<DataPoint>129</DataPoint>
<DataPoint>124</DataPoint>
<DataPoint>129</DataPoint>
<DataPoint>138</DataPoint>
<DataPoint>156</DataPoint>
<DataPoint>143</DataPoint>
<DataPoint>157</DataPoint>
<DataPoint>161</DataPoint>
<DataPoint>184</DataPoint>
<DataPoint>156</DataPoint>
<DataPoint>162</DataPoint>
<DataPoint>147</DataPoint>
<DataPoint>169</DataPoint>
<DataPoint>149</DataPoint>
<DataPoint>174</DataPoint>
<DataPoint>164</DataPoint>
<DataPoint>148</DataPoint>
<DataPoint>156</DataPoint>
<DataPoint>165</DataPoint>
<DataPoint>169</DataPoint>
<DataPoint>197</DataPoint>
<DataPoint>167</DataPoint>
<DataPoint>174</DataPoint>
<DataPoint>163</DataPoint>
<DataPoint>133</DataPoint>
<DataPoint>155</DataPoint>
<DataPoint>158</DataPoint>
<DataPoint>155</DataPoint>
<DataPoint>143</DataPoint>
<DataPoint>127</DataPoint>
<DataPoint>149</DataPoint>
<DataPoint>125</DataPoint>
<DataPoint>137</DataPoint>
<DataPoint>128</DataPoint>
<DataPoint>113</DataPoint>
<DataPoint>121</DataPoint>
<DataPoint>124</DataPoint>
<DataPoint>122</DataPoint>
<DataPoint>109</DataPoint>
<DataPoint>119</DataPoint>
<DataPoint>101</DataPoint>
<DataPoint>99</DataPoint>
<DataPoint>92</DataPoint>
<DataPoint>86</DataPoint>
<DataPoint>78</DataPoint>
<DataPoint>108</DataPoint>
<DataPoint>83</DataPoint>
<DataPoint>79</DataPoint>
<DataPoint>93</DataPoint>
<DataPoint>88</DataPoint>
<DataPoint>81</DataPoint>
<DataPoint>68</DataPoint>
<DataPoint>57</DataPoint>
<DataPoint>68</DataPoint>
<DataPoint>66</DataPoint>
<DataPoint>74</DataPoint>
<DataPoint>69</DataPoint>
<DataPoint>51</DataPoint>
<DataPoint>76</DataPoint>
<DataPoint>54</DataPoint>
<DataPoint>70</DataPoint>
<DataPoint>62</DataPoint>
<DataPoint>64</DataPoint>
<DataPoint>63</DataPoint>
<DataPoint>66</DataPoint>
<DataPoint>62</DataPoint>
<DataPoint>66</DataPoint>
<DataPoint>67</DataPoint>
<DataPoint>56</DataPoint>
<DataPoint>75</DataPoint>
<DataPoint>57</DataPoint>
<DataPoint>80</DataPoint>
<DataPoint>74</DataPoint>
<DataPoint>77</DataPoint>
<DataPoint>57</DataPoint>
<DataPoint>56</DataPoint>
<DataPoint>64</DataPoint>
<DataPoint>71</DataPoint>
<DataPoint>65</DataPoint>
<DataPoint>70</DataPoint>
<DataPoint>65</DataPoint>
<DataPoint>66</DataPoint>
<DataPoint>61</DataPoint>
<DataPoint>62</DataPoint>
<DataPoint>71</DataPoint>
<DataPoint>68</DataPoint>
<DataPoint>58</DataPoint>
<DataPoint>71</DataPoint>
<DataPoint>57</DataPoint>
<DataPoint>62</DataPoint>
<DataPoint>52</DataPoint>
<DataPoint>64</DataPoint>
<DataPoint>57</DataPoint>
<DataPoint>57</DataPoint>
<DataPoint>86</DataPoint>
<DataPoint>62</DataPoint>
<DataPoint>62</DataPoint>
<DataPoint>72</DataPoint>
<DataPoint>59</DataPoint>
<DataPoint>53</DataPoint>
<DataPoint>71</DataPoint>
<DataPoint>52</DataPoint>
<DataPoint>68</DataPoint>
<DataPoint>66</DataPoint>
<DataPoint>58</DataPoint>
<DataPoint>53</DataPoint>
<DataPoint>64</DataPoint>
<DataPoint>68</DataPoint>
<DataPoint>59</DataPoint>
<DataPoint>46</DataPoint>
<DataPoint>68</DataPoint>
<DataPoint>61</DataPoint>
<DataPoint>62</DataPoint>
<DataPoint>62</DataPoint>
<DataPoint>68</DataPoint>
<DataPoint>56</DataPoint>
<DataPoint>55</DataPoint>
<DataPoint>66</DataPoint>
<DataPoint>65</DataPoint>
<DataPoint>60</DataPoint>
<DataPoint>66</DataPoint>
<DataPoint>67</DataPoint>
<DataPoint>64</DataPoint>
<DataPoint>79</DataPoint>
<DataPoint>58</DataPoint>
<DataPoint>72</DataPoint>
<DataPoint>58</DataPoint>
<DataPoint>61</DataPoint>
<DataPoint>52</DataPoint>
<DataPoint>42</DataPoint>
<DataPoint>56</DataPoint>
<DataPoint>63</DataPoint>
<DataPoint>65</DataPoint>
<DataPoint>50</DataPoint>
<DataPoint>54</DataPoint>
<DataPoint>69</DataPoint>
<DataPoint>61</DataPoint>
<DataPoint>51</DataPoint>
<DataPoint>71</DataPoint>
<DataPoint>63</DataPoint>
<DataPoint>51</DataPoint>
<DataPoint>64</DataPoint>
<DataPoint>46</DataPoint>
<DataPoint>65</DataPoint>
<DataPoint>59</DataPoint>
<DataPoint>61</DataPoint>
<DataPoint>53</DataPoint>
<DataPoint>65</DataPoint>
<DataPoint>53</DataPoint>
<DataPoint>60</DataPoint>
<DataPoint>72</DataPoint>
<DataPoint>59</DataPoint>
<DataPoint>57</DataPoint>
<DataPoint>53</DataPoint>
<DataPoint>72</DataPoint>
<DataPoint>49</DataPoint>
<DataPoint>64</DataPoint>
<DataPoint>62</DataPoint>
<DataPoint>58</DataPoint>
<DataPoint>69</DataPoint>
<DataPoint>61</DataPoint>
<DataPoint>46</DataPoint>
<DataPoint>68</DataPoint>
<DataPoint>61</DataPoint>
<DataPoint>72</DataPoint>
<DataPoint>72</DataPoint>
<DataPoint>60</DataPoint>
<DataPoint>68</DataPoint>
<DataPoint>56</DataPoint>
<DataPoint>75</DataPoint>
<DataPoint>72</DataPoint>
<DataPoint>71</DataPoint>
<DataPoint>73</DataPoint>
<DataPoint>72</DataPoint>
<DataPoint>78</DataPoint>
<DataPoint>58</DataPoint>
<DataPoint>69</DataPoint>
<DataPoint>58</DataPoint>
<DataPoint>74</DataPoint>
<DataPoint>73</DataPoint>
<DataPoint>74</DataPoint>
<DataPoint>59</DataPoint>
<DataPoint>78</DataPoint>
<DataPoint>65</DataPoint>
<DataPoint>57</DataPoint>
<DataPoint>71</DataPoint>
<DataPoint>77</DataPoint>
<DataPoint>72</DataPoint>
<DataPoint>73</DataPoint>
<DataPoint>95</DataPoint>
<DataPoint>68</DataPoint>
<DataPoint>83</DataPoint>
<DataPoint>76</DataPoint>
<DataPoint>96</DataPoint>
<DataPoint>76</DataPoint>
<DataPoint>77</DataPoint>
<DataPoint>54</DataPoint>
<DataPoint>83</DataPoint>
<DataPoint>67</DataPoint>
<DataPoint>59</DataPoint>
<DataPoint>73</DataPoint>
<DataPoint>74</DataPoint>
<DataPoint>73</DataPoint>
<DataPoint>76</DataPoint>
<DataPoint>74</DataPoint>
<DataPoint>68</DataPoint>
<DataPoint>68</DataPoint>
<DataPoint>74</DataPoint>
<DataPoint>72</DataPoint>
<DataPoint>80</DataPoint>
<DataPoint>74</DataPoint>
<DataPoint>73</DataPoint>
<DataPoint>82</DataPoint>
<DataPoint>64</DataPoint>
<DataPoint>74</DataPoint>
<DataPoint>69</DataPoint>
<DataPoint>62</DataPoint>
<DataPoint>74</DataPoint>
<DataPoint>93</DataPoint>
<DataPoint>75</DataPoint>
<DataPoint>53</DataPoint>
<DataPoint>59</DataPoint>
<DataPoint>74</DataPoint>
<DataPoint>62</DataPoint>
<DataPoint>65</DataPoint>
<DataPoint>67</DataPoint>
<DataPoint>89</DataPoint>
<DataPoint>68</DataPoint>
<DataPoint>59</DataPoint>
<DataPoint>59</DataPoint>
<DataPoint>78</DataPoint>
<DataPoint>70</DataPoint>
<DataPoint>66</DataPoint>
<DataPoint>68</DataPoint>
<DataPoint>62</DataPoint>
<DataPoint>62</DataPoint>
<DataPoint>81</DataPoint>
<DataPoint>67</DataPoint>
<DataPoint>66</DataPoint>
<DataPoint>72</DataPoint>
<DataPoint>71</DataPoint>
<DataPoint>68</DataPoint>
<DataPoint>66</DataPoint>
<DataPoint>68</DataPoint>
<DataPoint>52</DataPoint>
<DataPoint>59</DataPoint>
<DataPoint>95</DataPoint>
<DataPoint>75</DataPoint>
<DataPoint>70</DataPoint>
<DataPoint>73</DataPoint>
<DataPoint>60</DataPoint>
<DataPoint>61</DataPoint>
<DataPoint>51</DataPoint>
<DataPoint>68</DataPoint>
<DataPoint>45</DataPoint>
<DataPoint>63</DataPoint>
<DataPoint>56</DataPoint>
<DataPoint>55</DataPoint>
<DataPoint>51</DataPoint>
<DataPoint>61</DataPoint>
<DataPoint>64</DataPoint>
<DataPoint>54</DataPoint>
<DataPoint>47</DataPoint>
<DataPoint>71</DataPoint>
<DataPoint>58</DataPoint>
<DataPoint>51</DataPoint>
<DataPoint>36</DataPoint>
<DataPoint>60</DataPoint>
<DataPoint>50</DataPoint>
<DataPoint>44</DataPoint>
<DataPoint>54</DataPoint>
<DataPoint>56</DataPoint>
<DataPoint>42</DataPoint>
<DataPoint>46</DataPoint>
<DataPoint>36</DataPoint>
<DataPoint>44</DataPoint>
<DataPoint>44</DataPoint>
<DataPoint>32</DataPoint>
<DataPoint>45</DataPoint>
<DataPoint>33</DataPoint>
<DataPoint>45</DataPoint>
<DataPoint>25</DataPoint>
<DataPoint>26</DataPoint>
<DataPoint>29</DataPoint>
<DataPoint>32</DataPoint>
<DataPoint>32</DataPoint>
<DataPoint>29</DataPoint>
<DataPoint>21</DataPoint>
<DataPoint>36</DataPoint>
<DataPoint>26</DataPoint>
<DataPoint>22</DataPoint>
<DataPoint>24</DataPoint>
<DataPoint>22</DataPoint>
<DataPoint>21</DataPoint>
<DataPoint>23</DataPoint>
<DataPoint>20</DataPoint>
<DataPoint>18</DataPoint>
<DataPoint>22</DataPoint>
<DataPoint>17</DataPoint>
<DataPoint>21</DataPoint>
<DataPoint>15</DataPoint>
<DataPoint>16</DataPoint>
<DataPoint>11</DataPoint>
<DataPoint>16</DataPoint>
<DataPoint>16</DataPoint>
<DataPoint>17</DataPoint>
<DataPoint>8</DataPoint>
<DataPoint>21</DataPoint>
<DataPoint>14</DataPoint>
<DataPoint>15</DataPoint>
<DataPoint>12</DataPoint>
<DataPoint>8</DataPoint>
<DataPoint>16</DataPoint>
<DataPoint>23</DataPoint>
<DataPoint>14</DataPoint>
<DataPoint>17</DataPoint>
<DataPoint>13</DataPoint>
<DataPoint>19</DataPoint>
<DataPoint>21</DataPoint>
<DataPoint>14</DataPoint>
<DataPoint>27</DataPoint>
<DataPoint>11</DataPoint>
<DataPoint>14</DataPoint>
<DataPoint>20</DataPoint>
<DataPoint>22</DataPoint>
<DataPoint>22</DataPoint>
<DataPoint>18</DataPoint>
<DataPoint>13</DataPoint>
<DataPoint>26</DataPoint>
<DataPoint>24</DataPoint>
<DataPoint>30</DataPoint>
<DataPoint>18</DataPoint>
<DataPoint>25</DataPoint>
<DataPoint>25</DataPoint>
<DataPoint>35</DataPoint>
<DataPoint>26</DataPoint>
<DataPoint>32</DataPoint>
<DataPoint>21</DataPoint>
<DataPoint>29</DataPoint>
<DataPoint>30</DataPoint>
<DataPoint>34</DataPoint>
<DataPoint>39</DataPoint>
<DataPoint>24</DataPoint>
<DataPoint>28</DataPoint>
<DataPoint>29</DataPoint>
<DataPoint>40</DataPoint>
<DataPoint>38</DataPoint>
<DataPoint>35</DataPoint>
<DataPoint>42</DataPoint>
<DataPoint>49</DataPoint>
<DataPoint>35</DataPoint>
<DataPoint>38</DataPoint>
<DataPoint>31</DataPoint>
<DataPoint>38</DataPoint>
<DataPoint>23</DataPoint>
<DataPoint>25</DataPoint>
<DataPoint>28</DataPoint>
<DataPoint>47</DataPoint>
<DataPoint>31</DataPoint>
<DataPoint>27</DataPoint>
<DataPoint>40</DataPoint>
<DataPoint>27</DataPoint>
<DataPoint>34</DataPoint>
<DataPoint>31</DataPoint>
<DataPoint>17</DataPoint>
<DataPoint>33</DataPoint>
<DataPoint>28</DataPoint>
<DataPoint>21</DataPoint>
<DataPoint>14</DataPoint>
<DataPoint>20</DataPoint>
<DataPoint>20</DataPoint>
<DataPoint>21</DataPoint>
<DataPoint>17</DataPoint>
<DataPoint>16</DataPoint>
<DataPoint>21</DataPoint>
<DataPoint>11</DataPoint>
<DataPoint>12</DataPoint>
<DataPoint>8</DataPoint>
<DataPoint>12</DataPoint>
<DataPoint>21</DataPoint>
<DataPoint>12</DataPoint>
<DataPoint>11</DataPoint>
<DataPoint>10</DataPoint>
<DataPoint>9</DataPoint>
<DataPoint>8</DataPoint>
<DataPoint>9</DataPoint>
<DataPoint>7</DataPoint>
<DataPoint>6</DataPoint>
<DataPoint>4</DataPoint>
<DataPoint>7</DataPoint>
<DataPoint>6</DataPoint>
<DataPoint>2</DataPoint>
<DataPoint>5</DataPoint>
<DataPoint>5</DataPoint>
<DataPoint>4</DataPoint>
<DataPoint>2</DataPoint>
<DataPoint>4</DataPoint>
<DataPoint>6</DataPoint>
<DataPoint>5</DataPoint>
<DataPoint>3</DataPoint>
<DataPoint>5</DataPoint>
<DataPoint>6</DataPoint>
<DataPoint>6</DataPoint>
<DataPoint>1</DataPoint>
<DataPoint>2</DataPoint>
<DataPoint>1</DataPoint>
<DataPoint>7</DataPoint>
<DataPoint>3</DataPoint>
<DataPoint>8</DataPoint>
<DataPoint>0</DataPoint>
<DataPoint>1</DataPoint>
<DataPoint>4</DataPoint>
<DataPoint>2</DataPoint>
<DataPoint>0</DataPoint>
<DataPoint>5</DataPoint>
<DataPoint>4</DataPoint>
<DataPoint>6</DataPoint>
<DataPoint>5</DataPoint>
<DataPoint>6</DataPoint>
<DataPoint>2</DataPoint>
<DataPoint>2</DataPoint>
<DataPoint>4</DataPoint>
<DataPoint>0</DataPoint>
<DataPoint>2</DataPoint>
<DataPoint>2</DataPoint>
<DataPoint>4</DataPoint>
<DataPoint>3</DataPoint>
<DataPoint>2</DataPoint>
<DataPoint>2</DataPoint>
<DataPoint>4</DataPoint>
<DataPoint>1</DataPoint>
<DataPoint>6</DataPoint>
<DataPoint>2</DataPoint>
<DataPoint>0</DataPoint>
<DataPoint>1</DataPoint>
<DataPoint>5</DataPoint>
<DataPoint>3</DataPoint>
<DataPoint>1</DataPoint>
<DataPoint>3</DataPoint>
<DataPoint>1</DataPoint>
<DataPoint>1</DataPoint>
<DataPoint>0</DataPoint>
<DataPoint>1</DataPoint>
<DataPoint>0</DataPoint>
<DataPoint>0</DataPoint>
<DataPoint>2</DataPoint>
<DataPoint>2</DataPoint>
<DataPoint>4</DataPoint>
<DataPoint>1</DataPoint>
<DataPoint>0</DataPoint>
<DataPoint>3</DataPoint>
<DataPoint>1</DataPoint>
<DataPoint>1</DataPoint>
<DataPoint>1</DataPoint>
<DataPoint>0</DataPoint>
<DataPoint>1</DataPoint>
<DataPoint>1</DataPoint>
<DataPoint>1</DataPoint>
<DataPoint>0</DataPoint>
<DataPoint>2</DataPoint>
<DataPoint>807</DataPoint>

  </Spectrum>
 </EnergySpectrum>


      

      <Visible>true</Visible>
      <PulseCollection>
        <Format>Base64 encoded binary</Format>
        <Pulses />
      </PulseCollection>
    </ResultData>
  </ResultDataList>
</ResultDataFile>
