<?xml version="1.0"?>
<ResultDataFile xmlns:xsd="http://www.w3.org/2001/XMLSchema" xmlns:xsi="http://www.w3.org/2001/XMLSchema-instance">
  <FormatVersion>120920</FormatVersion>
  <ResultDataList>
    <ResultData>
      <DeviceConfigReference>
        <Name>RadiaCode-102</Name>
      </DeviceConfigReference>
      <SampleInfo>
        <Name><![CDATA[Spectrum_2025-03-29 11-34-42]]></Name>
        <Note><![CDATA[]]></Note>
      </SampleInfo>
      <BackgroundSpectrumFile><![CDATA[]]></BackgroundSpectrumFile>

       <StartTime>2025-03-26T16:43:02</StartTime>
 <EndTime>2025-03-29T10:34:42</EndTime>

 <EnergySpectrum>
  <NumberOfChannels>1024</NumberOfChannels>
  <ChannelPitch>1</ChannelPitch>
  <SpectrumName><![CDATA[Spectrum_2025-03-29 11-34-42]]></SpectrumName>
  <Comment></Comment>
  <SerialNumber>RC-102-000590</SerialNumber>
  <EnergyCalibration>
    <PolynomialOrder>2</PolynomialOrder>
    <Coefficients>
      <Coefficient>-1.2426807</Coefficient>
      <Coefficient>2.3831038</Coefficient>
      <Coefficient>4.1388627E-4</Coefficient>
    </Coefficients>
  </EnergyCalibration>
  <MeasurementTime>237100</MeasurementTime>
  <LiveTime>237048.1</LiveTime>
  <Spectrum>
    <DataPoint>11</DataPoint>
<DataPoint>943</DataPoint>
<DataPoint>6304</DataPoint>
<DataPoint>9780</DataPoint>
<DataPoint>6857</DataPoint>
<DataPoint>4415</DataPoint>
<DataPoint>4910</DataPoint>
<DataPoint>11316</DataPoint>
<DataPoint>31762</DataPoint>
<DataPoint>44290</DataPoint>
<DataPoint>44823</DataPoint>
<DataPoint>47737</DataPoint>
<DataPoint>50587</DataPoint>
<DataPoint>54402</DataPoint>
<DataPoint>59234</DataPoint>
<DataPoint>64600</DataPoint>
<DataPoint>70877</DataPoint>
<DataPoint>75411</DataPoint>
<DataPoint>78176</DataPoint>
<DataPoint>78929</DataPoint>
<DataPoint>79089</DataPoint>
<DataPoint>80022</DataPoint>
<DataPoint>81856</DataPoint>
<DataPoint>86734</DataPoint>
<DataPoint>93868</DataPoint>
<DataPoint>103175</DataPoint>
<DataPoint>117478</DataPoint>
<DataPoint>136790</DataPoint>
<DataPoint>161360</DataPoint>
<DataPoint>190433</DataPoint>
<DataPoint>221405</DataPoint>
<DataPoint>248767</DataPoint>
<DataPoint>268810</DataPoint>
<DataPoint>276616</DataPoint>
<DataPoint>273452</DataPoint>
<DataPoint>260631</DataPoint>
<DataPoint>242288</DataPoint>
<DataPoint>220703</DataPoint>
<DataPoint>199238</DataPoint>
<DataPoint>177083</DataPoint>
<DataPoint>156589</DataPoint>
<DataPoint>136624</DataPoint>
<DataPoint>118935</DataPoint>
<DataPoint>103623</DataPoint>
<DataPoint>90775</DataPoint>
<DataPoint>81026</DataPoint>
<DataPoint>73538</DataPoint>
<DataPoint>68202</DataPoint>
<DataPoint>64663</DataPoint>
<DataPoint>61792</DataPoint>
<DataPoint>60907</DataPoint>
<DataPoint>59945</DataPoint>
<DataPoint>59968</DataPoint>
<DataPoint>59062</DataPoint>
<DataPoint>57564</DataPoint>
<DataPoint>56561</DataPoint>
<DataPoint>54758</DataPoint>
<DataPoint>52310</DataPoint>
<DataPoint>49742</DataPoint>
<DataPoint>47591</DataPoint>
<DataPoint>45335</DataPoint>
<DataPoint>43433</DataPoint>
<DataPoint>41828</DataPoint>
<DataPoint>40152</DataPoint>
<DataPoint>38677</DataPoint>
<DataPoint>37456</DataPoint>
<DataPoint>36284</DataPoint>
<DataPoint>35292</DataPoint>
<DataPoint>34619</DataPoint>
<DataPoint>33471</DataPoint>
<DataPoint>33371</DataPoint>
<DataPoint>32647</DataPoint>
<DataPoint>32580</DataPoint>
<DataPoint>31929</DataPoint>
<DataPoint>32456</DataPoint>
<DataPoint>32979</DataPoint>
<DataPoint>33285</DataPoint>
<DataPoint>33985</DataPoint>
<DataPoint>34591</DataPoint>
<DataPoint>35648</DataPoint>
<DataPoint>37005</DataPoint>
<DataPoint>38623</DataPoint>
<DataPoint>40275</DataPoint>
<DataPoint>42617</DataPoint>
<DataPoint>45154</DataPoint>
<DataPoint>48976</DataPoint>
<DataPoint>52357</DataPoint>
<DataPoint>56994</DataPoint>
<DataPoint>61583</DataPoint>
<DataPoint>66506</DataPoint>
<DataPoint>71502</DataPoint>
<DataPoint>77554</DataPoint>
<DataPoint>81707</DataPoint>
<DataPoint>85047</DataPoint>
<DataPoint>87602</DataPoint>
<DataPoint>87568</DataPoint>
<DataPoint>87312</DataPoint>
<DataPoint>84234</DataPoint>
<DataPoint>81173</DataPoint>
<DataPoint>76075</DataPoint>
<DataPoint>70502</DataPoint>
<DataPoint>63772</DataPoint>
<DataPoint>57569</DataPoint>
<DataPoint>52024</DataPoint>
<DataPoint>45811</DataPoint>
<DataPoint>40565</DataPoint>
<DataPoint>35954</DataPoint>
<DataPoint>32606</DataPoint>
<DataPoint>29239</DataPoint>
<DataPoint>27337</DataPoint>
<DataPoint>24945</DataPoint>
<DataPoint>23814</DataPoint>
<DataPoint>22413</DataPoint>
<DataPoint>21697</DataPoint>
<DataPoint>20678</DataPoint>
<DataPoint>20037</DataPoint>
<DataPoint>19717</DataPoint>
<DataPoint>19224</DataPoint>
<DataPoint>18744</DataPoint>
<DataPoint>18833</DataPoint>
<DataPoint>18657</DataPoint>
<DataPoint>18736</DataPoint>
<DataPoint>18445</DataPoint>
<DataPoint>18678</DataPoint>
<DataPoint>18912</DataPoint>
<DataPoint>19007</DataPoint>
<DataPoint>19417</DataPoint>
<DataPoint>19346</DataPoint>
<DataPoint>19926</DataPoint>
<DataPoint>20006</DataPoint>
<DataPoint>19577</DataPoint>
<DataPoint>19625</DataPoint>
<DataPoint>19512</DataPoint>
<DataPoint>19000</DataPoint>
<DataPoint>18638</DataPoint>
<DataPoint>18224</DataPoint>
<DataPoint>17489</DataPoint>
<DataPoint>17043</DataPoint>
<DataPoint>15967</DataPoint>
<DataPoint>15454</DataPoint>
<DataPoint>14585</DataPoint>
<DataPoint>13573</DataPoint>
<DataPoint>12882</DataPoint>
<DataPoint>12357</DataPoint>
<DataPoint>11858</DataPoint>
<DataPoint>10962</DataPoint>
<DataPoint>10887</DataPoint>
<DataPoint>10206</DataPoint>
<DataPoint>9876</DataPoint>
<DataPoint>9476</DataPoint>
<DataPoint>9245</DataPoint>
<DataPoint>8950</DataPoint>
<DataPoint>8663</DataPoint>
<DataPoint>8692</DataPoint>
<DataPoint>8329</DataPoint>
<DataPoint>8443</DataPoint>
<DataPoint>8176</DataPoint>
<DataPoint>8186</DataPoint>
<DataPoint>7934</DataPoint>
<DataPoint>8105</DataPoint>
<DataPoint>7936</DataPoint>
<DataPoint>7993</DataPoint>
<DataPoint>7735</DataPoint>
<DataPoint>7629</DataPoint>
<DataPoint>7780</DataPoint>
<DataPoint>7636</DataPoint>
<DataPoint>7530</DataPoint>
<DataPoint>7450</DataPoint>
<DataPoint>7605</DataPoint>
<DataPoint>7398</DataPoint>
<DataPoint>7439</DataPoint>
<DataPoint>7417</DataPoint>
<DataPoint>7564</DataPoint>
<DataPoint>7576</DataPoint>
<DataPoint>7501</DataPoint>
<DataPoint>7626</DataPoint>
<DataPoint>7549</DataPoint>
<DataPoint>7613</DataPoint>
<DataPoint>7608</DataPoint>
<DataPoint>7499</DataPoint>
<DataPoint>7714</DataPoint>
<DataPoint>7743</DataPoint>
<DataPoint>7868</DataPoint>
<DataPoint>7827</DataPoint>
<DataPoint>7670</DataPoint>
<DataPoint>7863</DataPoint>
<DataPoint>7711</DataPoint>
<DataPoint>7729</DataPoint>
<DataPoint>7772</DataPoint>
<DataPoint>7752</DataPoint>
<DataPoint>7863</DataPoint>
<DataPoint>7721</DataPoint>
<DataPoint>7809</DataPoint>
<DataPoint>7696</DataPoint>
<DataPoint>7719</DataPoint>
<DataPoint>7718</DataPoint>
<DataPoint>7709</DataPoint>
<DataPoint>7696</DataPoint>
<DataPoint>7716</DataPoint>
<DataPoint>7841</DataPoint>
<DataPoint>7668</DataPoint>
<DataPoint>7651</DataPoint>
<DataPoint>7666</DataPoint>
<DataPoint>7725</DataPoint>
<DataPoint>7792</DataPoint>
<DataPoint>7718</DataPoint>
<DataPoint>7990</DataPoint>
<DataPoint>7780</DataPoint>
<DataPoint>8025</DataPoint>
<DataPoint>8171</DataPoint>
<DataPoint>8209</DataPoint>
<DataPoint>8259</DataPoint>
<DataPoint>8539</DataPoint>
<DataPoint>8690</DataPoint>
<DataPoint>8856</DataPoint>
<DataPoint>8915</DataPoint>
<DataPoint>9143</DataPoint>
<DataPoint>9089</DataPoint>
<DataPoint>9388</DataPoint>
<DataPoint>9556</DataPoint>
<DataPoint>9550</DataPoint>
<DataPoint>9516</DataPoint>
<DataPoint>9470</DataPoint>
<DataPoint>9336</DataPoint>
<DataPoint>9209</DataPoint>
<DataPoint>9285</DataPoint>
<DataPoint>9028</DataPoint>
<DataPoint>8775</DataPoint>
<DataPoint>8397</DataPoint>
<DataPoint>8158</DataPoint>
<DataPoint>8071</DataPoint>
<DataPoint>7696</DataPoint>
<DataPoint>7636</DataPoint>
<DataPoint>7220</DataPoint>
<DataPoint>6807</DataPoint>
<DataPoint>6786</DataPoint>
<DataPoint>6460</DataPoint>
<DataPoint>6137</DataPoint>
<DataPoint>5945</DataPoint>
<DataPoint>5719</DataPoint>
<DataPoint>5629</DataPoint>
<DataPoint>5358</DataPoint>
<DataPoint>5380</DataPoint>
<DataPoint>5159</DataPoint>
<DataPoint>5051</DataPoint>
<DataPoint>4964</DataPoint>
<DataPoint>4736</DataPoint>
<DataPoint>4680</DataPoint>
<DataPoint>4558</DataPoint>
<DataPoint>4602</DataPoint>
<DataPoint>4570</DataPoint>
<DataPoint>4398</DataPoint>
<DataPoint>4341</DataPoint>
<DataPoint>4342</DataPoint>
<DataPoint>4320</DataPoint>
<DataPoint>4353</DataPoint>
<DataPoint>4293</DataPoint>
<DataPoint>4308</DataPoint>
<DataPoint>4189</DataPoint>
<DataPoint>4195</DataPoint>
<DataPoint>4250</DataPoint>
<DataPoint>4136</DataPoint>
<DataPoint>4072</DataPoint>
<DataPoint>4122</DataPoint>
<DataPoint>4112</DataPoint>
<DataPoint>4201</DataPoint>
<DataPoint>4085</DataPoint>
<DataPoint>4050</DataPoint>
<DataPoint>4059</DataPoint>
<DataPoint>4046</DataPoint>
<DataPoint>4028</DataPoint>
<DataPoint>3976</DataPoint>
<DataPoint>3875</DataPoint>
<DataPoint>3997</DataPoint>
<DataPoint>4013</DataPoint>
<DataPoint>3727</DataPoint>
<DataPoint>3782</DataPoint>
<DataPoint>3944</DataPoint>
<DataPoint>3703</DataPoint>
<DataPoint>3764</DataPoint>
<DataPoint>3601</DataPoint>
<DataPoint>3538</DataPoint>
<DataPoint>3599</DataPoint>
<DataPoint>3413</DataPoint>
<DataPoint>3458</DataPoint>
<DataPoint>3313</DataPoint>
<DataPoint>3369</DataPoint>
<DataPoint>3198</DataPoint>
<DataPoint>3253</DataPoint>
<DataPoint>3182</DataPoint>
<DataPoint>3097</DataPoint>
<DataPoint>3103</DataPoint>
<DataPoint>2937</DataPoint>
<DataPoint>3000</DataPoint>
<DataPoint>2940</DataPoint>
<DataPoint>2868</DataPoint>
<DataPoint>2787</DataPoint>
<DataPoint>2779</DataPoint>
<DataPoint>2630</DataPoint>
<DataPoint>2734</DataPoint>
<DataPoint>2655</DataPoint>
<DataPoint>2616</DataPoint>
<DataPoint>2660</DataPoint>
<DataPoint>2617</DataPoint>
<DataPoint>2529</DataPoint>
<DataPoint>2564</DataPoint>
<DataPoint>2566</DataPoint>
<DataPoint>2432</DataPoint>
<DataPoint>2449</DataPoint>
<DataPoint>2499</DataPoint>
<DataPoint>2535</DataPoint>
<DataPoint>2601</DataPoint>
<DataPoint>2475</DataPoint>
<DataPoint>2431</DataPoint>
<DataPoint>2463</DataPoint>
<DataPoint>2532</DataPoint>
<DataPoint>2547</DataPoint>
<DataPoint>2451</DataPoint>
<DataPoint>2542</DataPoint>
<DataPoint>2578</DataPoint>
<DataPoint>2516</DataPoint>
<DataPoint>2684</DataPoint>
<DataPoint>2617</DataPoint>
<DataPoint>2673</DataPoint>
<DataPoint>2757</DataPoint>
<DataPoint>2776</DataPoint>
<DataPoint>2861</DataPoint>
<DataPoint>2809</DataPoint>
<DataPoint>2820</DataPoint>
<DataPoint>2977</DataPoint>
<DataPoint>2957</DataPoint>
<DataPoint>2966</DataPoint>
<DataPoint>2891</DataPoint>
<DataPoint>2982</DataPoint>
<DataPoint>3053</DataPoint>
<DataPoint>3064</DataPoint>
<DataPoint>3011</DataPoint>
<DataPoint>3070</DataPoint>
<DataPoint>3062</DataPoint>
<DataPoint>3070</DataPoint>
<DataPoint>3110</DataPoint>
<DataPoint>3018</DataPoint>
<DataPoint>3076</DataPoint>
<DataPoint>3108</DataPoint>
<DataPoint>3115</DataPoint>
<DataPoint>3058</DataPoint>
<DataPoint>3107</DataPoint>
<DataPoint>3069</DataPoint>
<DataPoint>3035</DataPoint>
<DataPoint>3045</DataPoint>
<DataPoint>2886</DataPoint>
<DataPoint>3002</DataPoint>
<DataPoint>2789</DataPoint>
<DataPoint>2793</DataPoint>
<DataPoint>2800</DataPoint>
<DataPoint>2656</DataPoint>
<DataPoint>2668</DataPoint>
<DataPoint>2550</DataPoint>
<DataPoint>2565</DataPoint>
<DataPoint>2495</DataPoint>
<DataPoint>2506</DataPoint>
<DataPoint>2436</DataPoint>
<DataPoint>2316</DataPoint>
<DataPoint>2219</DataPoint>
<DataPoint>2184</DataPoint>
<DataPoint>2164</DataPoint>
<DataPoint>2054</DataPoint>
<DataPoint>2038</DataPoint>
<DataPoint>1894</DataPoint>
<DataPoint>1882</DataPoint>
<DataPoint>1791</DataPoint>
<DataPoint>1829</DataPoint>
<DataPoint>1698</DataPoint>
<DataPoint>1669</DataPoint>
<DataPoint>1568</DataPoint>
<DataPoint>1510</DataPoint>
<DataPoint>1515</DataPoint>
<DataPoint>1488</DataPoint>
<DataPoint>1391</DataPoint>
<DataPoint>1411</DataPoint>
<DataPoint>1313</DataPoint>
<DataPoint>1280</DataPoint>
<DataPoint>1242</DataPoint>
<DataPoint>1224</DataPoint>
<DataPoint>1178</DataPoint>
<DataPoint>1158</DataPoint>
<DataPoint>1165</DataPoint>
<DataPoint>1180</DataPoint>
<DataPoint>1077</DataPoint>
<DataPoint>1077</DataPoint>
<DataPoint>1107</DataPoint>
<DataPoint>1081</DataPoint>
<DataPoint>1087</DataPoint>
<DataPoint>1033</DataPoint>
<DataPoint>1084</DataPoint>
<DataPoint>1013</DataPoint>
<DataPoint>981</DataPoint>
<DataPoint>1025</DataPoint>
<DataPoint>979</DataPoint>
<DataPoint>999</DataPoint>
<DataPoint>961</DataPoint>
<DataPoint>972</DataPoint>
<DataPoint>1027</DataPoint>
<DataPoint>979</DataPoint>
<DataPoint>975</DataPoint>
<DataPoint>951</DataPoint>
<DataPoint>941</DataPoint>
<DataPoint>934</DataPoint>
<DataPoint>930</DataPoint>
<DataPoint>909</DataPoint>
<DataPoint>915</DataPoint>
<DataPoint>894</DataPoint>
<DataPoint>910</DataPoint>
<DataPoint>930</DataPoint>
<DataPoint>856</DataPoint>
<DataPoint>825</DataPoint>
<DataPoint>862</DataPoint>
<DataPoint>944</DataPoint>
<DataPoint>878</DataPoint>
<DataPoint>851</DataPoint>
<DataPoint>884</DataPoint>
<DataPoint>859</DataPoint>
<DataPoint>849</DataPoint>
<DataPoint>820</DataPoint>
<DataPoint>846</DataPoint>
<DataPoint>825</DataPoint>
<DataPoint>812</DataPoint>
<DataPoint>818</DataPoint>
<DataPoint>769</DataPoint>
<DataPoint>829</DataPoint>
<DataPoint>812</DataPoint>
<DataPoint>804</DataPoint>
<DataPoint>800</DataPoint>
<DataPoint>725</DataPoint>
<DataPoint>771</DataPoint>
<DataPoint>762</DataPoint>
<DataPoint>799</DataPoint>
<DataPoint>764</DataPoint>
<DataPoint>757</DataPoint>
<DataPoint>804</DataPoint>
<DataPoint>720</DataPoint>
<DataPoint>762</DataPoint>
<DataPoint>765</DataPoint>
<DataPoint>695</DataPoint>
<DataPoint>708</DataPoint>
<DataPoint>744</DataPoint>
<DataPoint>730</DataPoint>
<DataPoint>740</DataPoint>
<DataPoint>781</DataPoint>
<DataPoint>739</DataPoint>
<DataPoint>736</DataPoint>
<DataPoint>763</DataPoint>
<DataPoint>641</DataPoint>
<DataPoint>662</DataPoint>
<DataPoint>720</DataPoint>
<DataPoint>750</DataPoint>
<DataPoint>723</DataPoint>
<DataPoint>755</DataPoint>
<DataPoint>714</DataPoint>
<DataPoint>734</DataPoint>
<DataPoint>652</DataPoint>
<DataPoint>722</DataPoint>
<DataPoint>675</DataPoint>
<DataPoint>634</DataPoint>
<DataPoint>694</DataPoint>
<DataPoint>649</DataPoint>
<DataPoint>678</DataPoint>
<DataPoint>643</DataPoint>
<DataPoint>598</DataPoint>
<DataPoint>649</DataPoint>
<DataPoint>629</DataPoint>
<DataPoint>599</DataPoint>
<DataPoint>664</DataPoint>
<DataPoint>626</DataPoint>
<DataPoint>613</DataPoint>
<DataPoint>646</DataPoint>
<DataPoint>543</DataPoint>
<DataPoint>604</DataPoint>
<DataPoint>601</DataPoint>
<DataPoint>603</DataPoint>
<DataPoint>596</DataPoint>
<DataPoint>607</DataPoint>
<DataPoint>578</DataPoint>
<DataPoint>596</DataPoint>
<DataPoint>589</DataPoint>
<DataPoint>582</DataPoint>
<DataPoint>600</DataPoint>
<DataPoint>544</DataPoint>
<DataPoint>530</DataPoint>
<DataPoint>543</DataPoint>
<DataPoint>549</DataPoint>
<DataPoint>562</DataPoint>
<DataPoint>536</DataPoint>
<DataPoint>505</DataPoint>
<DataPoint>554</DataPoint>
<DataPoint>535</DataPoint>
<DataPoint>535</DataPoint>
<DataPoint>494</DataPoint>
<DataPoint>499</DataPoint>
<DataPoint>519</DataPoint>
<DataPoint>490</DataPoint>
<DataPoint>492</DataPoint>
<DataPoint>519</DataPoint>
<DataPoint>500</DataPoint>
<DataPoint>519</DataPoint>
<DataPoint>500</DataPoint>
<DataPoint>449</DataPoint>
<DataPoint>479</DataPoint>
<DataPoint>491</DataPoint>
<DataPoint>483</DataPoint>
<DataPoint>498</DataPoint>
<DataPoint>507</DataPoint>
<DataPoint>473</DataPoint>
<DataPoint>481</DataPoint>
<DataPoint>486</DataPoint>
<DataPoint>508</DataPoint>
<DataPoint>509</DataPoint>
<DataPoint>460</DataPoint>
<DataPoint>439</DataPoint>
<DataPoint>453</DataPoint>
<DataPoint>496</DataPoint>
<DataPoint>467</DataPoint>
<DataPoint>496</DataPoint>
<DataPoint>484</DataPoint>
<DataPoint>498</DataPoint>
<DataPoint>509</DataPoint>
<DataPoint>480</DataPoint>
<DataPoint>467</DataPoint>
<DataPoint>484</DataPoint>
<DataPoint>463</DataPoint>
<DataPoint>489</DataPoint>
<DataPoint>539</DataPoint>
<DataPoint>552</DataPoint>
<DataPoint>550</DataPoint>
<DataPoint>574</DataPoint>
<DataPoint>539</DataPoint>
<DataPoint>545</DataPoint>
<DataPoint>557</DataPoint>
<DataPoint>588</DataPoint>
<DataPoint>581</DataPoint>
<DataPoint>543</DataPoint>
<DataPoint>576</DataPoint>
<DataPoint>597</DataPoint>
<DataPoint>655</DataPoint>
<DataPoint>619</DataPoint>
<DataPoint>656</DataPoint>
<DataPoint>664</DataPoint>
<DataPoint>671</DataPoint>
<DataPoint>619</DataPoint>
<DataPoint>665</DataPoint>
<DataPoint>688</DataPoint>
<DataPoint>721</DataPoint>
<DataPoint>754</DataPoint>
<DataPoint>743</DataPoint>
<DataPoint>764</DataPoint>
<DataPoint>764</DataPoint>
<DataPoint>772</DataPoint>
<DataPoint>759</DataPoint>
<DataPoint>792</DataPoint>
<DataPoint>785</DataPoint>
<DataPoint>810</DataPoint>
<DataPoint>812</DataPoint>
<DataPoint>801</DataPoint>
<DataPoint>850</DataPoint>
<DataPoint>822</DataPoint>
<DataPoint>820</DataPoint>
<DataPoint>825</DataPoint>
<DataPoint>787</DataPoint>
<DataPoint>818</DataPoint>
<DataPoint>806</DataPoint>
<DataPoint>808</DataPoint>
<DataPoint>818</DataPoint>
<DataPoint>815</DataPoint>
<DataPoint>826</DataPoint>
<DataPoint>817</DataPoint>
<DataPoint>795</DataPoint>
<DataPoint>810</DataPoint>
<DataPoint>802</DataPoint>
<DataPoint>846</DataPoint>
<DataPoint>761</DataPoint>
<DataPoint>765</DataPoint>
<DataPoint>695</DataPoint>
<DataPoint>731</DataPoint>
<DataPoint>669</DataPoint>
<DataPoint>739</DataPoint>
<DataPoint>724</DataPoint>
<DataPoint>658</DataPoint>
<DataPoint>634</DataPoint>
<DataPoint>650</DataPoint>
<DataPoint>652</DataPoint>
<DataPoint>672</DataPoint>
<DataPoint>612</DataPoint>
<DataPoint>573</DataPoint>
<DataPoint>613</DataPoint>
<DataPoint>517</DataPoint>
<DataPoint>548</DataPoint>
<DataPoint>585</DataPoint>
<DataPoint>538</DataPoint>
<DataPoint>486</DataPoint>
<DataPoint>481</DataPoint>
<DataPoint>495</DataPoint>
<DataPoint>498</DataPoint>
<DataPoint>481</DataPoint>
<DataPoint>454</DataPoint>
<DataPoint>457</DataPoint>
<DataPoint>399</DataPoint>
<DataPoint>428</DataPoint>
<DataPoint>433</DataPoint>
<DataPoint>428</DataPoint>
<DataPoint>402</DataPoint>
<DataPoint>408</DataPoint>
<DataPoint>387</DataPoint>
<DataPoint>422</DataPoint>
<DataPoint>374</DataPoint>
<DataPoint>388</DataPoint>
<DataPoint>345</DataPoint>
<DataPoint>409</DataPoint>
<DataPoint>383</DataPoint>
<DataPoint>405</DataPoint>
<DataPoint>368</DataPoint>
<DataPoint>354</DataPoint>
<DataPoint>341</DataPoint>
<DataPoint>346</DataPoint>
<DataPoint>368</DataPoint>
<DataPoint>378</DataPoint>
<DataPoint>368</DataPoint>
<DataPoint>367</DataPoint>
<DataPoint>352</DataPoint>
<DataPoint>317</DataPoint>
<DataPoint>350</DataPoint>
<DataPoint>336</DataPoint>
<DataPoint>331</DataPoint>
<DataPoint>360</DataPoint>
<DataPoint>353</DataPoint>
<DataPoint>373</DataPoint>
<DataPoint>344</DataPoint>
<DataPoint>364</DataPoint>
<DataPoint>325</DataPoint>
<DataPoint>370</DataPoint>
<DataPoint>350</DataPoint>
<DataPoint>357</DataPoint>
<DataPoint>370</DataPoint>
<DataPoint>335</DataPoint>
<DataPoint>378</DataPoint>
<DataPoint>332</DataPoint>
<DataPoint>366</DataPoint>
<DataPoint>367</DataPoint>
<DataPoint>322</DataPoint>
<DataPoint>329</DataPoint>
<DataPoint>357</DataPoint>
<DataPoint>349</DataPoint>
<DataPoint>366</DataPoint>
<DataPoint>349</DataPoint>
<DataPoint>321</DataPoint>
<DataPoint>357</DataPoint>
<DataPoint>349</DataPoint>
<DataPoint>375</DataPoint>
<DataPoint>340</DataPoint>
<DataPoint>339</DataPoint>
<DataPoint>358</DataPoint>
<DataPoint>338</DataPoint>
<DataPoint>316</DataPoint>
<DataPoint>364</DataPoint>
<DataPoint>357</DataPoint>
<DataPoint>350</DataPoint>
<DataPoint>366</DataPoint>
<DataPoint>384</DataPoint>
<DataPoint>367</DataPoint>
<DataPoint>356</DataPoint>
<DataPoint>372</DataPoint>
<DataPoint>360</DataPoint>
<DataPoint>367</DataPoint>
<DataPoint>346</DataPoint>
<DataPoint>346</DataPoint>
<DataPoint>377</DataPoint>
<DataPoint>347</DataPoint>
<DataPoint>334</DataPoint>
<DataPoint>364</DataPoint>
<DataPoint>322</DataPoint>
<DataPoint>349</DataPoint>
<DataPoint>351</DataPoint>
<DataPoint>324</DataPoint>
<DataPoint>331</DataPoint>
<DataPoint>303</DataPoint>
<DataPoint>288</DataPoint>
<DataPoint>374</DataPoint>
<DataPoint>327</DataPoint>
<DataPoint>349</DataPoint>
<DataPoint>331</DataPoint>
<DataPoint>335</DataPoint>
<DataPoint>334</DataPoint>
<DataPoint>305</DataPoint>
<DataPoint>328</DataPoint>
<DataPoint>351</DataPoint>
<DataPoint>318</DataPoint>
<DataPoint>329</DataPoint>
<DataPoint>350</DataPoint>
<DataPoint>340</DataPoint>
<DataPoint>360</DataPoint>
<DataPoint>328</DataPoint>
<DataPoint>322</DataPoint>
<DataPoint>347</DataPoint>
<DataPoint>331</DataPoint>
<DataPoint>326</DataPoint>
<DataPoint>349</DataPoint>
<DataPoint>354</DataPoint>
<DataPoint>323</DataPoint>
<DataPoint>307</DataPoint>
<DataPoint>326</DataPoint>
<DataPoint>356</DataPoint>
<DataPoint>336</DataPoint>
<DataPoint>329</DataPoint>
<DataPoint>377</DataPoint>
<DataPoint>353</DataPoint>
<DataPoint>349</DataPoint>
<DataPoint>367</DataPoint>
<DataPoint>341</DataPoint>
<DataPoint>370</DataPoint>
<DataPoint>373</DataPoint>
<DataPoint>375</DataPoint>
<DataPoint>353</DataPoint>
<DataPoint>369</DataPoint>
<DataPoint>361</DataPoint>
<DataPoint>344</DataPoint>
<DataPoint>367</DataPoint>
<DataPoint>375</DataPoint>
<DataPoint>387</DataPoint>
<DataPoint>378</DataPoint>
<DataPoint>374</DataPoint>
<DataPoint>374</DataPoint>
<DataPoint>394</DataPoint>
<DataPoint>383</DataPoint>
<DataPoint>375</DataPoint>
<DataPoint>387</DataPoint>
<DataPoint>354</DataPoint>
<DataPoint>379</DataPoint>
<DataPoint>417</DataPoint>
<DataPoint>382</DataPoint>
<DataPoint>404</DataPoint>
<DataPoint>415</DataPoint>
<DataPoint>368</DataPoint>
<DataPoint>394</DataPoint>
<DataPoint>380</DataPoint>
<DataPoint>420</DataPoint>
<DataPoint>374</DataPoint>
<DataPoint>386</DataPoint>
<DataPoint>397</DataPoint>
<DataPoint>369</DataPoint>
<DataPoint>397</DataPoint>
<DataPoint>372</DataPoint>
<DataPoint>373</DataPoint>
<DataPoint>366</DataPoint>
<DataPoint>393</DataPoint>
<DataPoint>383</DataPoint>
<DataPoint>390</DataPoint>
<DataPoint>399</DataPoint>
<DataPoint>405</DataPoint>
<DataPoint>377</DataPoint>
<DataPoint>378</DataPoint>
<DataPoint>367</DataPoint>
<DataPoint>374</DataPoint>
<DataPoint>388</DataPoint>
<DataPoint>367</DataPoint>
<DataPoint>390</DataPoint>
<DataPoint>377</DataPoint>
<DataPoint>359</DataPoint>
<DataPoint>390</DataPoint>
<DataPoint>395</DataPoint>
<DataPoint>356</DataPoint>
<DataPoint>396</DataPoint>
<DataPoint>401</DataPoint>
<DataPoint>351</DataPoint>
<DataPoint>386</DataPoint>
<DataPoint>381</DataPoint>
<DataPoint>376</DataPoint>
<DataPoint>383</DataPoint>
<DataPoint>366</DataPoint>
<DataPoint>360</DataPoint>
<DataPoint>366</DataPoint>
<DataPoint>352</DataPoint>
<DataPoint>364</DataPoint>
<DataPoint>360</DataPoint>
<DataPoint>367</DataPoint>
<DataPoint>369</DataPoint>
<DataPoint>377</DataPoint>
<DataPoint>337</DataPoint>
<DataPoint>368</DataPoint>
<DataPoint>368</DataPoint>
<DataPoint>359</DataPoint>
<DataPoint>356</DataPoint>
<DataPoint>354</DataPoint>
<DataPoint>357</DataPoint>
<DataPoint>336</DataPoint>
<DataPoint>367</DataPoint>
<DataPoint>341</DataPoint>
<DataPoint>318</DataPoint>
<DataPoint>340</DataPoint>
<DataPoint>356</DataPoint>
<DataPoint>344</DataPoint>
<DataPoint>320</DataPoint>
<DataPoint>356</DataPoint>
<DataPoint>337</DataPoint>
<DataPoint>316</DataPoint>
<DataPoint>309</DataPoint>
<DataPoint>310</DataPoint>
<DataPoint>298</DataPoint>
<DataPoint>289</DataPoint>
<DataPoint>310</DataPoint>
<DataPoint>292</DataPoint>
<DataPoint>287</DataPoint>
<DataPoint>274</DataPoint>
<DataPoint>315</DataPoint>
<DataPoint>295</DataPoint>
<DataPoint>269</DataPoint>
<DataPoint>275</DataPoint>
<DataPoint>259</DataPoint>
<DataPoint>279</DataPoint>
<DataPoint>240</DataPoint>
<DataPoint>278</DataPoint>
<DataPoint>236</DataPoint>
<DataPoint>232</DataPoint>
<DataPoint>235</DataPoint>
<DataPoint>251</DataPoint>
<DataPoint>231</DataPoint>
<DataPoint>195</DataPoint>
<DataPoint>225</DataPoint>
<DataPoint>225</DataPoint>
<DataPoint>222</DataPoint>
<DataPoint>200</DataPoint>
<DataPoint>183</DataPoint>
<DataPoint>192</DataPoint>
<DataPoint>164</DataPoint>
<DataPoint>195</DataPoint>
<DataPoint>190</DataPoint>
<DataPoint>163</DataPoint>
<DataPoint>149</DataPoint>
<DataPoint>162</DataPoint>
<DataPoint>162</DataPoint>
<DataPoint>156</DataPoint>
<DataPoint>141</DataPoint>
<DataPoint>158</DataPoint>
<DataPoint>154</DataPoint>
<DataPoint>155</DataPoint>
<DataPoint>138</DataPoint>
<DataPoint>126</DataPoint>
<DataPoint>126</DataPoint>
<DataPoint>114</DataPoint>
<DataPoint>118</DataPoint>
<DataPoint>115</DataPoint>
<DataPoint>114</DataPoint>
<DataPoint>112</DataPoint>
<DataPoint>116</DataPoint>
<DataPoint>132</DataPoint>
<DataPoint>132</DataPoint>
<DataPoint>110</DataPoint>
<DataPoint>123</DataPoint>
<DataPoint>103</DataPoint>
<DataPoint>118</DataPoint>
<DataPoint>100</DataPoint>
<DataPoint>118</DataPoint>
<DataPoint>107</DataPoint>
<DataPoint>101</DataPoint>
<DataPoint>113</DataPoint>
<DataPoint>113</DataPoint>
<DataPoint>104</DataPoint>
<DataPoint>114</DataPoint>
<DataPoint>111</DataPoint>
<DataPoint>97</DataPoint>
<DataPoint>128</DataPoint>
<DataPoint>111</DataPoint>
<DataPoint>108</DataPoint>
<DataPoint>141</DataPoint>
<DataPoint>124</DataPoint>
<DataPoint>124</DataPoint>
<DataPoint>113</DataPoint>
<DataPoint>124</DataPoint>
<DataPoint>123</DataPoint>
<DataPoint>147</DataPoint>
<DataPoint>151</DataPoint>
<DataPoint>128</DataPoint>
<DataPoint>127</DataPoint>
<DataPoint>155</DataPoint>
<DataPoint>122</DataPoint>
<DataPoint>127</DataPoint>
<DataPoint>149</DataPoint>
<DataPoint>136</DataPoint>
<DataPoint>145</DataPoint>
<DataPoint>133</DataPoint>
<DataPoint>151</DataPoint>
<DataPoint>129</DataPoint>
<DataPoint>160</DataPoint>
<DataPoint>150</DataPoint>
<DataPoint>149</DataPoint>
<DataPoint>165</DataPoint>
<DataPoint>143</DataPoint>
<DataPoint>163</DataPoint>
<DataPoint>162</DataPoint>
<DataPoint>156</DataPoint>
<DataPoint>139</DataPoint>
<DataPoint>121</DataPoint>
<DataPoint>149</DataPoint>
<DataPoint>142</DataPoint>
<DataPoint>167</DataPoint>
<DataPoint>132</DataPoint>
<DataPoint>160</DataPoint>
<DataPoint>157</DataPoint>
<DataPoint>142</DataPoint>
<DataPoint>145</DataPoint>
<DataPoint>120</DataPoint>
<DataPoint>124</DataPoint>
<DataPoint>135</DataPoint>
<DataPoint>124</DataPoint>
<DataPoint>118</DataPoint>
<DataPoint>120</DataPoint>
<DataPoint>116</DataPoint>
<DataPoint>126</DataPoint>
<DataPoint>123</DataPoint>
<DataPoint>101</DataPoint>
<DataPoint>94</DataPoint>
<DataPoint>110</DataPoint>
<DataPoint>84</DataPoint>
<DataPoint>109</DataPoint>
<DataPoint>85</DataPoint>
<DataPoint>93</DataPoint>
<DataPoint>88</DataPoint>
<DataPoint>98</DataPoint>
<DataPoint>84</DataPoint>
<DataPoint>84</DataPoint>
<DataPoint>60</DataPoint>
<DataPoint>59</DataPoint>
<DataPoint>72</DataPoint>
<DataPoint>73</DataPoint>
<DataPoint>68</DataPoint>
<DataPoint>56</DataPoint>
<DataPoint>59</DataPoint>
<DataPoint>46</DataPoint>
<DataPoint>62</DataPoint>
<DataPoint>44</DataPoint>
<DataPoint>43</DataPoint>
<DataPoint>48</DataPoint>
<DataPoint>43</DataPoint>
<DataPoint>33</DataPoint>
<DataPoint>38</DataPoint>
<DataPoint>31</DataPoint>
<DataPoint>38</DataPoint>
<DataPoint>34</DataPoint>
<DataPoint>30</DataPoint>
<DataPoint>27</DataPoint>
<DataPoint>30</DataPoint>
<DataPoint>31</DataPoint>
<DataPoint>15</DataPoint>
<DataPoint>21</DataPoint>
<DataPoint>17</DataPoint>
<DataPoint>27</DataPoint>
<DataPoint>24</DataPoint>
<DataPoint>16</DataPoint>
<DataPoint>10</DataPoint>
<DataPoint>13</DataPoint>
<DataPoint>21</DataPoint>
<DataPoint>23</DataPoint>
<DataPoint>10</DataPoint>
<DataPoint>8</DataPoint>
<DataPoint>17</DataPoint>
<DataPoint>16</DataPoint>
<DataPoint>9</DataPoint>
<DataPoint>17</DataPoint>
<DataPoint>18</DataPoint>
<DataPoint>16</DataPoint>
<DataPoint>18</DataPoint>
<DataPoint>14</DataPoint>
<DataPoint>10</DataPoint>
<DataPoint>14</DataPoint>
<DataPoint>6</DataPoint>
<DataPoint>15</DataPoint>
<DataPoint>10</DataPoint>
<DataPoint>17</DataPoint>
<DataPoint>13</DataPoint>
<DataPoint>7</DataPoint>
<DataPoint>11</DataPoint>
<DataPoint>9</DataPoint>
<DataPoint>12</DataPoint>
<DataPoint>10</DataPoint>
<DataPoint>12</DataPoint>
<DataPoint>10</DataPoint>
<DataPoint>14</DataPoint>
<DataPoint>11</DataPoint>
<DataPoint>15</DataPoint>
<DataPoint>11</DataPoint>
<DataPoint>5</DataPoint>
<DataPoint>7</DataPoint>
<DataPoint>10</DataPoint>
<DataPoint>4</DataPoint>
<DataPoint>10</DataPoint>
<DataPoint>7</DataPoint>
<DataPoint>6</DataPoint>
<DataPoint>7</DataPoint>
<DataPoint>3</DataPoint>
<DataPoint>7</DataPoint>
<DataPoint>8</DataPoint>
<DataPoint>14</DataPoint>
<DataPoint>9</DataPoint>
<DataPoint>4</DataPoint>
<DataPoint>7</DataPoint>
<DataPoint>6</DataPoint>
<DataPoint>10</DataPoint>
<DataPoint>7</DataPoint>
<DataPoint>9</DataPoint>
<DataPoint>9</DataPoint>
<DataPoint>16</DataPoint>
<DataPoint>8</DataPoint>
<DataPoint>3</DataPoint>
<DataPoint>3</DataPoint>
<DataPoint>5</DataPoint>
<DataPoint>10</DataPoint>
<DataPoint>5</DataPoint>
<DataPoint>9</DataPoint>
<DataPoint>6</DataPoint>
<DataPoint>4</DataPoint>
<DataPoint>4</DataPoint>
<DataPoint>8</DataPoint>
<DataPoint>6</DataPoint>
<DataPoint>5</DataPoint>
<DataPoint>6</DataPoint>
<DataPoint>5776</DataPoint>

  </Spectrum>
 </EnergySpectrum>


      

      <Visible>true</Visible>
      <PulseCollection>
        <Format>Base64 encoded binary</Format>
        <Pulses />
      </PulseCollection>
    </ResultData>
  </ResultDataList>
</ResultDataFile>
