<?xml version="1.0"?>
<ResultDataFile xmlns:xsd="http://www.w3.org/2001/XMLSchema" xmlns:xsi="http://www.w3.org/2001/XMLSchema-instance">
  <FormatVersion>120920</FormatVersion>
  <ResultDataList>
    <ResultData>
      <DeviceConfigReference>
        <Name>RadiaCode-102</Name>
      </DeviceConfigReference>
      <SampleInfo>
        <Name><![CDATA[Spectrum_2025-05-15 15-40-53]]></Name>
        <Note><![CDATA[]]></Note>
      </SampleInfo>
      <BackgroundSpectrumFile><![CDATA[]]></BackgroundSpectrumFile>

       <StartTime>2025-05-14T18:12:12</StartTime>
 <EndTime>2025-05-15T13:40:53</EndTime>

 <EnergySpectrum>
  <NumberOfChannels>1024</NumberOfChannels>
  <ChannelPitch>1</ChannelPitch>
  <SpectrumName><![CDATA[Spectrum_2025-05-15 15-40-53]]></SpectrumName>
  <Comment></Comment>
  <SerialNumber>RC-102-000590</SerialNumber>
  <EnergyCalibration>
    <PolynomialOrder>2</PolynomialOrder>
    <Coefficients>
      <Coefficient>0.0</Coefficient>
      <Coefficient>2.587912</Coefficient>
      <Coefficient>3.9374965E-4</Coefficient>
    </Coefficients>
  </EnergyCalibration>
  <MeasurementTime>70121</MeasurementTime>
  <LiveTime>70102.09</LiveTime>
  <Spectrum>
    <DataPoint>3</DataPoint>
<DataPoint>260</DataPoint>
<DataPoint>4094</DataPoint>
<DataPoint>8788</DataPoint>
<DataPoint>6983</DataPoint>
<DataPoint>3842</DataPoint>
<DataPoint>4082</DataPoint>
<DataPoint>7678</DataPoint>
<DataPoint>25664</DataPoint>
<DataPoint>51394</DataPoint>
<DataPoint>64459</DataPoint>
<DataPoint>67079</DataPoint>
<DataPoint>62392</DataPoint>
<DataPoint>50848</DataPoint>
<DataPoint>38100</DataPoint>
<DataPoint>28200</DataPoint>
<DataPoint>25388</DataPoint>
<DataPoint>30262</DataPoint>
<DataPoint>44401</DataPoint>
<DataPoint>67792</DataPoint>
<DataPoint>103306</DataPoint>
<DataPoint>151990</DataPoint>
<DataPoint>210195</DataPoint>
<DataPoint>273570</DataPoint>
<DataPoint>329521</DataPoint>
<DataPoint>366395</DataPoint>
<DataPoint>367670</DataPoint>
<DataPoint>336083</DataPoint>
<DataPoint>276329</DataPoint>
<DataPoint>205371</DataPoint>
<DataPoint>138513</DataPoint>
<DataPoint>85403</DataPoint>
<DataPoint>48773</DataPoint>
<DataPoint>26736</DataPoint>
<DataPoint>15183</DataPoint>
<DataPoint>9765</DataPoint>
<DataPoint>7595</DataPoint>
<DataPoint>6726</DataPoint>
<DataPoint>6584</DataPoint>
<DataPoint>6515</DataPoint>
<DataPoint>6696</DataPoint>
<DataPoint>6803</DataPoint>
<DataPoint>6738</DataPoint>
<DataPoint>6619</DataPoint>
<DataPoint>6587</DataPoint>
<DataPoint>6360</DataPoint>
<DataPoint>5931</DataPoint>
<DataPoint>5587</DataPoint>
<DataPoint>5377</DataPoint>
<DataPoint>5012</DataPoint>
<DataPoint>4790</DataPoint>
<DataPoint>4578</DataPoint>
<DataPoint>4481</DataPoint>
<DataPoint>4227</DataPoint>
<DataPoint>4095</DataPoint>
<DataPoint>3892</DataPoint>
<DataPoint>3712</DataPoint>
<DataPoint>3718</DataPoint>
<DataPoint>3417</DataPoint>
<DataPoint>3404</DataPoint>
<DataPoint>3335</DataPoint>
<DataPoint>3074</DataPoint>
<DataPoint>3025</DataPoint>
<DataPoint>2885</DataPoint>
<DataPoint>2760</DataPoint>
<DataPoint>2572</DataPoint>
<DataPoint>2592</DataPoint>
<DataPoint>2465</DataPoint>
<DataPoint>2356</DataPoint>
<DataPoint>2311</DataPoint>
<DataPoint>2202</DataPoint>
<DataPoint>2181</DataPoint>
<DataPoint>2077</DataPoint>
<DataPoint>2015</DataPoint>
<DataPoint>1963</DataPoint>
<DataPoint>1850</DataPoint>
<DataPoint>1823</DataPoint>
<DataPoint>1776</DataPoint>
<DataPoint>1705</DataPoint>
<DataPoint>1677</DataPoint>
<DataPoint>1636</DataPoint>
<DataPoint>1545</DataPoint>
<DataPoint>1532</DataPoint>
<DataPoint>1426</DataPoint>
<DataPoint>1433</DataPoint>
<DataPoint>1359</DataPoint>
<DataPoint>1261</DataPoint>
<DataPoint>1256</DataPoint>
<DataPoint>1246</DataPoint>
<DataPoint>1227</DataPoint>
<DataPoint>1152</DataPoint>
<DataPoint>1183</DataPoint>
<DataPoint>1028</DataPoint>
<DataPoint>1092</DataPoint>
<DataPoint>1074</DataPoint>
<DataPoint>1036</DataPoint>
<DataPoint>937</DataPoint>
<DataPoint>1006</DataPoint>
<DataPoint>934</DataPoint>
<DataPoint>898</DataPoint>
<DataPoint>849</DataPoint>
<DataPoint>857</DataPoint>
<DataPoint>797</DataPoint>
<DataPoint>771</DataPoint>
<DataPoint>727</DataPoint>
<DataPoint>713</DataPoint>
<DataPoint>702</DataPoint>
<DataPoint>602</DataPoint>
<DataPoint>585</DataPoint>
<DataPoint>615</DataPoint>
<DataPoint>556</DataPoint>
<DataPoint>544</DataPoint>
<DataPoint>509</DataPoint>
<DataPoint>542</DataPoint>
<DataPoint>577</DataPoint>
<DataPoint>511</DataPoint>
<DataPoint>523</DataPoint>
<DataPoint>508</DataPoint>
<DataPoint>412</DataPoint>
<DataPoint>477</DataPoint>
<DataPoint>446</DataPoint>
<DataPoint>428</DataPoint>
<DataPoint>445</DataPoint>
<DataPoint>455</DataPoint>
<DataPoint>434</DataPoint>
<DataPoint>380</DataPoint>
<DataPoint>413</DataPoint>
<DataPoint>373</DataPoint>
<DataPoint>355</DataPoint>
<DataPoint>346</DataPoint>
<DataPoint>391</DataPoint>
<DataPoint>327</DataPoint>
<DataPoint>362</DataPoint>
<DataPoint>315</DataPoint>
<DataPoint>300</DataPoint>
<DataPoint>339</DataPoint>
<DataPoint>317</DataPoint>
<DataPoint>311</DataPoint>
<DataPoint>306</DataPoint>
<DataPoint>275</DataPoint>
<DataPoint>264</DataPoint>
<DataPoint>269</DataPoint>
<DataPoint>275</DataPoint>
<DataPoint>249</DataPoint>
<DataPoint>242</DataPoint>
<DataPoint>257</DataPoint>
<DataPoint>200</DataPoint>
<DataPoint>225</DataPoint>
<DataPoint>220</DataPoint>
<DataPoint>206</DataPoint>
<DataPoint>221</DataPoint>
<DataPoint>208</DataPoint>
<DataPoint>211</DataPoint>
<DataPoint>204</DataPoint>
<DataPoint>183</DataPoint>
<DataPoint>180</DataPoint>
<DataPoint>198</DataPoint>
<DataPoint>168</DataPoint>
<DataPoint>154</DataPoint>
<DataPoint>150</DataPoint>
<DataPoint>171</DataPoint>
<DataPoint>171</DataPoint>
<DataPoint>162</DataPoint>
<DataPoint>127</DataPoint>
<DataPoint>152</DataPoint>
<DataPoint>138</DataPoint>
<DataPoint>138</DataPoint>
<DataPoint>167</DataPoint>
<DataPoint>153</DataPoint>
<DataPoint>138</DataPoint>
<DataPoint>142</DataPoint>
<DataPoint>140</DataPoint>
<DataPoint>134</DataPoint>
<DataPoint>150</DataPoint>
<DataPoint>142</DataPoint>
<DataPoint>127</DataPoint>
<DataPoint>144</DataPoint>
<DataPoint>139</DataPoint>
<DataPoint>128</DataPoint>
<DataPoint>132</DataPoint>
<DataPoint>121</DataPoint>
<DataPoint>125</DataPoint>
<DataPoint>121</DataPoint>
<DataPoint>130</DataPoint>
<DataPoint>117</DataPoint>
<DataPoint>116</DataPoint>
<DataPoint>128</DataPoint>
<DataPoint>109</DataPoint>
<DataPoint>120</DataPoint>
<DataPoint>109</DataPoint>
<DataPoint>112</DataPoint>
<DataPoint>112</DataPoint>
<DataPoint>109</DataPoint>
<DataPoint>114</DataPoint>
<DataPoint>94</DataPoint>
<DataPoint>111</DataPoint>
<DataPoint>89</DataPoint>
<DataPoint>132</DataPoint>
<DataPoint>104</DataPoint>
<DataPoint>110</DataPoint>
<DataPoint>99</DataPoint>
<DataPoint>108</DataPoint>
<DataPoint>103</DataPoint>
<DataPoint>106</DataPoint>
<DataPoint>101</DataPoint>
<DataPoint>86</DataPoint>
<DataPoint>110</DataPoint>
<DataPoint>83</DataPoint>
<DataPoint>94</DataPoint>
<DataPoint>77</DataPoint>
<DataPoint>103</DataPoint>
<DataPoint>91</DataPoint>
<DataPoint>80</DataPoint>
<DataPoint>91</DataPoint>
<DataPoint>81</DataPoint>
<DataPoint>84</DataPoint>
<DataPoint>115</DataPoint>
<DataPoint>91</DataPoint>
<DataPoint>96</DataPoint>
<DataPoint>76</DataPoint>
<DataPoint>93</DataPoint>
<DataPoint>79</DataPoint>
<DataPoint>84</DataPoint>
<DataPoint>97</DataPoint>
<DataPoint>104</DataPoint>
<DataPoint>80</DataPoint>
<DataPoint>84</DataPoint>
<DataPoint>95</DataPoint>
<DataPoint>95</DataPoint>
<DataPoint>99</DataPoint>
<DataPoint>73</DataPoint>
<DataPoint>79</DataPoint>
<DataPoint>98</DataPoint>
<DataPoint>73</DataPoint>
<DataPoint>65</DataPoint>
<DataPoint>75</DataPoint>
<DataPoint>83</DataPoint>
<DataPoint>69</DataPoint>
<DataPoint>83</DataPoint>
<DataPoint>70</DataPoint>
<DataPoint>69</DataPoint>
<DataPoint>75</DataPoint>
<DataPoint>72</DataPoint>
<DataPoint>80</DataPoint>
<DataPoint>62</DataPoint>
<DataPoint>62</DataPoint>
<DataPoint>76</DataPoint>
<DataPoint>69</DataPoint>
<DataPoint>61</DataPoint>
<DataPoint>61</DataPoint>
<DataPoint>51</DataPoint>
<DataPoint>48</DataPoint>
<DataPoint>43</DataPoint>
<DataPoint>60</DataPoint>
<DataPoint>59</DataPoint>
<DataPoint>72</DataPoint>
<DataPoint>48</DataPoint>
<DataPoint>53</DataPoint>
<DataPoint>52</DataPoint>
<DataPoint>63</DataPoint>
<DataPoint>44</DataPoint>
<DataPoint>45</DataPoint>
<DataPoint>53</DataPoint>
<DataPoint>45</DataPoint>
<DataPoint>65</DataPoint>
<DataPoint>51</DataPoint>
<DataPoint>61</DataPoint>
<DataPoint>43</DataPoint>
<DataPoint>51</DataPoint>
<DataPoint>42</DataPoint>
<DataPoint>53</DataPoint>
<DataPoint>47</DataPoint>
<DataPoint>59</DataPoint>
<DataPoint>50</DataPoint>
<DataPoint>50</DataPoint>
<DataPoint>42</DataPoint>
<DataPoint>52</DataPoint>
<DataPoint>42</DataPoint>
<DataPoint>45</DataPoint>
<DataPoint>51</DataPoint>
<DataPoint>51</DataPoint>
<DataPoint>39</DataPoint>
<DataPoint>49</DataPoint>
<DataPoint>42</DataPoint>
<DataPoint>53</DataPoint>
<DataPoint>51</DataPoint>
<DataPoint>44</DataPoint>
<DataPoint>54</DataPoint>
<DataPoint>32</DataPoint>
<DataPoint>58</DataPoint>
<DataPoint>37</DataPoint>
<DataPoint>42</DataPoint>
<DataPoint>37</DataPoint>
<DataPoint>53</DataPoint>
<DataPoint>48</DataPoint>
<DataPoint>46</DataPoint>
<DataPoint>44</DataPoint>
<DataPoint>41</DataPoint>
<DataPoint>32</DataPoint>
<DataPoint>52</DataPoint>
<DataPoint>37</DataPoint>
<DataPoint>50</DataPoint>
<DataPoint>41</DataPoint>
<DataPoint>44</DataPoint>
<DataPoint>39</DataPoint>
<DataPoint>37</DataPoint>
<DataPoint>39</DataPoint>
<DataPoint>38</DataPoint>
<DataPoint>38</DataPoint>
<DataPoint>32</DataPoint>
<DataPoint>43</DataPoint>
<DataPoint>47</DataPoint>
<DataPoint>34</DataPoint>
<DataPoint>37</DataPoint>
<DataPoint>52</DataPoint>
<DataPoint>31</DataPoint>
<DataPoint>36</DataPoint>
<DataPoint>53</DataPoint>
<DataPoint>43</DataPoint>
<DataPoint>32</DataPoint>
<DataPoint>33</DataPoint>
<DataPoint>37</DataPoint>
<DataPoint>41</DataPoint>
<DataPoint>37</DataPoint>
<DataPoint>34</DataPoint>
<DataPoint>46</DataPoint>
<DataPoint>36</DataPoint>
<DataPoint>38</DataPoint>
<DataPoint>37</DataPoint>
<DataPoint>33</DataPoint>
<DataPoint>32</DataPoint>
<DataPoint>36</DataPoint>
<DataPoint>28</DataPoint>
<DataPoint>39</DataPoint>
<DataPoint>47</DataPoint>
<DataPoint>34</DataPoint>
<DataPoint>27</DataPoint>
<DataPoint>40</DataPoint>
<DataPoint>39</DataPoint>
<DataPoint>45</DataPoint>
<DataPoint>29</DataPoint>
<DataPoint>34</DataPoint>
<DataPoint>29</DataPoint>
<DataPoint>37</DataPoint>
<DataPoint>30</DataPoint>
<DataPoint>35</DataPoint>
<DataPoint>26</DataPoint>
<DataPoint>33</DataPoint>
<DataPoint>37</DataPoint>
<DataPoint>32</DataPoint>
<DataPoint>25</DataPoint>
<DataPoint>25</DataPoint>
<DataPoint>28</DataPoint>
<DataPoint>31</DataPoint>
<DataPoint>40</DataPoint>
<DataPoint>35</DataPoint>
<DataPoint>42</DataPoint>
<DataPoint>29</DataPoint>
<DataPoint>33</DataPoint>
<DataPoint>34</DataPoint>
<DataPoint>33</DataPoint>
<DataPoint>30</DataPoint>
<DataPoint>33</DataPoint>
<DataPoint>31</DataPoint>
<DataPoint>32</DataPoint>
<DataPoint>29</DataPoint>
<DataPoint>27</DataPoint>
<DataPoint>26</DataPoint>
<DataPoint>23</DataPoint>
<DataPoint>30</DataPoint>
<DataPoint>27</DataPoint>
<DataPoint>28</DataPoint>
<DataPoint>23</DataPoint>
<DataPoint>32</DataPoint>
<DataPoint>35</DataPoint>
<DataPoint>36</DataPoint>
<DataPoint>34</DataPoint>
<DataPoint>25</DataPoint>
<DataPoint>21</DataPoint>
<DataPoint>34</DataPoint>
<DataPoint>26</DataPoint>
<DataPoint>18</DataPoint>
<DataPoint>29</DataPoint>
<DataPoint>36</DataPoint>
<DataPoint>26</DataPoint>
<DataPoint>45</DataPoint>
<DataPoint>34</DataPoint>
<DataPoint>24</DataPoint>
<DataPoint>26</DataPoint>
<DataPoint>33</DataPoint>
<DataPoint>23</DataPoint>
<DataPoint>25</DataPoint>
<DataPoint>15</DataPoint>
<DataPoint>23</DataPoint>
<DataPoint>34</DataPoint>
<DataPoint>24</DataPoint>
<DataPoint>33</DataPoint>
<DataPoint>21</DataPoint>
<DataPoint>26</DataPoint>
<DataPoint>27</DataPoint>
<DataPoint>32</DataPoint>
<DataPoint>23</DataPoint>
<DataPoint>25</DataPoint>
<DataPoint>29</DataPoint>
<DataPoint>26</DataPoint>
<DataPoint>30</DataPoint>
<DataPoint>26</DataPoint>
<DataPoint>30</DataPoint>
<DataPoint>27</DataPoint>
<DataPoint>32</DataPoint>
<DataPoint>17</DataPoint>
<DataPoint>21</DataPoint>
<DataPoint>23</DataPoint>
<DataPoint>30</DataPoint>
<DataPoint>21</DataPoint>
<DataPoint>24</DataPoint>
<DataPoint>17</DataPoint>
<DataPoint>31</DataPoint>
<DataPoint>31</DataPoint>
<DataPoint>26</DataPoint>
<DataPoint>30</DataPoint>
<DataPoint>17</DataPoint>
<DataPoint>24</DataPoint>
<DataPoint>22</DataPoint>
<DataPoint>27</DataPoint>
<DataPoint>21</DataPoint>
<DataPoint>23</DataPoint>
<DataPoint>29</DataPoint>
<DataPoint>25</DataPoint>
<DataPoint>19</DataPoint>
<DataPoint>20</DataPoint>
<DataPoint>30</DataPoint>
<DataPoint>25</DataPoint>
<DataPoint>17</DataPoint>
<DataPoint>21</DataPoint>
<DataPoint>27</DataPoint>
<DataPoint>12</DataPoint>
<DataPoint>28</DataPoint>
<DataPoint>25</DataPoint>
<DataPoint>26</DataPoint>
<DataPoint>37</DataPoint>
<DataPoint>17</DataPoint>
<DataPoint>23</DataPoint>
<DataPoint>23</DataPoint>
<DataPoint>20</DataPoint>
<DataPoint>17</DataPoint>
<DataPoint>24</DataPoint>
<DataPoint>23</DataPoint>
<DataPoint>21</DataPoint>
<DataPoint>22</DataPoint>
<DataPoint>24</DataPoint>
<DataPoint>17</DataPoint>
<DataPoint>11</DataPoint>
<DataPoint>19</DataPoint>
<DataPoint>16</DataPoint>
<DataPoint>15</DataPoint>
<DataPoint>18</DataPoint>
<DataPoint>24</DataPoint>
<DataPoint>19</DataPoint>
<DataPoint>14</DataPoint>
<DataPoint>19</DataPoint>
<DataPoint>15</DataPoint>
<DataPoint>15</DataPoint>
<DataPoint>18</DataPoint>
<DataPoint>13</DataPoint>
<DataPoint>15</DataPoint>
<DataPoint>14</DataPoint>
<DataPoint>15</DataPoint>
<DataPoint>17</DataPoint>
<DataPoint>10</DataPoint>
<DataPoint>11</DataPoint>
<DataPoint>10</DataPoint>
<DataPoint>18</DataPoint>
<DataPoint>14</DataPoint>
<DataPoint>12</DataPoint>
<DataPoint>12</DataPoint>
<DataPoint>10</DataPoint>
<DataPoint>10</DataPoint>
<DataPoint>19</DataPoint>
<DataPoint>4</DataPoint>
<DataPoint>5</DataPoint>
<DataPoint>11</DataPoint>
<DataPoint>18</DataPoint>
<DataPoint>13</DataPoint>
<DataPoint>8</DataPoint>
<DataPoint>4</DataPoint>
<DataPoint>13</DataPoint>
<DataPoint>12</DataPoint>
<DataPoint>7</DataPoint>
<DataPoint>14</DataPoint>
<DataPoint>5</DataPoint>
<DataPoint>11</DataPoint>
<DataPoint>16</DataPoint>
<DataPoint>10</DataPoint>
<DataPoint>6</DataPoint>
<DataPoint>14</DataPoint>
<DataPoint>13</DataPoint>
<DataPoint>19</DataPoint>
<DataPoint>24</DataPoint>
<DataPoint>8</DataPoint>
<DataPoint>11</DataPoint>
<DataPoint>17</DataPoint>
<DataPoint>18</DataPoint>
<DataPoint>13</DataPoint>
<DataPoint>13</DataPoint>
<DataPoint>9</DataPoint>
<DataPoint>20</DataPoint>
<DataPoint>15</DataPoint>
<DataPoint>8</DataPoint>
<DataPoint>11</DataPoint>
<DataPoint>13</DataPoint>
<DataPoint>19</DataPoint>
<DataPoint>20</DataPoint>
<DataPoint>15</DataPoint>
<DataPoint>15</DataPoint>
<DataPoint>20</DataPoint>
<DataPoint>14</DataPoint>
<DataPoint>17</DataPoint>
<DataPoint>23</DataPoint>
<DataPoint>20</DataPoint>
<DataPoint>10</DataPoint>
<DataPoint>22</DataPoint>
<DataPoint>19</DataPoint>
<DataPoint>24</DataPoint>
<DataPoint>24</DataPoint>
<DataPoint>22</DataPoint>
<DataPoint>22</DataPoint>
<DataPoint>26</DataPoint>
<DataPoint>18</DataPoint>
<DataPoint>15</DataPoint>
<DataPoint>17</DataPoint>
<DataPoint>11</DataPoint>
<DataPoint>14</DataPoint>
<DataPoint>19</DataPoint>
<DataPoint>16</DataPoint>
<DataPoint>9</DataPoint>
<DataPoint>15</DataPoint>
<DataPoint>7</DataPoint>
<DataPoint>12</DataPoint>
<DataPoint>18</DataPoint>
<DataPoint>19</DataPoint>
<DataPoint>15</DataPoint>
<DataPoint>11</DataPoint>
<DataPoint>11</DataPoint>
<DataPoint>14</DataPoint>
<DataPoint>10</DataPoint>
<DataPoint>14</DataPoint>
<DataPoint>9</DataPoint>
<DataPoint>13</DataPoint>
<DataPoint>12</DataPoint>
<DataPoint>10</DataPoint>
<DataPoint>10</DataPoint>
<DataPoint>8</DataPoint>
<DataPoint>12</DataPoint>
<DataPoint>17</DataPoint>
<DataPoint>8</DataPoint>
<DataPoint>7</DataPoint>
<DataPoint>11</DataPoint>
<DataPoint>8</DataPoint>
<DataPoint>12</DataPoint>
<DataPoint>12</DataPoint>
<DataPoint>7</DataPoint>
<DataPoint>8</DataPoint>
<DataPoint>5</DataPoint>
<DataPoint>7</DataPoint>
<DataPoint>6</DataPoint>
<DataPoint>6</DataPoint>
<DataPoint>10</DataPoint>
<DataPoint>12</DataPoint>
<DataPoint>6</DataPoint>
<DataPoint>5</DataPoint>
<DataPoint>9</DataPoint>
<DataPoint>6</DataPoint>
<DataPoint>3</DataPoint>
<DataPoint>8</DataPoint>
<DataPoint>6</DataPoint>
<DataPoint>8</DataPoint>
<DataPoint>7</DataPoint>
<DataPoint>12</DataPoint>
<DataPoint>6</DataPoint>
<DataPoint>2</DataPoint>
<DataPoint>7</DataPoint>
<DataPoint>3</DataPoint>
<DataPoint>6</DataPoint>
<DataPoint>7</DataPoint>
<DataPoint>6</DataPoint>
<DataPoint>10</DataPoint>
<DataPoint>7</DataPoint>
<DataPoint>5</DataPoint>
<DataPoint>8</DataPoint>
<DataPoint>5</DataPoint>
<DataPoint>5</DataPoint>
<DataPoint>6</DataPoint>
<DataPoint>11</DataPoint>
<DataPoint>7</DataPoint>
<DataPoint>9</DataPoint>
<DataPoint>11</DataPoint>
<DataPoint>6</DataPoint>
<DataPoint>7</DataPoint>
<DataPoint>10</DataPoint>
<DataPoint>6</DataPoint>
<DataPoint>5</DataPoint>
<DataPoint>4</DataPoint>
<DataPoint>7</DataPoint>
<DataPoint>5</DataPoint>
<DataPoint>7</DataPoint>
<DataPoint>5</DataPoint>
<DataPoint>6</DataPoint>
<DataPoint>7</DataPoint>
<DataPoint>4</DataPoint>
<DataPoint>2</DataPoint>
<DataPoint>5</DataPoint>
<DataPoint>12</DataPoint>
<DataPoint>6</DataPoint>
<DataPoint>9</DataPoint>
<DataPoint>3</DataPoint>
<DataPoint>4</DataPoint>
<DataPoint>1</DataPoint>
<DataPoint>1</DataPoint>
<DataPoint>8</DataPoint>
<DataPoint>7</DataPoint>
<DataPoint>12</DataPoint>
<DataPoint>6</DataPoint>
<DataPoint>8</DataPoint>
<DataPoint>2</DataPoint>
<DataPoint>6</DataPoint>
<DataPoint>6</DataPoint>
<DataPoint>5</DataPoint>
<DataPoint>3</DataPoint>
<DataPoint>6</DataPoint>
<DataPoint>7</DataPoint>
<DataPoint>2</DataPoint>
<DataPoint>6</DataPoint>
<DataPoint>4</DataPoint>
<DataPoint>4</DataPoint>
<DataPoint>1</DataPoint>
<DataPoint>5</DataPoint>
<DataPoint>4</DataPoint>
<DataPoint>4</DataPoint>
<DataPoint>6</DataPoint>
<DataPoint>6</DataPoint>
<DataPoint>8</DataPoint>
<DataPoint>6</DataPoint>
<DataPoint>5</DataPoint>
<DataPoint>3</DataPoint>
<DataPoint>4</DataPoint>
<DataPoint>4</DataPoint>
<DataPoint>3</DataPoint>
<DataPoint>5</DataPoint>
<DataPoint>2</DataPoint>
<DataPoint>4</DataPoint>
<DataPoint>2</DataPoint>
<DataPoint>7</DataPoint>
<DataPoint>1</DataPoint>
<DataPoint>1</DataPoint>
<DataPoint>3</DataPoint>
<DataPoint>0</DataPoint>
<DataPoint>2</DataPoint>
<DataPoint>5</DataPoint>
<DataPoint>2</DataPoint>
<DataPoint>0</DataPoint>
<DataPoint>1</DataPoint>
<DataPoint>5</DataPoint>
<DataPoint>7</DataPoint>
<DataPoint>4</DataPoint>
<DataPoint>2</DataPoint>
<DataPoint>3</DataPoint>
<DataPoint>5</DataPoint>
<DataPoint>4</DataPoint>
<DataPoint>5</DataPoint>
<DataPoint>2</DataPoint>
<DataPoint>4</DataPoint>
<DataPoint>5</DataPoint>
<DataPoint>4</DataPoint>
<DataPoint>1</DataPoint>
<DataPoint>4</DataPoint>
<DataPoint>4</DataPoint>
<DataPoint>5</DataPoint>
<DataPoint>2</DataPoint>
<DataPoint>4</DataPoint>
<DataPoint>1</DataPoint>
<DataPoint>2</DataPoint>
<DataPoint>3</DataPoint>
<DataPoint>4</DataPoint>
<DataPoint>4</DataPoint>
<DataPoint>6</DataPoint>
<DataPoint>0</DataPoint>
<DataPoint>5</DataPoint>
<DataPoint>5</DataPoint>
<DataPoint>0</DataPoint>
<DataPoint>4</DataPoint>
<DataPoint>7</DataPoint>
<DataPoint>4</DataPoint>
<DataPoint>1</DataPoint>
<DataPoint>3</DataPoint>
<DataPoint>2</DataPoint>
<DataPoint>2</DataPoint>
<DataPoint>1</DataPoint>
<DataPoint>2</DataPoint>
<DataPoint>3</DataPoint>
<DataPoint>3</DataPoint>
<DataPoint>4</DataPoint>
<DataPoint>3</DataPoint>
<DataPoint>4</DataPoint>
<DataPoint>3</DataPoint>
<DataPoint>6</DataPoint>
<DataPoint>3</DataPoint>
<DataPoint>3</DataPoint>
<DataPoint>4</DataPoint>
<DataPoint>3</DataPoint>
<DataPoint>3</DataPoint>
<DataPoint>3</DataPoint>
<DataPoint>7</DataPoint>
<DataPoint>4</DataPoint>
<DataPoint>2</DataPoint>
<DataPoint>3</DataPoint>
<DataPoint>4</DataPoint>
<DataPoint>3</DataPoint>
<DataPoint>1</DataPoint>
<DataPoint>5</DataPoint>
<DataPoint>8</DataPoint>
<DataPoint>2</DataPoint>
<DataPoint>1</DataPoint>
<DataPoint>2</DataPoint>
<DataPoint>2</DataPoint>
<DataPoint>6</DataPoint>
<DataPoint>1</DataPoint>
<DataPoint>2</DataPoint>
<DataPoint>3</DataPoint>
<DataPoint>7</DataPoint>
<DataPoint>2</DataPoint>
<DataPoint>2</DataPoint>
<DataPoint>4</DataPoint>
<DataPoint>2</DataPoint>
<DataPoint>2</DataPoint>
<DataPoint>3</DataPoint>
<DataPoint>7</DataPoint>
<DataPoint>1</DataPoint>
<DataPoint>1</DataPoint>
<DataPoint>1</DataPoint>
<DataPoint>3</DataPoint>
<DataPoint>4</DataPoint>
<DataPoint>2</DataPoint>
<DataPoint>1</DataPoint>
<DataPoint>1</DataPoint>
<DataPoint>2</DataPoint>
<DataPoint>5</DataPoint>
<DataPoint>4</DataPoint>
<DataPoint>2</DataPoint>
<DataPoint>3</DataPoint>
<DataPoint>2</DataPoint>
<DataPoint>2</DataPoint>
<DataPoint>2</DataPoint>
<DataPoint>3</DataPoint>
<DataPoint>0</DataPoint>
<DataPoint>9</DataPoint>
<DataPoint>2</DataPoint>
<DataPoint>4</DataPoint>
<DataPoint>3</DataPoint>
<DataPoint>2</DataPoint>
<DataPoint>1</DataPoint>
<DataPoint>1</DataPoint>
<DataPoint>4</DataPoint>
<DataPoint>5</DataPoint>
<DataPoint>0</DataPoint>
<DataPoint>3</DataPoint>
<DataPoint>1</DataPoint>
<DataPoint>3</DataPoint>
<DataPoint>4</DataPoint>
<DataPoint>2</DataPoint>
<DataPoint>1</DataPoint>
<DataPoint>3</DataPoint>
<DataPoint>2</DataPoint>
<DataPoint>5</DataPoint>
<DataPoint>4</DataPoint>
<DataPoint>4</DataPoint>
<DataPoint>5</DataPoint>
<DataPoint>5</DataPoint>
<DataPoint>5</DataPoint>
<DataPoint>3</DataPoint>
<DataPoint>5</DataPoint>
<DataPoint>5</DataPoint>
<DataPoint>1</DataPoint>
<DataPoint>2</DataPoint>
<DataPoint>3</DataPoint>
<DataPoint>2</DataPoint>
<DataPoint>3</DataPoint>
<DataPoint>3</DataPoint>
<DataPoint>3</DataPoint>
<DataPoint>2</DataPoint>
<DataPoint>6</DataPoint>
<DataPoint>4</DataPoint>
<DataPoint>3</DataPoint>
<DataPoint>1</DataPoint>
<DataPoint>4</DataPoint>
<DataPoint>1</DataPoint>
<DataPoint>2</DataPoint>
<DataPoint>2</DataPoint>
<DataPoint>4</DataPoint>
<DataPoint>1</DataPoint>
<DataPoint>5</DataPoint>
<DataPoint>5</DataPoint>
<DataPoint>4</DataPoint>
<DataPoint>3</DataPoint>
<DataPoint>2</DataPoint>
<DataPoint>2</DataPoint>
<DataPoint>4</DataPoint>
<DataPoint>4</DataPoint>
<DataPoint>3</DataPoint>
<DataPoint>1</DataPoint>
<DataPoint>0</DataPoint>
<DataPoint>3</DataPoint>
<DataPoint>2</DataPoint>
<DataPoint>3</DataPoint>
<DataPoint>5</DataPoint>
<DataPoint>3</DataPoint>
<DataPoint>2</DataPoint>
<DataPoint>1</DataPoint>
<DataPoint>5</DataPoint>
<DataPoint>4</DataPoint>
<DataPoint>2</DataPoint>
<DataPoint>2</DataPoint>
<DataPoint>4</DataPoint>
<DataPoint>1</DataPoint>
<DataPoint>5</DataPoint>
<DataPoint>3</DataPoint>
<DataPoint>2</DataPoint>
<DataPoint>0</DataPoint>
<DataPoint>2</DataPoint>
<DataPoint>4</DataPoint>
<DataPoint>2</DataPoint>
<DataPoint>0</DataPoint>
<DataPoint>3</DataPoint>
<DataPoint>6</DataPoint>
<DataPoint>2</DataPoint>
<DataPoint>2</DataPoint>
<DataPoint>2</DataPoint>
<DataPoint>3</DataPoint>
<DataPoint>2</DataPoint>
<DataPoint>0</DataPoint>
<DataPoint>2</DataPoint>
<DataPoint>3</DataPoint>
<DataPoint>2</DataPoint>
<DataPoint>1</DataPoint>
<DataPoint>1</DataPoint>
<DataPoint>4</DataPoint>
<DataPoint>1</DataPoint>
<DataPoint>0</DataPoint>
<DataPoint>1</DataPoint>
<DataPoint>1</DataPoint>
<DataPoint>0</DataPoint>
<DataPoint>3</DataPoint>
<DataPoint>2</DataPoint>
<DataPoint>1</DataPoint>
<DataPoint>1</DataPoint>
<DataPoint>1</DataPoint>
<DataPoint>4</DataPoint>
<DataPoint>1</DataPoint>
<DataPoint>1</DataPoint>
<DataPoint>1</DataPoint>
<DataPoint>1</DataPoint>
<DataPoint>4</DataPoint>
<DataPoint>1</DataPoint>
<DataPoint>1</DataPoint>
<DataPoint>2</DataPoint>
<DataPoint>5</DataPoint>
<DataPoint>1</DataPoint>
<DataPoint>1</DataPoint>
<DataPoint>3</DataPoint>
<DataPoint>2</DataPoint>
<DataPoint>2</DataPoint>
<DataPoint>3</DataPoint>
<DataPoint>0</DataPoint>
<DataPoint>3</DataPoint>
<DataPoint>1</DataPoint>
<DataPoint>0</DataPoint>
<DataPoint>4</DataPoint>
<DataPoint>1</DataPoint>
<DataPoint>5</DataPoint>
<DataPoint>1</DataPoint>
<DataPoint>3</DataPoint>
<DataPoint>3</DataPoint>
<DataPoint>2</DataPoint>
<DataPoint>0</DataPoint>
<DataPoint>0</DataPoint>
<DataPoint>2</DataPoint>
<DataPoint>0</DataPoint>
<DataPoint>4</DataPoint>
<DataPoint>1</DataPoint>
<DataPoint>0</DataPoint>
<DataPoint>3</DataPoint>
<DataPoint>2</DataPoint>
<DataPoint>1</DataPoint>
<DataPoint>3</DataPoint>
<DataPoint>2</DataPoint>
<DataPoint>1</DataPoint>
<DataPoint>5</DataPoint>
<DataPoint>1</DataPoint>
<DataPoint>0</DataPoint>
<DataPoint>1</DataPoint>
<DataPoint>3</DataPoint>
<DataPoint>2</DataPoint>
<DataPoint>2</DataPoint>
<DataPoint>2</DataPoint>
<DataPoint>2</DataPoint>
<DataPoint>0</DataPoint>
<DataPoint>3</DataPoint>
<DataPoint>1</DataPoint>
<DataPoint>0</DataPoint>
<DataPoint>3</DataPoint>
<DataPoint>0</DataPoint>
<DataPoint>2</DataPoint>
<DataPoint>3</DataPoint>
<DataPoint>3</DataPoint>
<DataPoint>1</DataPoint>
<DataPoint>1</DataPoint>
<DataPoint>0</DataPoint>
<DataPoint>2</DataPoint>
<DataPoint>1</DataPoint>
<DataPoint>0</DataPoint>
<DataPoint>4</DataPoint>
<DataPoint>0</DataPoint>
<DataPoint>3</DataPoint>
<DataPoint>0</DataPoint>
<DataPoint>0</DataPoint>
<DataPoint>1</DataPoint>
<DataPoint>0</DataPoint>
<DataPoint>0</DataPoint>
<DataPoint>1</DataPoint>
<DataPoint>2</DataPoint>
<DataPoint>1</DataPoint>
<DataPoint>0</DataPoint>
<DataPoint>0</DataPoint>
<DataPoint>2</DataPoint>
<DataPoint>1</DataPoint>
<DataPoint>1</DataPoint>
<DataPoint>0</DataPoint>
<DataPoint>0</DataPoint>
<DataPoint>3</DataPoint>
<DataPoint>1</DataPoint>
<DataPoint>1</DataPoint>
<DataPoint>0</DataPoint>
<DataPoint>0</DataPoint>
<DataPoint>0</DataPoint>
<DataPoint>4</DataPoint>
<DataPoint>0</DataPoint>
<DataPoint>0</DataPoint>
<DataPoint>0</DataPoint>
<DataPoint>1</DataPoint>
<DataPoint>1</DataPoint>
<DataPoint>3</DataPoint>
<DataPoint>2</DataPoint>
<DataPoint>2</DataPoint>
<DataPoint>0</DataPoint>
<DataPoint>2</DataPoint>
<DataPoint>1</DataPoint>
<DataPoint>3</DataPoint>
<DataPoint>1</DataPoint>
<DataPoint>1</DataPoint>
<DataPoint>0</DataPoint>
<DataPoint>2</DataPoint>
<DataPoint>1</DataPoint>
<DataPoint>1</DataPoint>
<DataPoint>0</DataPoint>
<DataPoint>1</DataPoint>
<DataPoint>0</DataPoint>
<DataPoint>1</DataPoint>
<DataPoint>1</DataPoint>
<DataPoint>1</DataPoint>
<DataPoint>0</DataPoint>
<DataPoint>0</DataPoint>
<DataPoint>0</DataPoint>
<DataPoint>4</DataPoint>
<DataPoint>1</DataPoint>
<DataPoint>2</DataPoint>
<DataPoint>2</DataPoint>
<DataPoint>2</DataPoint>
<DataPoint>1</DataPoint>
<DataPoint>0</DataPoint>
<DataPoint>0</DataPoint>
<DataPoint>1</DataPoint>
<DataPoint>0</DataPoint>
<DataPoint>0</DataPoint>
<DataPoint>2</DataPoint>
<DataPoint>0</DataPoint>
<DataPoint>0</DataPoint>
<DataPoint>1</DataPoint>
<DataPoint>2</DataPoint>
<DataPoint>1</DataPoint>
<DataPoint>1</DataPoint>
<DataPoint>0</DataPoint>
<DataPoint>0</DataPoint>
<DataPoint>1</DataPoint>
<DataPoint>0</DataPoint>
<DataPoint>2</DataPoint>
<DataPoint>2</DataPoint>
<DataPoint>1</DataPoint>
<DataPoint>1</DataPoint>
<DataPoint>1</DataPoint>
<DataPoint>0</DataPoint>
<DataPoint>1</DataPoint>
<DataPoint>2</DataPoint>
<DataPoint>0</DataPoint>
<DataPoint>0</DataPoint>
<DataPoint>1</DataPoint>
<DataPoint>0</DataPoint>
<DataPoint>2</DataPoint>
<DataPoint>0</DataPoint>
<DataPoint>3</DataPoint>
<DataPoint>2</DataPoint>
<DataPoint>1</DataPoint>
<DataPoint>1</DataPoint>
<DataPoint>1</DataPoint>
<DataPoint>0</DataPoint>
<DataPoint>4</DataPoint>
<DataPoint>4</DataPoint>
<DataPoint>1</DataPoint>
<DataPoint>0</DataPoint>
<DataPoint>1</DataPoint>
<DataPoint>1</DataPoint>
<DataPoint>0</DataPoint>
<DataPoint>2</DataPoint>
<DataPoint>2</DataPoint>
<DataPoint>1617</DataPoint>

  </Spectrum>
 </EnergySpectrum>


      

      <Visible>true</Visible>
      <PulseCollection>
        <Format>Base64 encoded binary</Format>
        <Pulses />
      </PulseCollection>
    </ResultData>
  </ResultDataList>
</ResultDataFile>
