<?xml version="1.0"?>
<ResultDataFile xmlns:xsd="http://www.w3.org/2001/XMLSchema" xmlns:xsi="http://www.w3.org/2001/XMLSchema-instance">
  <FormatVersion>120920</FormatVersion>
  <ResultDataList>
    <ResultData>
      <DeviceConfigReference>
        <Name>RadiaCode-102</Name>
      </DeviceConfigReference>
      <SampleInfo>
        <Name><![CDATA[Spectrum_2025-04-26 12-30-28]]></Name>
        <Note><![CDATA[]]></Note>
      </SampleInfo>
      <BackgroundSpectrumFile><![CDATA[]]></BackgroundSpectrumFile>

       <StartTime>2025-04-23T07:13:07</StartTime>
 <EndTime>2025-04-26T10:30:28</EndTime>

 <EnergySpectrum>
  <NumberOfChannels>1024</NumberOfChannels>
  <ChannelPitch>1</ChannelPitch>
  <SpectrumName><![CDATA[Spectrum_2025-04-26 12-30-28]]></SpectrumName>
  <Comment></Comment>
  <SerialNumber>RC-102-000590</SerialNumber>
  <EnergyCalibration>
    <PolynomialOrder>2</PolynomialOrder>
    <Coefficients>
      <Coefficient>0.0</Coefficient>
      <Coefficient>2.587912</Coefficient>
      <Coefficient>3.9374965E-4</Coefficient>
    </Coefficients>
  </EnergyCalibration>
  <MeasurementTime>271041</MeasurementTime>
  <LiveTime>270940.75</LiveTime>
  <Spectrum>
    <DataPoint>32</DataPoint>
<DataPoint>2112</DataPoint>
<DataPoint>12022</DataPoint>
<DataPoint>17637</DataPoint>
<DataPoint>11705</DataPoint>
<DataPoint>8041</DataPoint>
<DataPoint>9063</DataPoint>
<DataPoint>26884</DataPoint>
<DataPoint>66346</DataPoint>
<DataPoint>84383</DataPoint>
<DataPoint>85500</DataPoint>
<DataPoint>89616</DataPoint>
<DataPoint>95871</DataPoint>
<DataPoint>103411</DataPoint>
<DataPoint>114791</DataPoint>
<DataPoint>124946</DataPoint>
<DataPoint>137505</DataPoint>
<DataPoint>146370</DataPoint>
<DataPoint>151110</DataPoint>
<DataPoint>152596</DataPoint>
<DataPoint>153200</DataPoint>
<DataPoint>156024</DataPoint>
<DataPoint>162959</DataPoint>
<DataPoint>174870</DataPoint>
<DataPoint>195624</DataPoint>
<DataPoint>221829</DataPoint>
<DataPoint>257232</DataPoint>
<DataPoint>303485</DataPoint>
<DataPoint>359014</DataPoint>
<DataPoint>421420</DataPoint>
<DataPoint>480202</DataPoint>
<DataPoint>527137</DataPoint>
<DataPoint>551080</DataPoint>
<DataPoint>553243</DataPoint>
<DataPoint>532853</DataPoint>
<DataPoint>497238</DataPoint>
<DataPoint>452643</DataPoint>
<DataPoint>406021</DataPoint>
<DataPoint>357592</DataPoint>
<DataPoint>313384</DataPoint>
<DataPoint>271504</DataPoint>
<DataPoint>233985</DataPoint>
<DataPoint>201380</DataPoint>
<DataPoint>174236</DataPoint>
<DataPoint>153708</DataPoint>
<DataPoint>136608</DataPoint>
<DataPoint>125061</DataPoint>
<DataPoint>116223</DataPoint>
<DataPoint>111483</DataPoint>
<DataPoint>107824</DataPoint>
<DataPoint>106130</DataPoint>
<DataPoint>105199</DataPoint>
<DataPoint>104363</DataPoint>
<DataPoint>102450</DataPoint>
<DataPoint>101045</DataPoint>
<DataPoint>97139</DataPoint>
<DataPoint>93998</DataPoint>
<DataPoint>90760</DataPoint>
<DataPoint>86712</DataPoint>
<DataPoint>83421</DataPoint>
<DataPoint>80461</DataPoint>
<DataPoint>76948</DataPoint>
<DataPoint>74403</DataPoint>
<DataPoint>72172</DataPoint>
<DataPoint>69900</DataPoint>
<DataPoint>67819</DataPoint>
<DataPoint>66496</DataPoint>
<DataPoint>64634</DataPoint>
<DataPoint>63554</DataPoint>
<DataPoint>62629</DataPoint>
<DataPoint>62006</DataPoint>
<DataPoint>61636</DataPoint>
<DataPoint>61828</DataPoint>
<DataPoint>62201</DataPoint>
<DataPoint>63210</DataPoint>
<DataPoint>64165</DataPoint>
<DataPoint>65907</DataPoint>
<DataPoint>67403</DataPoint>
<DataPoint>69678</DataPoint>
<DataPoint>71753</DataPoint>
<DataPoint>75458</DataPoint>
<DataPoint>78678</DataPoint>
<DataPoint>82890</DataPoint>
<DataPoint>87765</DataPoint>
<DataPoint>94593</DataPoint>
<DataPoint>101794</DataPoint>
<DataPoint>109579</DataPoint>
<DataPoint>119656</DataPoint>
<DataPoint>128875</DataPoint>
<DataPoint>139039</DataPoint>
<DataPoint>149375</DataPoint>
<DataPoint>157882</DataPoint>
<DataPoint>164783</DataPoint>
<DataPoint>170038</DataPoint>
<DataPoint>172073</DataPoint>
<DataPoint>171329</DataPoint>
<DataPoint>167916</DataPoint>
<DataPoint>160476</DataPoint>
<DataPoint>151736</DataPoint>
<DataPoint>142216</DataPoint>
<DataPoint>130236</DataPoint>
<DataPoint>118221</DataPoint>
<DataPoint>106624</DataPoint>
<DataPoint>94838</DataPoint>
<DataPoint>85379</DataPoint>
<DataPoint>76495</DataPoint>
<DataPoint>68729</DataPoint>
<DataPoint>62583</DataPoint>
<DataPoint>56758</DataPoint>
<DataPoint>52877</DataPoint>
<DataPoint>49479</DataPoint>
<DataPoint>47251</DataPoint>
<DataPoint>44427</DataPoint>
<DataPoint>42824</DataPoint>
<DataPoint>41261</DataPoint>
<DataPoint>40336</DataPoint>
<DataPoint>39389</DataPoint>
<DataPoint>38379</DataPoint>
<DataPoint>38330</DataPoint>
<DataPoint>37774</DataPoint>
<DataPoint>37630</DataPoint>
<DataPoint>37740</DataPoint>
<DataPoint>37738</DataPoint>
<DataPoint>37967</DataPoint>
<DataPoint>38750</DataPoint>
<DataPoint>39043</DataPoint>
<DataPoint>39134</DataPoint>
<DataPoint>39327</DataPoint>
<DataPoint>39726</DataPoint>
<DataPoint>39123</DataPoint>
<DataPoint>39399</DataPoint>
<DataPoint>38915</DataPoint>
<DataPoint>38235</DataPoint>
<DataPoint>37561</DataPoint>
<DataPoint>36015</DataPoint>
<DataPoint>34951</DataPoint>
<DataPoint>33470</DataPoint>
<DataPoint>32315</DataPoint>
<DataPoint>30983</DataPoint>
<DataPoint>29209</DataPoint>
<DataPoint>27562</DataPoint>
<DataPoint>26263</DataPoint>
<DataPoint>24573</DataPoint>
<DataPoint>23459</DataPoint>
<DataPoint>22451</DataPoint>
<DataPoint>21097</DataPoint>
<DataPoint>20334</DataPoint>
<DataPoint>19326</DataPoint>
<DataPoint>19077</DataPoint>
<DataPoint>18305</DataPoint>
<DataPoint>17737</DataPoint>
<DataPoint>17469</DataPoint>
<DataPoint>17175</DataPoint>
<DataPoint>16715</DataPoint>
<DataPoint>16341</DataPoint>
<DataPoint>15859</DataPoint>
<DataPoint>15945</DataPoint>
<DataPoint>15837</DataPoint>
<DataPoint>15559</DataPoint>
<DataPoint>15283</DataPoint>
<DataPoint>15135</DataPoint>
<DataPoint>15014</DataPoint>
<DataPoint>15057</DataPoint>
<DataPoint>15054</DataPoint>
<DataPoint>15054</DataPoint>
<DataPoint>14868</DataPoint>
<DataPoint>14822</DataPoint>
<DataPoint>14735</DataPoint>
<DataPoint>14597</DataPoint>
<DataPoint>14788</DataPoint>
<DataPoint>14525</DataPoint>
<DataPoint>14675</DataPoint>
<DataPoint>14796</DataPoint>
<DataPoint>14915</DataPoint>
<DataPoint>14647</DataPoint>
<DataPoint>14747</DataPoint>
<DataPoint>15073</DataPoint>
<DataPoint>14966</DataPoint>
<DataPoint>14970</DataPoint>
<DataPoint>14933</DataPoint>
<DataPoint>15099</DataPoint>
<DataPoint>15030</DataPoint>
<DataPoint>15345</DataPoint>
<DataPoint>15065</DataPoint>
<DataPoint>15402</DataPoint>
<DataPoint>15440</DataPoint>
<DataPoint>15309</DataPoint>
<DataPoint>15460</DataPoint>
<DataPoint>15126</DataPoint>
<DataPoint>15305</DataPoint>
<DataPoint>15594</DataPoint>
<DataPoint>15279</DataPoint>
<DataPoint>15493</DataPoint>
<DataPoint>15239</DataPoint>
<DataPoint>15298</DataPoint>
<DataPoint>15437</DataPoint>
<DataPoint>15189</DataPoint>
<DataPoint>15245</DataPoint>
<DataPoint>15396</DataPoint>
<DataPoint>15175</DataPoint>
<DataPoint>15287</DataPoint>
<DataPoint>15101</DataPoint>
<DataPoint>14982</DataPoint>
<DataPoint>15480</DataPoint>
<DataPoint>15362</DataPoint>
<DataPoint>15375</DataPoint>
<DataPoint>15458</DataPoint>
<DataPoint>15842</DataPoint>
<DataPoint>15981</DataPoint>
<DataPoint>16411</DataPoint>
<DataPoint>16436</DataPoint>
<DataPoint>16628</DataPoint>
<DataPoint>16922</DataPoint>
<DataPoint>17363</DataPoint>
<DataPoint>17400</DataPoint>
<DataPoint>17727</DataPoint>
<DataPoint>17889</DataPoint>
<DataPoint>18028</DataPoint>
<DataPoint>18011</DataPoint>
<DataPoint>18160</DataPoint>
<DataPoint>18263</DataPoint>
<DataPoint>18212</DataPoint>
<DataPoint>17653</DataPoint>
<DataPoint>17686</DataPoint>
<DataPoint>17489</DataPoint>
<DataPoint>17189</DataPoint>
<DataPoint>17161</DataPoint>
<DataPoint>16460</DataPoint>
<DataPoint>15776</DataPoint>
<DataPoint>15618</DataPoint>
<DataPoint>14910</DataPoint>
<DataPoint>14265</DataPoint>
<DataPoint>13993</DataPoint>
<DataPoint>13377</DataPoint>
<DataPoint>12701</DataPoint>
<DataPoint>12331</DataPoint>
<DataPoint>12028</DataPoint>
<DataPoint>11394</DataPoint>
<DataPoint>11206</DataPoint>
<DataPoint>10891</DataPoint>
<DataPoint>10444</DataPoint>
<DataPoint>10101</DataPoint>
<DataPoint>9852</DataPoint>
<DataPoint>9480</DataPoint>
<DataPoint>9393</DataPoint>
<DataPoint>9078</DataPoint>
<DataPoint>8915</DataPoint>
<DataPoint>8737</DataPoint>
<DataPoint>8721</DataPoint>
<DataPoint>8736</DataPoint>
<DataPoint>8563</DataPoint>
<DataPoint>8406</DataPoint>
<DataPoint>8283</DataPoint>
<DataPoint>8160</DataPoint>
<DataPoint>8315</DataPoint>
<DataPoint>8227</DataPoint>
<DataPoint>8050</DataPoint>
<DataPoint>8220</DataPoint>
<DataPoint>8150</DataPoint>
<DataPoint>8016</DataPoint>
<DataPoint>7802</DataPoint>
<DataPoint>8076</DataPoint>
<DataPoint>7856</DataPoint>
<DataPoint>7970</DataPoint>
<DataPoint>7689</DataPoint>
<DataPoint>7856</DataPoint>
<DataPoint>7757</DataPoint>
<DataPoint>7645</DataPoint>
<DataPoint>7667</DataPoint>
<DataPoint>7675</DataPoint>
<DataPoint>7497</DataPoint>
<DataPoint>7416</DataPoint>
<DataPoint>7362</DataPoint>
<DataPoint>7326</DataPoint>
<DataPoint>7282</DataPoint>
<DataPoint>7129</DataPoint>
<DataPoint>6979</DataPoint>
<DataPoint>6945</DataPoint>
<DataPoint>6925</DataPoint>
<DataPoint>6834</DataPoint>
<DataPoint>6815</DataPoint>
<DataPoint>6669</DataPoint>
<DataPoint>6547</DataPoint>
<DataPoint>6514</DataPoint>
<DataPoint>6233</DataPoint>
<DataPoint>6141</DataPoint>
<DataPoint>6106</DataPoint>
<DataPoint>5849</DataPoint>
<DataPoint>5895</DataPoint>
<DataPoint>5699</DataPoint>
<DataPoint>5766</DataPoint>
<DataPoint>5644</DataPoint>
<DataPoint>5667</DataPoint>
<DataPoint>5527</DataPoint>
<DataPoint>5496</DataPoint>
<DataPoint>5334</DataPoint>
<DataPoint>5276</DataPoint>
<DataPoint>5103</DataPoint>
<DataPoint>5085</DataPoint>
<DataPoint>5042</DataPoint>
<DataPoint>4959</DataPoint>
<DataPoint>4961</DataPoint>
<DataPoint>4879</DataPoint>
<DataPoint>4806</DataPoint>
<DataPoint>4713</DataPoint>
<DataPoint>4708</DataPoint>
<DataPoint>4827</DataPoint>
<DataPoint>4774</DataPoint>
<DataPoint>4668</DataPoint>
<DataPoint>4738</DataPoint>
<DataPoint>4714</DataPoint>
<DataPoint>4700</DataPoint>
<DataPoint>4820</DataPoint>
<DataPoint>4684</DataPoint>
<DataPoint>4773</DataPoint>
<DataPoint>4934</DataPoint>
<DataPoint>4803</DataPoint>
<DataPoint>4818</DataPoint>
<DataPoint>5004</DataPoint>
<DataPoint>5049</DataPoint>
<DataPoint>4944</DataPoint>
<DataPoint>5147</DataPoint>
<DataPoint>5153</DataPoint>
<DataPoint>5107</DataPoint>
<DataPoint>5252</DataPoint>
<DataPoint>5275</DataPoint>
<DataPoint>5364</DataPoint>
<DataPoint>5473</DataPoint>
<DataPoint>5519</DataPoint>
<DataPoint>5696</DataPoint>
<DataPoint>5758</DataPoint>
<DataPoint>5656</DataPoint>
<DataPoint>5680</DataPoint>
<DataPoint>6025</DataPoint>
<DataPoint>5965</DataPoint>
<DataPoint>5898</DataPoint>
<DataPoint>6132</DataPoint>
<DataPoint>5946</DataPoint>
<DataPoint>5923</DataPoint>
<DataPoint>6004</DataPoint>
<DataPoint>5872</DataPoint>
<DataPoint>6082</DataPoint>
<DataPoint>6023</DataPoint>
<DataPoint>5932</DataPoint>
<DataPoint>5941</DataPoint>
<DataPoint>5784</DataPoint>
<DataPoint>5667</DataPoint>
<DataPoint>5766</DataPoint>
<DataPoint>5706</DataPoint>
<DataPoint>5592</DataPoint>
<DataPoint>5534</DataPoint>
<DataPoint>5424</DataPoint>
<DataPoint>5275</DataPoint>
<DataPoint>5253</DataPoint>
<DataPoint>5058</DataPoint>
<DataPoint>5029</DataPoint>
<DataPoint>4910</DataPoint>
<DataPoint>4693</DataPoint>
<DataPoint>4695</DataPoint>
<DataPoint>4543</DataPoint>
<DataPoint>4511</DataPoint>
<DataPoint>4307</DataPoint>
<DataPoint>4334</DataPoint>
<DataPoint>4103</DataPoint>
<DataPoint>4002</DataPoint>
<DataPoint>3916</DataPoint>
<DataPoint>3682</DataPoint>
<DataPoint>3600</DataPoint>
<DataPoint>3508</DataPoint>
<DataPoint>3463</DataPoint>
<DataPoint>3374</DataPoint>
<DataPoint>3194</DataPoint>
<DataPoint>2987</DataPoint>
<DataPoint>2972</DataPoint>
<DataPoint>2904</DataPoint>
<DataPoint>2854</DataPoint>
<DataPoint>2731</DataPoint>
<DataPoint>2699</DataPoint>
<DataPoint>2581</DataPoint>
<DataPoint>2545</DataPoint>
<DataPoint>2474</DataPoint>
<DataPoint>2421</DataPoint>
<DataPoint>2325</DataPoint>
<DataPoint>2277</DataPoint>
<DataPoint>2206</DataPoint>
<DataPoint>2151</DataPoint>
<DataPoint>2142</DataPoint>
<DataPoint>2122</DataPoint>
<DataPoint>1985</DataPoint>
<DataPoint>2034</DataPoint>
<DataPoint>2034</DataPoint>
<DataPoint>1947</DataPoint>
<DataPoint>1961</DataPoint>
<DataPoint>1892</DataPoint>
<DataPoint>1915</DataPoint>
<DataPoint>1878</DataPoint>
<DataPoint>1881</DataPoint>
<DataPoint>1793</DataPoint>
<DataPoint>1837</DataPoint>
<DataPoint>1739</DataPoint>
<DataPoint>1785</DataPoint>
<DataPoint>1887</DataPoint>
<DataPoint>1776</DataPoint>
<DataPoint>1790</DataPoint>
<DataPoint>1752</DataPoint>
<DataPoint>1782</DataPoint>
<DataPoint>1768</DataPoint>
<DataPoint>1741</DataPoint>
<DataPoint>1781</DataPoint>
<DataPoint>1709</DataPoint>
<DataPoint>1711</DataPoint>
<DataPoint>1686</DataPoint>
<DataPoint>1684</DataPoint>
<DataPoint>1589</DataPoint>
<DataPoint>1727</DataPoint>
<DataPoint>1606</DataPoint>
<DataPoint>1691</DataPoint>
<DataPoint>1621</DataPoint>
<DataPoint>1561</DataPoint>
<DataPoint>1647</DataPoint>
<DataPoint>1595</DataPoint>
<DataPoint>1544</DataPoint>
<DataPoint>1593</DataPoint>
<DataPoint>1592</DataPoint>
<DataPoint>1503</DataPoint>
<DataPoint>1555</DataPoint>
<DataPoint>1587</DataPoint>
<DataPoint>1470</DataPoint>
<DataPoint>1548</DataPoint>
<DataPoint>1501</DataPoint>
<DataPoint>1500</DataPoint>
<DataPoint>1502</DataPoint>
<DataPoint>1502</DataPoint>
<DataPoint>1476</DataPoint>
<DataPoint>1474</DataPoint>
<DataPoint>1462</DataPoint>
<DataPoint>1498</DataPoint>
<DataPoint>1414</DataPoint>
<DataPoint>1443</DataPoint>
<DataPoint>1406</DataPoint>
<DataPoint>1495</DataPoint>
<DataPoint>1393</DataPoint>
<DataPoint>1426</DataPoint>
<DataPoint>1429</DataPoint>
<DataPoint>1328</DataPoint>
<DataPoint>1392</DataPoint>
<DataPoint>1373</DataPoint>
<DataPoint>1407</DataPoint>
<DataPoint>1365</DataPoint>
<DataPoint>1438</DataPoint>
<DataPoint>1307</DataPoint>
<DataPoint>1331</DataPoint>
<DataPoint>1358</DataPoint>
<DataPoint>1332</DataPoint>
<DataPoint>1327</DataPoint>
<DataPoint>1344</DataPoint>
<DataPoint>1407</DataPoint>
<DataPoint>1344</DataPoint>
<DataPoint>1327</DataPoint>
<DataPoint>1283</DataPoint>
<DataPoint>1314</DataPoint>
<DataPoint>1353</DataPoint>
<DataPoint>1289</DataPoint>
<DataPoint>1236</DataPoint>
<DataPoint>1282</DataPoint>
<DataPoint>1305</DataPoint>
<DataPoint>1251</DataPoint>
<DataPoint>1317</DataPoint>
<DataPoint>1277</DataPoint>
<DataPoint>1249</DataPoint>
<DataPoint>1195</DataPoint>
<DataPoint>1209</DataPoint>
<DataPoint>1184</DataPoint>
<DataPoint>1227</DataPoint>
<DataPoint>1232</DataPoint>
<DataPoint>1190</DataPoint>
<DataPoint>1141</DataPoint>
<DataPoint>1210</DataPoint>
<DataPoint>1204</DataPoint>
<DataPoint>1189</DataPoint>
<DataPoint>1138</DataPoint>
<DataPoint>1091</DataPoint>
<DataPoint>1110</DataPoint>
<DataPoint>1139</DataPoint>
<DataPoint>1077</DataPoint>
<DataPoint>1090</DataPoint>
<DataPoint>1029</DataPoint>
<DataPoint>1055</DataPoint>
<DataPoint>1069</DataPoint>
<DataPoint>1084</DataPoint>
<DataPoint>1014</DataPoint>
<DataPoint>1094</DataPoint>
<DataPoint>1103</DataPoint>
<DataPoint>1045</DataPoint>
<DataPoint>1038</DataPoint>
<DataPoint>1029</DataPoint>
<DataPoint>994</DataPoint>
<DataPoint>988</DataPoint>
<DataPoint>1048</DataPoint>
<DataPoint>1010</DataPoint>
<DataPoint>1010</DataPoint>
<DataPoint>978</DataPoint>
<DataPoint>915</DataPoint>
<DataPoint>1022</DataPoint>
<DataPoint>962</DataPoint>
<DataPoint>948</DataPoint>
<DataPoint>978</DataPoint>
<DataPoint>966</DataPoint>
<DataPoint>997</DataPoint>
<DataPoint>974</DataPoint>
<DataPoint>996</DataPoint>
<DataPoint>922</DataPoint>
<DataPoint>932</DataPoint>
<DataPoint>896</DataPoint>
<DataPoint>939</DataPoint>
<DataPoint>926</DataPoint>
<DataPoint>956</DataPoint>
<DataPoint>912</DataPoint>
<DataPoint>952</DataPoint>
<DataPoint>945</DataPoint>
<DataPoint>940</DataPoint>
<DataPoint>996</DataPoint>
<DataPoint>949</DataPoint>
<DataPoint>947</DataPoint>
<DataPoint>930</DataPoint>
<DataPoint>938</DataPoint>
<DataPoint>1020</DataPoint>
<DataPoint>948</DataPoint>
<DataPoint>984</DataPoint>
<DataPoint>1022</DataPoint>
<DataPoint>1082</DataPoint>
<DataPoint>1097</DataPoint>
<DataPoint>1180</DataPoint>
<DataPoint>1124</DataPoint>
<DataPoint>1181</DataPoint>
<DataPoint>1106</DataPoint>
<DataPoint>1195</DataPoint>
<DataPoint>1153</DataPoint>
<DataPoint>1184</DataPoint>
<DataPoint>1242</DataPoint>
<DataPoint>1246</DataPoint>
<DataPoint>1255</DataPoint>
<DataPoint>1252</DataPoint>
<DataPoint>1364</DataPoint>
<DataPoint>1319</DataPoint>
<DataPoint>1378</DataPoint>
<DataPoint>1405</DataPoint>
<DataPoint>1425</DataPoint>
<DataPoint>1363</DataPoint>
<DataPoint>1481</DataPoint>
<DataPoint>1408</DataPoint>
<DataPoint>1449</DataPoint>
<DataPoint>1523</DataPoint>
<DataPoint>1553</DataPoint>
<DataPoint>1569</DataPoint>
<DataPoint>1528</DataPoint>
<DataPoint>1585</DataPoint>
<DataPoint>1529</DataPoint>
<DataPoint>1572</DataPoint>
<DataPoint>1545</DataPoint>
<DataPoint>1607</DataPoint>
<DataPoint>1600</DataPoint>
<DataPoint>1617</DataPoint>
<DataPoint>1633</DataPoint>
<DataPoint>1705</DataPoint>
<DataPoint>1648</DataPoint>
<DataPoint>1695</DataPoint>
<DataPoint>1672</DataPoint>
<DataPoint>1613</DataPoint>
<DataPoint>1560</DataPoint>
<DataPoint>1567</DataPoint>
<DataPoint>1580</DataPoint>
<DataPoint>1547</DataPoint>
<DataPoint>1576</DataPoint>
<DataPoint>1562</DataPoint>
<DataPoint>1577</DataPoint>
<DataPoint>1562</DataPoint>
<DataPoint>1459</DataPoint>
<DataPoint>1463</DataPoint>
<DataPoint>1499</DataPoint>
<DataPoint>1374</DataPoint>
<DataPoint>1393</DataPoint>
<DataPoint>1372</DataPoint>
<DataPoint>1346</DataPoint>
<DataPoint>1305</DataPoint>
<DataPoint>1303</DataPoint>
<DataPoint>1242</DataPoint>
<DataPoint>1189</DataPoint>
<DataPoint>1194</DataPoint>
<DataPoint>1182</DataPoint>
<DataPoint>1168</DataPoint>
<DataPoint>1092</DataPoint>
<DataPoint>1070</DataPoint>
<DataPoint>1061</DataPoint>
<DataPoint>1124</DataPoint>
<DataPoint>999</DataPoint>
<DataPoint>1001</DataPoint>
<DataPoint>970</DataPoint>
<DataPoint>926</DataPoint>
<DataPoint>966</DataPoint>
<DataPoint>933</DataPoint>
<DataPoint>890</DataPoint>
<DataPoint>918</DataPoint>
<DataPoint>920</DataPoint>
<DataPoint>877</DataPoint>
<DataPoint>807</DataPoint>
<DataPoint>872</DataPoint>
<DataPoint>793</DataPoint>
<DataPoint>804</DataPoint>
<DataPoint>828</DataPoint>
<DataPoint>794</DataPoint>
<DataPoint>775</DataPoint>
<DataPoint>759</DataPoint>
<DataPoint>790</DataPoint>
<DataPoint>782</DataPoint>
<DataPoint>771</DataPoint>
<DataPoint>746</DataPoint>
<DataPoint>786</DataPoint>
<DataPoint>722</DataPoint>
<DataPoint>706</DataPoint>
<DataPoint>747</DataPoint>
<DataPoint>742</DataPoint>
<DataPoint>740</DataPoint>
<DataPoint>732</DataPoint>
<DataPoint>749</DataPoint>
<DataPoint>705</DataPoint>
<DataPoint>719</DataPoint>
<DataPoint>706</DataPoint>
<DataPoint>694</DataPoint>
<DataPoint>710</DataPoint>
<DataPoint>735</DataPoint>
<DataPoint>688</DataPoint>
<DataPoint>704</DataPoint>
<DataPoint>763</DataPoint>
<DataPoint>719</DataPoint>
<DataPoint>716</DataPoint>
<DataPoint>679</DataPoint>
<DataPoint>694</DataPoint>
<DataPoint>666</DataPoint>
<DataPoint>710</DataPoint>
<DataPoint>699</DataPoint>
<DataPoint>730</DataPoint>
<DataPoint>747</DataPoint>
<DataPoint>760</DataPoint>
<DataPoint>712</DataPoint>
<DataPoint>763</DataPoint>
<DataPoint>726</DataPoint>
<DataPoint>709</DataPoint>
<DataPoint>691</DataPoint>
<DataPoint>667</DataPoint>
<DataPoint>699</DataPoint>
<DataPoint>720</DataPoint>
<DataPoint>702</DataPoint>
<DataPoint>665</DataPoint>
<DataPoint>711</DataPoint>
<DataPoint>712</DataPoint>
<DataPoint>677</DataPoint>
<DataPoint>701</DataPoint>
<DataPoint>710</DataPoint>
<DataPoint>720</DataPoint>
<DataPoint>725</DataPoint>
<DataPoint>743</DataPoint>
<DataPoint>680</DataPoint>
<DataPoint>698</DataPoint>
<DataPoint>754</DataPoint>
<DataPoint>692</DataPoint>
<DataPoint>692</DataPoint>
<DataPoint>669</DataPoint>
<DataPoint>648</DataPoint>
<DataPoint>689</DataPoint>
<DataPoint>709</DataPoint>
<DataPoint>631</DataPoint>
<DataPoint>672</DataPoint>
<DataPoint>691</DataPoint>
<DataPoint>695</DataPoint>
<DataPoint>659</DataPoint>
<DataPoint>686</DataPoint>
<DataPoint>716</DataPoint>
<DataPoint>643</DataPoint>
<DataPoint>677</DataPoint>
<DataPoint>647</DataPoint>
<DataPoint>635</DataPoint>
<DataPoint>684</DataPoint>
<DataPoint>693</DataPoint>
<DataPoint>663</DataPoint>
<DataPoint>666</DataPoint>
<DataPoint>727</DataPoint>
<DataPoint>674</DataPoint>
<DataPoint>696</DataPoint>
<DataPoint>659</DataPoint>
<DataPoint>688</DataPoint>
<DataPoint>689</DataPoint>
<DataPoint>704</DataPoint>
<DataPoint>685</DataPoint>
<DataPoint>662</DataPoint>
<DataPoint>710</DataPoint>
<DataPoint>735</DataPoint>
<DataPoint>690</DataPoint>
<DataPoint>695</DataPoint>
<DataPoint>694</DataPoint>
<DataPoint>687</DataPoint>
<DataPoint>702</DataPoint>
<DataPoint>723</DataPoint>
<DataPoint>697</DataPoint>
<DataPoint>687</DataPoint>
<DataPoint>710</DataPoint>
<DataPoint>703</DataPoint>
<DataPoint>707</DataPoint>
<DataPoint>637</DataPoint>
<DataPoint>673</DataPoint>
<DataPoint>740</DataPoint>
<DataPoint>713</DataPoint>
<DataPoint>698</DataPoint>
<DataPoint>727</DataPoint>
<DataPoint>806</DataPoint>
<DataPoint>768</DataPoint>
<DataPoint>731</DataPoint>
<DataPoint>726</DataPoint>
<DataPoint>745</DataPoint>
<DataPoint>767</DataPoint>
<DataPoint>730</DataPoint>
<DataPoint>765</DataPoint>
<DataPoint>726</DataPoint>
<DataPoint>712</DataPoint>
<DataPoint>736</DataPoint>
<DataPoint>778</DataPoint>
<DataPoint>786</DataPoint>
<DataPoint>754</DataPoint>
<DataPoint>751</DataPoint>
<DataPoint>782</DataPoint>
<DataPoint>748</DataPoint>
<DataPoint>818</DataPoint>
<DataPoint>759</DataPoint>
<DataPoint>783</DataPoint>
<DataPoint>735</DataPoint>
<DataPoint>760</DataPoint>
<DataPoint>784</DataPoint>
<DataPoint>785</DataPoint>
<DataPoint>757</DataPoint>
<DataPoint>831</DataPoint>
<DataPoint>831</DataPoint>
<DataPoint>777</DataPoint>
<DataPoint>843</DataPoint>
<DataPoint>820</DataPoint>
<DataPoint>798</DataPoint>
<DataPoint>773</DataPoint>
<DataPoint>800</DataPoint>
<DataPoint>765</DataPoint>
<DataPoint>805</DataPoint>
<DataPoint>775</DataPoint>
<DataPoint>712</DataPoint>
<DataPoint>784</DataPoint>
<DataPoint>810</DataPoint>
<DataPoint>799</DataPoint>
<DataPoint>810</DataPoint>
<DataPoint>718</DataPoint>
<DataPoint>808</DataPoint>
<DataPoint>766</DataPoint>
<DataPoint>749</DataPoint>
<DataPoint>736</DataPoint>
<DataPoint>805</DataPoint>
<DataPoint>781</DataPoint>
<DataPoint>742</DataPoint>
<DataPoint>798</DataPoint>
<DataPoint>796</DataPoint>
<DataPoint>737</DataPoint>
<DataPoint>745</DataPoint>
<DataPoint>740</DataPoint>
<DataPoint>730</DataPoint>
<DataPoint>721</DataPoint>
<DataPoint>738</DataPoint>
<DataPoint>747</DataPoint>
<DataPoint>763</DataPoint>
<DataPoint>771</DataPoint>
<DataPoint>754</DataPoint>
<DataPoint>736</DataPoint>
<DataPoint>752</DataPoint>
<DataPoint>684</DataPoint>
<DataPoint>750</DataPoint>
<DataPoint>697</DataPoint>
<DataPoint>737</DataPoint>
<DataPoint>712</DataPoint>
<DataPoint>709</DataPoint>
<DataPoint>701</DataPoint>
<DataPoint>709</DataPoint>
<DataPoint>668</DataPoint>
<DataPoint>706</DataPoint>
<DataPoint>698</DataPoint>
<DataPoint>755</DataPoint>
<DataPoint>706</DataPoint>
<DataPoint>653</DataPoint>
<DataPoint>642</DataPoint>
<DataPoint>677</DataPoint>
<DataPoint>673</DataPoint>
<DataPoint>697</DataPoint>
<DataPoint>730</DataPoint>
<DataPoint>639</DataPoint>
<DataPoint>592</DataPoint>
<DataPoint>645</DataPoint>
<DataPoint>638</DataPoint>
<DataPoint>629</DataPoint>
<DataPoint>600</DataPoint>
<DataPoint>618</DataPoint>
<DataPoint>619</DataPoint>
<DataPoint>590</DataPoint>
<DataPoint>562</DataPoint>
<DataPoint>561</DataPoint>
<DataPoint>584</DataPoint>
<DataPoint>541</DataPoint>
<DataPoint>581</DataPoint>
<DataPoint>508</DataPoint>
<DataPoint>546</DataPoint>
<DataPoint>477</DataPoint>
<DataPoint>515</DataPoint>
<DataPoint>484</DataPoint>
<DataPoint>500</DataPoint>
<DataPoint>506</DataPoint>
<DataPoint>482</DataPoint>
<DataPoint>473</DataPoint>
<DataPoint>453</DataPoint>
<DataPoint>460</DataPoint>
<DataPoint>461</DataPoint>
<DataPoint>392</DataPoint>
<DataPoint>388</DataPoint>
<DataPoint>405</DataPoint>
<DataPoint>396</DataPoint>
<DataPoint>379</DataPoint>
<DataPoint>347</DataPoint>
<DataPoint>340</DataPoint>
<DataPoint>343</DataPoint>
<DataPoint>323</DataPoint>
<DataPoint>320</DataPoint>
<DataPoint>374</DataPoint>
<DataPoint>355</DataPoint>
<DataPoint>340</DataPoint>
<DataPoint>316</DataPoint>
<DataPoint>288</DataPoint>
<DataPoint>284</DataPoint>
<DataPoint>325</DataPoint>
<DataPoint>290</DataPoint>
<DataPoint>240</DataPoint>
<DataPoint>252</DataPoint>
<DataPoint>282</DataPoint>
<DataPoint>239</DataPoint>
<DataPoint>260</DataPoint>
<DataPoint>267</DataPoint>
<DataPoint>251</DataPoint>
<DataPoint>254</DataPoint>
<DataPoint>254</DataPoint>
<DataPoint>259</DataPoint>
<DataPoint>238</DataPoint>
<DataPoint>243</DataPoint>
<DataPoint>229</DataPoint>
<DataPoint>232</DataPoint>
<DataPoint>236</DataPoint>
<DataPoint>226</DataPoint>
<DataPoint>220</DataPoint>
<DataPoint>199</DataPoint>
<DataPoint>210</DataPoint>
<DataPoint>215</DataPoint>
<DataPoint>244</DataPoint>
<DataPoint>264</DataPoint>
<DataPoint>228</DataPoint>
<DataPoint>244</DataPoint>
<DataPoint>265</DataPoint>
<DataPoint>242</DataPoint>
<DataPoint>234</DataPoint>
<DataPoint>244</DataPoint>
<DataPoint>265</DataPoint>
<DataPoint>263</DataPoint>
<DataPoint>287</DataPoint>
<DataPoint>271</DataPoint>
<DataPoint>261</DataPoint>
<DataPoint>288</DataPoint>
<DataPoint>254</DataPoint>
<DataPoint>253</DataPoint>
<DataPoint>291</DataPoint>
<DataPoint>327</DataPoint>
<DataPoint>266</DataPoint>
<DataPoint>264</DataPoint>
<DataPoint>287</DataPoint>
<DataPoint>272</DataPoint>
<DataPoint>267</DataPoint>
<DataPoint>269</DataPoint>
<DataPoint>287</DataPoint>
<DataPoint>307</DataPoint>
<DataPoint>336</DataPoint>
<DataPoint>301</DataPoint>
<DataPoint>265</DataPoint>
<DataPoint>303</DataPoint>
<DataPoint>306</DataPoint>
<DataPoint>321</DataPoint>
<DataPoint>321</DataPoint>
<DataPoint>283</DataPoint>
<DataPoint>287</DataPoint>
<DataPoint>282</DataPoint>
<DataPoint>325</DataPoint>
<DataPoint>294</DataPoint>
<DataPoint>278</DataPoint>
<DataPoint>304</DataPoint>
<DataPoint>275</DataPoint>
<DataPoint>282</DataPoint>
<DataPoint>272</DataPoint>
<DataPoint>253</DataPoint>
<DataPoint>286</DataPoint>
<DataPoint>268</DataPoint>
<DataPoint>275</DataPoint>
<DataPoint>270</DataPoint>
<DataPoint>247</DataPoint>
<DataPoint>258</DataPoint>
<DataPoint>239</DataPoint>
<DataPoint>250</DataPoint>
<DataPoint>258</DataPoint>
<DataPoint>215</DataPoint>
<DataPoint>195</DataPoint>
<DataPoint>218</DataPoint>
<DataPoint>208</DataPoint>
<DataPoint>206</DataPoint>
<DataPoint>194</DataPoint>
<DataPoint>192</DataPoint>
<DataPoint>174</DataPoint>
<DataPoint>188</DataPoint>
<DataPoint>151</DataPoint>
<DataPoint>140</DataPoint>
<DataPoint>148</DataPoint>
<DataPoint>129</DataPoint>
<DataPoint>108</DataPoint>
<DataPoint>146</DataPoint>
<DataPoint>119</DataPoint>
<DataPoint>113</DataPoint>
<DataPoint>113</DataPoint>
<DataPoint>103</DataPoint>
<DataPoint>108</DataPoint>
<DataPoint>98</DataPoint>
<DataPoint>88</DataPoint>
<DataPoint>86</DataPoint>
<DataPoint>70</DataPoint>
<DataPoint>78</DataPoint>
<DataPoint>69</DataPoint>
<DataPoint>72</DataPoint>
<DataPoint>71</DataPoint>
<DataPoint>68</DataPoint>
<DataPoint>48</DataPoint>
<DataPoint>74</DataPoint>
<DataPoint>57</DataPoint>
<DataPoint>51</DataPoint>
<DataPoint>53</DataPoint>
<DataPoint>53</DataPoint>
<DataPoint>34</DataPoint>
<DataPoint>49</DataPoint>
<DataPoint>38</DataPoint>
<DataPoint>38</DataPoint>
<DataPoint>32</DataPoint>
<DataPoint>40</DataPoint>
<DataPoint>39</DataPoint>
<DataPoint>31</DataPoint>
<DataPoint>39</DataPoint>
<DataPoint>29</DataPoint>
<DataPoint>24</DataPoint>
<DataPoint>27</DataPoint>
<DataPoint>36</DataPoint>
<DataPoint>30</DataPoint>
<DataPoint>31</DataPoint>
<DataPoint>23</DataPoint>
<DataPoint>25</DataPoint>
<DataPoint>29</DataPoint>
<DataPoint>28</DataPoint>
<DataPoint>21</DataPoint>
<DataPoint>15</DataPoint>
<DataPoint>33</DataPoint>
<DataPoint>23</DataPoint>
<DataPoint>29</DataPoint>
<DataPoint>23</DataPoint>
<DataPoint>28</DataPoint>
<DataPoint>29</DataPoint>
<DataPoint>15</DataPoint>
<DataPoint>24</DataPoint>
<DataPoint>28</DataPoint>
<DataPoint>35</DataPoint>
<DataPoint>16</DataPoint>
<DataPoint>18</DataPoint>
<DataPoint>25</DataPoint>
<DataPoint>18</DataPoint>
<DataPoint>24</DataPoint>
<DataPoint>18</DataPoint>
<DataPoint>26</DataPoint>
<DataPoint>12</DataPoint>
<DataPoint>16</DataPoint>
<DataPoint>21</DataPoint>
<DataPoint>17</DataPoint>
<DataPoint>19</DataPoint>
<DataPoint>12</DataPoint>
<DataPoint>17</DataPoint>
<DataPoint>15</DataPoint>
<DataPoint>19</DataPoint>
<DataPoint>10</DataPoint>
<DataPoint>17</DataPoint>
<DataPoint>22</DataPoint>
<DataPoint>14</DataPoint>
<DataPoint>16</DataPoint>
<DataPoint>12</DataPoint>
<DataPoint>16</DataPoint>
<DataPoint>10</DataPoint>
<DataPoint>18</DataPoint>
<DataPoint>21</DataPoint>
<DataPoint>15</DataPoint>
<DataPoint>13</DataPoint>
<DataPoint>20</DataPoint>
<DataPoint>15</DataPoint>
<DataPoint>22</DataPoint>
<DataPoint>14</DataPoint>
<DataPoint>13</DataPoint>
<DataPoint>17</DataPoint>
<DataPoint>23</DataPoint>
<DataPoint>12</DataPoint>
<DataPoint>9</DataPoint>
<DataPoint>9</DataPoint>
<DataPoint>12</DataPoint>
<DataPoint>13</DataPoint>
<DataPoint>9</DataPoint>
<DataPoint>12</DataPoint>
<DataPoint>18</DataPoint>
<DataPoint>14</DataPoint>
<DataPoint>6978</DataPoint>

  </Spectrum>
 </EnergySpectrum>


      

      <Visible>true</Visible>
      <PulseCollection>
        <Format>Base64 encoded binary</Format>
        <Pulses />
      </PulseCollection>
    </ResultData>
  </ResultDataList>
</ResultDataFile>
