<?xml version="1.0"?>
<ResultDataFile xmlns:xsd="http://www.w3.org/2001/XMLSchema" xmlns:xsi="http://www.w3.org/2001/XMLSchema-instance">
  <FormatVersion>120920</FormatVersion>
  <ResultDataList>
    <ResultData>
      <DeviceConfigReference>
        <Name>RadiaCode-102</Name>
      </DeviceConfigReference>
      <SampleInfo>
        <Name><![CDATA[Spectrum_2025-03-26 14-05-03]]></Name>
        <Note><![CDATA[]]></Note>
      </SampleInfo>
      <BackgroundSpectrumFile><![CDATA[]]></BackgroundSpectrumFile>

       <StartTime>2025-02-09T09:41:35</StartTime>
 <EndTime>2025-03-26T13:05:03</EndTime>

 <EnergySpectrum>
  <NumberOfChannels>1024</NumberOfChannels>
  <ChannelPitch>1</ChannelPitch>
  <SpectrumName><![CDATA[Spectrum_2025-03-26 14-05-03]]></SpectrumName>
  <Comment></Comment>
  <SerialNumber>RC-102-000590</SerialNumber>
  <EnergyCalibration>
    <PolynomialOrder>2</PolynomialOrder>
    <Coefficients>
      <Coefficient>-1.2426807</Coefficient>
      <Coefficient>2.3831038</Coefficient>
      <Coefficient>4.1388627E-4</Coefficient>
    </Coefficients>
  </EnergyCalibration>
  <MeasurementTime>3900208</MeasurementTime>
  <LiveTime>3900123.2</LiveTime>
  <Spectrum>
    <DataPoint>378</DataPoint>
<DataPoint>2699</DataPoint>
<DataPoint>2984</DataPoint>
<DataPoint>1107</DataPoint>
<DataPoint>1124</DataPoint>
<DataPoint>1737</DataPoint>
<DataPoint>13587</DataPoint>
<DataPoint>40739</DataPoint>
<DataPoint>59763</DataPoint>
<DataPoint>65497</DataPoint>
<DataPoint>67123</DataPoint>
<DataPoint>74668</DataPoint>
<DataPoint>80035</DataPoint>
<DataPoint>84766</DataPoint>
<DataPoint>90294</DataPoint>
<DataPoint>92346</DataPoint>
<DataPoint>100892</DataPoint>
<DataPoint>115386</DataPoint>
<DataPoint>113790</DataPoint>
<DataPoint>138636</DataPoint>
<DataPoint>150157</DataPoint>
<DataPoint>162570</DataPoint>
<DataPoint>185913</DataPoint>
<DataPoint>187039</DataPoint>
<DataPoint>206085</DataPoint>
<DataPoint>231454</DataPoint>
<DataPoint>241222</DataPoint>
<DataPoint>243905</DataPoint>
<DataPoint>268946</DataPoint>
<DataPoint>267961</DataPoint>
<DataPoint>289922</DataPoint>
<DataPoint>283499</DataPoint>
<DataPoint>290464</DataPoint>
<DataPoint>306498</DataPoint>
<DataPoint>332022</DataPoint>
<DataPoint>264953</DataPoint>
<DataPoint>300831</DataPoint>
<DataPoint>293644</DataPoint>
<DataPoint>304182</DataPoint>
<DataPoint>273532</DataPoint>
<DataPoint>270791</DataPoint>
<DataPoint>285407</DataPoint>
<DataPoint>270126</DataPoint>
<DataPoint>263106</DataPoint>
<DataPoint>264259</DataPoint>
<DataPoint>260278</DataPoint>
<DataPoint>251348</DataPoint>
<DataPoint>235744</DataPoint>
<DataPoint>233797</DataPoint>
<DataPoint>239653</DataPoint>
<DataPoint>208730</DataPoint>
<DataPoint>233246</DataPoint>
<DataPoint>217628</DataPoint>
<DataPoint>208651</DataPoint>
<DataPoint>210990</DataPoint>
<DataPoint>188882</DataPoint>
<DataPoint>189245</DataPoint>
<DataPoint>190845</DataPoint>
<DataPoint>182268</DataPoint>
<DataPoint>167970</DataPoint>
<DataPoint>171915</DataPoint>
<DataPoint>158512</DataPoint>
<DataPoint>163096</DataPoint>
<DataPoint>148408</DataPoint>
<DataPoint>145730</DataPoint>
<DataPoint>146578</DataPoint>
<DataPoint>157064</DataPoint>
<DataPoint>112320</DataPoint>
<DataPoint>129790</DataPoint>
<DataPoint>123345</DataPoint>
<DataPoint>126442</DataPoint>
<DataPoint>110069</DataPoint>
<DataPoint>114706</DataPoint>
<DataPoint>111561</DataPoint>
<DataPoint>104729</DataPoint>
<DataPoint>100183</DataPoint>
<DataPoint>100048</DataPoint>
<DataPoint>96418</DataPoint>
<DataPoint>93657</DataPoint>
<DataPoint>85823</DataPoint>
<DataPoint>85553</DataPoint>
<DataPoint>85661</DataPoint>
<DataPoint>81579</DataPoint>
<DataPoint>75166</DataPoint>
<DataPoint>77112</DataPoint>
<DataPoint>73068</DataPoint>
<DataPoint>75028</DataPoint>
<DataPoint>65677</DataPoint>
<DataPoint>66305</DataPoint>
<DataPoint>67359</DataPoint>
<DataPoint>65878</DataPoint>
<DataPoint>58712</DataPoint>
<DataPoint>61835</DataPoint>
<DataPoint>59505</DataPoint>
<DataPoint>59294</DataPoint>
<DataPoint>54234</DataPoint>
<DataPoint>53291</DataPoint>
<DataPoint>54302</DataPoint>
<DataPoint>57687</DataPoint>
<DataPoint>42804</DataPoint>
<DataPoint>48842</DataPoint>
<DataPoint>46259</DataPoint>
<DataPoint>47241</DataPoint>
<DataPoint>40669</DataPoint>
<DataPoint>40058</DataPoint>
<DataPoint>41306</DataPoint>
<DataPoint>38699</DataPoint>
<DataPoint>36189</DataPoint>
<DataPoint>36373</DataPoint>
<DataPoint>35174</DataPoint>
<DataPoint>33328</DataPoint>
<DataPoint>30800</DataPoint>
<DataPoint>30689</DataPoint>
<DataPoint>30972</DataPoint>
<DataPoint>29390</DataPoint>
<DataPoint>27679</DataPoint>
<DataPoint>27750</DataPoint>
<DataPoint>26477</DataPoint>
<DataPoint>27717</DataPoint>
<DataPoint>23897</DataPoint>
<DataPoint>24404</DataPoint>
<DataPoint>24743</DataPoint>
<DataPoint>24040</DataPoint>
<DataPoint>21765</DataPoint>
<DataPoint>22697</DataPoint>
<DataPoint>20696</DataPoint>
<DataPoint>21892</DataPoint>
<DataPoint>19807</DataPoint>
<DataPoint>19877</DataPoint>
<DataPoint>20107</DataPoint>
<DataPoint>22501</DataPoint>
<DataPoint>15152</DataPoint>
<DataPoint>18459</DataPoint>
<DataPoint>17655</DataPoint>
<DataPoint>18698</DataPoint>
<DataPoint>15904</DataPoint>
<DataPoint>16040</DataPoint>
<DataPoint>17029</DataPoint>
<DataPoint>16308</DataPoint>
<DataPoint>15737</DataPoint>
<DataPoint>15800</DataPoint>
<DataPoint>15553</DataPoint>
<DataPoint>15212</DataPoint>
<DataPoint>14073</DataPoint>
<DataPoint>14135</DataPoint>
<DataPoint>14329</DataPoint>
<DataPoint>13511</DataPoint>
<DataPoint>13014</DataPoint>
<DataPoint>13219</DataPoint>
<DataPoint>12480</DataPoint>
<DataPoint>12962</DataPoint>
<DataPoint>11405</DataPoint>
<DataPoint>11208</DataPoint>
<DataPoint>11596</DataPoint>
<DataPoint>11215</DataPoint>
<DataPoint>9857</DataPoint>
<DataPoint>10537</DataPoint>
<DataPoint>9942</DataPoint>
<DataPoint>10125</DataPoint>
<DataPoint>9109</DataPoint>
<DataPoint>9315</DataPoint>
<DataPoint>9406</DataPoint>
<DataPoint>10364</DataPoint>
<DataPoint>7123</DataPoint>
<DataPoint>8776</DataPoint>
<DataPoint>8360</DataPoint>
<DataPoint>8564</DataPoint>
<DataPoint>7454</DataPoint>
<DataPoint>7605</DataPoint>
<DataPoint>7982</DataPoint>
<DataPoint>8020</DataPoint>
<DataPoint>7427</DataPoint>
<DataPoint>7531</DataPoint>
<DataPoint>7642</DataPoint>
<DataPoint>7276</DataPoint>
<DataPoint>6884</DataPoint>
<DataPoint>6924</DataPoint>
<DataPoint>7029</DataPoint>
<DataPoint>7273</DataPoint>
<DataPoint>6050</DataPoint>
<DataPoint>6754</DataPoint>
<DataPoint>6556</DataPoint>
<DataPoint>7011</DataPoint>
<DataPoint>6137</DataPoint>
<DataPoint>6289</DataPoint>
<DataPoint>6406</DataPoint>
<DataPoint>6337</DataPoint>
<DataPoint>5842</DataPoint>
<DataPoint>6091</DataPoint>
<DataPoint>5675</DataPoint>
<DataPoint>6078</DataPoint>
<DataPoint>5620</DataPoint>
<DataPoint>5706</DataPoint>
<DataPoint>5853</DataPoint>
<DataPoint>6613</DataPoint>
<DataPoint>4481</DataPoint>
<DataPoint>5574</DataPoint>
<DataPoint>5338</DataPoint>
<DataPoint>5842</DataPoint>
<DataPoint>5053</DataPoint>
<DataPoint>5368</DataPoint>
<DataPoint>5399</DataPoint>
<DataPoint>5247</DataPoint>
<DataPoint>5095</DataPoint>
<DataPoint>5217</DataPoint>
<DataPoint>5147</DataPoint>
<DataPoint>5056</DataPoint>
<DataPoint>4681</DataPoint>
<DataPoint>4878</DataPoint>
<DataPoint>4947</DataPoint>
<DataPoint>4832</DataPoint>
<DataPoint>4406</DataPoint>
<DataPoint>4534</DataPoint>
<DataPoint>4643</DataPoint>
<DataPoint>4861</DataPoint>
<DataPoint>4373</DataPoint>
<DataPoint>4433</DataPoint>
<DataPoint>4591</DataPoint>
<DataPoint>4562</DataPoint>
<DataPoint>4201</DataPoint>
<DataPoint>4517</DataPoint>
<DataPoint>4643</DataPoint>
<DataPoint>4603</DataPoint>
<DataPoint>4173</DataPoint>
<DataPoint>4323</DataPoint>
<DataPoint>4503</DataPoint>
<DataPoint>5032</DataPoint>
<DataPoint>3470</DataPoint>
<DataPoint>4467</DataPoint>
<DataPoint>4380</DataPoint>
<DataPoint>4655</DataPoint>
<DataPoint>3973</DataPoint>
<DataPoint>4157</DataPoint>
<DataPoint>4477</DataPoint>
<DataPoint>4300</DataPoint>
<DataPoint>4021</DataPoint>
<DataPoint>4333</DataPoint>
<DataPoint>4392</DataPoint>
<DataPoint>4215</DataPoint>
<DataPoint>4061</DataPoint>
<DataPoint>3966</DataPoint>
<DataPoint>4182</DataPoint>
<DataPoint>4459</DataPoint>
<DataPoint>3602</DataPoint>
<DataPoint>3982</DataPoint>
<DataPoint>3761</DataPoint>
<DataPoint>4056</DataPoint>
<DataPoint>3556</DataPoint>
<DataPoint>3689</DataPoint>
<DataPoint>3704</DataPoint>
<DataPoint>3675</DataPoint>
<DataPoint>3276</DataPoint>
<DataPoint>3421</DataPoint>
<DataPoint>3167</DataPoint>
<DataPoint>3363</DataPoint>
<DataPoint>3016</DataPoint>
<DataPoint>3065</DataPoint>
<DataPoint>3172</DataPoint>
<DataPoint>3827</DataPoint>
<DataPoint>2222</DataPoint>
<DataPoint>3036</DataPoint>
<DataPoint>2901</DataPoint>
<DataPoint>3054</DataPoint>
<DataPoint>2589</DataPoint>
<DataPoint>2900</DataPoint>
<DataPoint>2818</DataPoint>
<DataPoint>2730</DataPoint>
<DataPoint>2619</DataPoint>
<DataPoint>2700</DataPoint>
<DataPoint>2671</DataPoint>
<DataPoint>2665</DataPoint>
<DataPoint>2485</DataPoint>
<DataPoint>2560</DataPoint>
<DataPoint>2658</DataPoint>
<DataPoint>2545</DataPoint>
<DataPoint>2469</DataPoint>
<DataPoint>2552</DataPoint>
<DataPoint>2451</DataPoint>
<DataPoint>2641</DataPoint>
<DataPoint>2252</DataPoint>
<DataPoint>2424</DataPoint>
<DataPoint>2481</DataPoint>
<DataPoint>2613</DataPoint>
<DataPoint>2190</DataPoint>
<DataPoint>2336</DataPoint>
<DataPoint>2425</DataPoint>
<DataPoint>2381</DataPoint>
<DataPoint>2162</DataPoint>
<DataPoint>2235</DataPoint>
<DataPoint>2359</DataPoint>
<DataPoint>2763</DataPoint>
<DataPoint>1788</DataPoint>
<DataPoint>2243</DataPoint>
<DataPoint>2238</DataPoint>
<DataPoint>2396</DataPoint>
<DataPoint>2158</DataPoint>
<DataPoint>2092</DataPoint>
<DataPoint>2246</DataPoint>
<DataPoint>2146</DataPoint>
<DataPoint>2048</DataPoint>
<DataPoint>2191</DataPoint>
<DataPoint>2233</DataPoint>
<DataPoint>2119</DataPoint>
<DataPoint>2012</DataPoint>
<DataPoint>2103</DataPoint>
<DataPoint>2110</DataPoint>
<DataPoint>2415</DataPoint>
<DataPoint>1797</DataPoint>
<DataPoint>2078</DataPoint>
<DataPoint>2030</DataPoint>
<DataPoint>2055</DataPoint>
<DataPoint>1843</DataPoint>
<DataPoint>1879</DataPoint>
<DataPoint>1989</DataPoint>
<DataPoint>2131</DataPoint>
<DataPoint>1763</DataPoint>
<DataPoint>1975</DataPoint>
<DataPoint>1902</DataPoint>
<DataPoint>1982</DataPoint>
<DataPoint>1826</DataPoint>
<DataPoint>1799</DataPoint>
<DataPoint>1841</DataPoint>
<DataPoint>2253</DataPoint>
<DataPoint>1341</DataPoint>
<DataPoint>1859</DataPoint>
<DataPoint>1777</DataPoint>
<DataPoint>1997</DataPoint>
<DataPoint>1653</DataPoint>
<DataPoint>1836</DataPoint>
<DataPoint>1811</DataPoint>
<DataPoint>1834</DataPoint>
<DataPoint>1668</DataPoint>
<DataPoint>1831</DataPoint>
<DataPoint>1856</DataPoint>
<DataPoint>1753</DataPoint>
<DataPoint>1686</DataPoint>
<DataPoint>1769</DataPoint>
<DataPoint>1767</DataPoint>
<DataPoint>1861</DataPoint>
<DataPoint>1625</DataPoint>
<DataPoint>1750</DataPoint>
<DataPoint>1730</DataPoint>
<DataPoint>1919</DataPoint>
<DataPoint>1566</DataPoint>
<DataPoint>1664</DataPoint>
<DataPoint>1734</DataPoint>
<DataPoint>1733</DataPoint>
<DataPoint>1387</DataPoint>
<DataPoint>586</DataPoint>
<DataPoint>2599</DataPoint>
<DataPoint>1779</DataPoint>
<DataPoint>1717</DataPoint>
<DataPoint>1750</DataPoint>
<DataPoint>1670</DataPoint>
<DataPoint>1991</DataPoint>
<DataPoint>1388</DataPoint>
<DataPoint>1625</DataPoint>
<DataPoint>1677</DataPoint>
<DataPoint>1745</DataPoint>
<DataPoint>1594</DataPoint>
<DataPoint>1625</DataPoint>
<DataPoint>1698</DataPoint>
<DataPoint>1600</DataPoint>
<DataPoint>1607</DataPoint>
<DataPoint>1566</DataPoint>
<DataPoint>1669</DataPoint>
<DataPoint>1656</DataPoint>
<DataPoint>1578</DataPoint>
<DataPoint>1560</DataPoint>
<DataPoint>1652</DataPoint>
<DataPoint>1518</DataPoint>
<DataPoint>1668</DataPoint>
<DataPoint>1594</DataPoint>
<DataPoint>1523</DataPoint>
<DataPoint>1590</DataPoint>
<DataPoint>1463</DataPoint>
<DataPoint>1533</DataPoint>
<DataPoint>1475</DataPoint>
<DataPoint>1558</DataPoint>
<DataPoint>1449</DataPoint>
<DataPoint>1473</DataPoint>
<DataPoint>1421</DataPoint>
<DataPoint>1493</DataPoint>
<DataPoint>1398</DataPoint>
<DataPoint>1443</DataPoint>
<DataPoint>1449</DataPoint>
<DataPoint>1752</DataPoint>
<DataPoint>1101</DataPoint>
<DataPoint>1362</DataPoint>
<DataPoint>1454</DataPoint>
<DataPoint>1476</DataPoint>
<DataPoint>1284</DataPoint>
<DataPoint>1354</DataPoint>
<DataPoint>1387</DataPoint>
<DataPoint>1296</DataPoint>
<DataPoint>1314</DataPoint>
<DataPoint>1334</DataPoint>
<DataPoint>1293</DataPoint>
<DataPoint>1318</DataPoint>
<DataPoint>1219</DataPoint>
<DataPoint>1268</DataPoint>
<DataPoint>1313</DataPoint>
<DataPoint>1213</DataPoint>
<DataPoint>1364</DataPoint>
<DataPoint>1322</DataPoint>
<DataPoint>1233</DataPoint>
<DataPoint>1276</DataPoint>
<DataPoint>1179</DataPoint>
<DataPoint>1230</DataPoint>
<DataPoint>1301</DataPoint>
<DataPoint>1238</DataPoint>
<DataPoint>1243</DataPoint>
<DataPoint>1271</DataPoint>
<DataPoint>1288</DataPoint>
<DataPoint>1315</DataPoint>
<DataPoint>1249</DataPoint>
<DataPoint>1224</DataPoint>
<DataPoint>1352</DataPoint>
<DataPoint>1514</DataPoint>
<DataPoint>1041</DataPoint>
<DataPoint>1261</DataPoint>
<DataPoint>1166</DataPoint>
<DataPoint>1347</DataPoint>
<DataPoint>1177</DataPoint>
<DataPoint>1221</DataPoint>
<DataPoint>1231</DataPoint>
<DataPoint>1218</DataPoint>
<DataPoint>1374</DataPoint>
<DataPoint>1305</DataPoint>
<DataPoint>1292</DataPoint>
<DataPoint>1266</DataPoint>
<DataPoint>1243</DataPoint>
<DataPoint>1257</DataPoint>
<DataPoint>1302</DataPoint>
<DataPoint>1095</DataPoint>
<DataPoint>1376</DataPoint>
<DataPoint>1317</DataPoint>
<DataPoint>1286</DataPoint>
<DataPoint>1311</DataPoint>
<DataPoint>1201</DataPoint>
<DataPoint>1263</DataPoint>
<DataPoint>1241</DataPoint>
<DataPoint>1285</DataPoint>
<DataPoint>1154</DataPoint>
<DataPoint>1250</DataPoint>
<DataPoint>1107</DataPoint>
<DataPoint>1278</DataPoint>
<DataPoint>1128</DataPoint>
<DataPoint>1153</DataPoint>
<DataPoint>1267</DataPoint>
<DataPoint>1447</DataPoint>
<DataPoint>879</DataPoint>
<DataPoint>1149</DataPoint>
<DataPoint>1092</DataPoint>
<DataPoint>1082</DataPoint>
<DataPoint>998</DataPoint>
<DataPoint>1033</DataPoint>
<DataPoint>1153</DataPoint>
<DataPoint>1056</DataPoint>
<DataPoint>1020</DataPoint>
<DataPoint>1163</DataPoint>
<DataPoint>1040</DataPoint>
<DataPoint>1066</DataPoint>
<DataPoint>976</DataPoint>
<DataPoint>951</DataPoint>
<DataPoint>996</DataPoint>
<DataPoint>955</DataPoint>
<DataPoint>973</DataPoint>
<DataPoint>941</DataPoint>
<DataPoint>919</DataPoint>
<DataPoint>993</DataPoint>
<DataPoint>871</DataPoint>
<DataPoint>850</DataPoint>
<DataPoint>891</DataPoint>
<DataPoint>842</DataPoint>
<DataPoint>791</DataPoint>
<DataPoint>842</DataPoint>
<DataPoint>816</DataPoint>
<DataPoint>828</DataPoint>
<DataPoint>764</DataPoint>
<DataPoint>741</DataPoint>
<DataPoint>726</DataPoint>
<DataPoint>911</DataPoint>
<DataPoint>572</DataPoint>
<DataPoint>716</DataPoint>
<DataPoint>753</DataPoint>
<DataPoint>687</DataPoint>
<DataPoint>656</DataPoint>
<DataPoint>621</DataPoint>
<DataPoint>676</DataPoint>
<DataPoint>679</DataPoint>
<DataPoint>694</DataPoint>
<DataPoint>677</DataPoint>
<DataPoint>631</DataPoint>
<DataPoint>596</DataPoint>
<DataPoint>588</DataPoint>
<DataPoint>616</DataPoint>
<DataPoint>606</DataPoint>
<DataPoint>599</DataPoint>
<DataPoint>545</DataPoint>
<DataPoint>616</DataPoint>
<DataPoint>553</DataPoint>
<DataPoint>609</DataPoint>
<DataPoint>553</DataPoint>
<DataPoint>564</DataPoint>
<DataPoint>517</DataPoint>
<DataPoint>555</DataPoint>
<DataPoint>500</DataPoint>
<DataPoint>528</DataPoint>
<DataPoint>527</DataPoint>
<DataPoint>638</DataPoint>
<DataPoint>492</DataPoint>
<DataPoint>546</DataPoint>
<DataPoint>570</DataPoint>
<DataPoint>726</DataPoint>
<DataPoint>373</DataPoint>
<DataPoint>591</DataPoint>
<DataPoint>574</DataPoint>
<DataPoint>651</DataPoint>
<DataPoint>512</DataPoint>
<DataPoint>571</DataPoint>
<DataPoint>591</DataPoint>
<DataPoint>581</DataPoint>
<DataPoint>620</DataPoint>
<DataPoint>647</DataPoint>
<DataPoint>658</DataPoint>
<DataPoint>608</DataPoint>
<DataPoint>588</DataPoint>
<DataPoint>670</DataPoint>
<DataPoint>622</DataPoint>
<DataPoint>581</DataPoint>
<DataPoint>644</DataPoint>
<DataPoint>684</DataPoint>
<DataPoint>683</DataPoint>
<DataPoint>741</DataPoint>
<DataPoint>600</DataPoint>
<DataPoint>680</DataPoint>
<DataPoint>670</DataPoint>
<DataPoint>728</DataPoint>
<DataPoint>679</DataPoint>
<DataPoint>713</DataPoint>
<DataPoint>784</DataPoint>
<DataPoint>813</DataPoint>
<DataPoint>723</DataPoint>
<DataPoint>745</DataPoint>
<DataPoint>766</DataPoint>
<DataPoint>918</DataPoint>
<DataPoint>591</DataPoint>
<DataPoint>819</DataPoint>
<DataPoint>800</DataPoint>
<DataPoint>805</DataPoint>
<DataPoint>658</DataPoint>
<DataPoint>730</DataPoint>
<DataPoint>761</DataPoint>
<DataPoint>773</DataPoint>
<DataPoint>739</DataPoint>
<DataPoint>743</DataPoint>
<DataPoint>784</DataPoint>
<DataPoint>702</DataPoint>
<DataPoint>686</DataPoint>
<DataPoint>704</DataPoint>
<DataPoint>732</DataPoint>
<DataPoint>755</DataPoint>
<DataPoint>645</DataPoint>
<DataPoint>690</DataPoint>
<DataPoint>712</DataPoint>
<DataPoint>684</DataPoint>
<DataPoint>603</DataPoint>
<DataPoint>636</DataPoint>
<DataPoint>694</DataPoint>
<DataPoint>618</DataPoint>
<DataPoint>575</DataPoint>
<DataPoint>620</DataPoint>
<DataPoint>544</DataPoint>
<DataPoint>618</DataPoint>
<DataPoint>527</DataPoint>
<DataPoint>540</DataPoint>
<DataPoint>554</DataPoint>
<DataPoint>696</DataPoint>
<DataPoint>338</DataPoint>
<DataPoint>522</DataPoint>
<DataPoint>537</DataPoint>
<DataPoint>527</DataPoint>
<DataPoint>460</DataPoint>
<DataPoint>454</DataPoint>
<DataPoint>493</DataPoint>
<DataPoint>424</DataPoint>
<DataPoint>406</DataPoint>
<DataPoint>454</DataPoint>
<DataPoint>428</DataPoint>
<DataPoint>423</DataPoint>
<DataPoint>344</DataPoint>
<DataPoint>409</DataPoint>
<DataPoint>401</DataPoint>
<DataPoint>388</DataPoint>
<DataPoint>380</DataPoint>
<DataPoint>389</DataPoint>
<DataPoint>387</DataPoint>
<DataPoint>422</DataPoint>
<DataPoint>368</DataPoint>
<DataPoint>369</DataPoint>
<DataPoint>371</DataPoint>
<DataPoint>357</DataPoint>
<DataPoint>352</DataPoint>
<DataPoint>323</DataPoint>
<DataPoint>303</DataPoint>
<DataPoint>377</DataPoint>
<DataPoint>305</DataPoint>
<DataPoint>318</DataPoint>
<DataPoint>323</DataPoint>
<DataPoint>425</DataPoint>
<DataPoint>249</DataPoint>
<DataPoint>314</DataPoint>
<DataPoint>311</DataPoint>
<DataPoint>321</DataPoint>
<DataPoint>271</DataPoint>
<DataPoint>304</DataPoint>
<DataPoint>315</DataPoint>
<DataPoint>275</DataPoint>
<DataPoint>283</DataPoint>
<DataPoint>294</DataPoint>
<DataPoint>299</DataPoint>
<DataPoint>272</DataPoint>
<DataPoint>259</DataPoint>
<DataPoint>261</DataPoint>
<DataPoint>255</DataPoint>
<DataPoint>338</DataPoint>
<DataPoint>265</DataPoint>
<DataPoint>259</DataPoint>
<DataPoint>269</DataPoint>
<DataPoint>324</DataPoint>
<DataPoint>252</DataPoint>
<DataPoint>284</DataPoint>
<DataPoint>256</DataPoint>
<DataPoint>253</DataPoint>
<DataPoint>237</DataPoint>
<DataPoint>282</DataPoint>
<DataPoint>228</DataPoint>
<DataPoint>289</DataPoint>
<DataPoint>239</DataPoint>
<DataPoint>263</DataPoint>
<DataPoint>263</DataPoint>
<DataPoint>309</DataPoint>
<DataPoint>192</DataPoint>
<DataPoint>258</DataPoint>
<DataPoint>251</DataPoint>
<DataPoint>264</DataPoint>
<DataPoint>218</DataPoint>
<DataPoint>251</DataPoint>
<DataPoint>241</DataPoint>
<DataPoint>273</DataPoint>
<DataPoint>245</DataPoint>
<DataPoint>254</DataPoint>
<DataPoint>268</DataPoint>
<DataPoint>236</DataPoint>
<DataPoint>252</DataPoint>
<DataPoint>209</DataPoint>
<DataPoint>266</DataPoint>
<DataPoint>256</DataPoint>
<DataPoint>223</DataPoint>
<DataPoint>248</DataPoint>
<DataPoint>244</DataPoint>
<DataPoint>275</DataPoint>
<DataPoint>226</DataPoint>
<DataPoint>223</DataPoint>
<DataPoint>233</DataPoint>
<DataPoint>248</DataPoint>
<DataPoint>226</DataPoint>
<DataPoint>240</DataPoint>
<DataPoint>250</DataPoint>
<DataPoint>239</DataPoint>
<DataPoint>215</DataPoint>
<DataPoint>232</DataPoint>
<DataPoint>214</DataPoint>
<DataPoint>291</DataPoint>
<DataPoint>172</DataPoint>
<DataPoint>216</DataPoint>
<DataPoint>184</DataPoint>
<DataPoint>223</DataPoint>
<DataPoint>190</DataPoint>
<DataPoint>174</DataPoint>
<DataPoint>235</DataPoint>
<DataPoint>215</DataPoint>
<DataPoint>203</DataPoint>
<DataPoint>219</DataPoint>
<DataPoint>216</DataPoint>
<DataPoint>219</DataPoint>
<DataPoint>206</DataPoint>
<DataPoint>243</DataPoint>
<DataPoint>202</DataPoint>
<DataPoint>230</DataPoint>
<DataPoint>137</DataPoint>
<DataPoint>212</DataPoint>
<DataPoint>192</DataPoint>
<DataPoint>219</DataPoint>
<DataPoint>193</DataPoint>
<DataPoint>219</DataPoint>
<DataPoint>193</DataPoint>
<DataPoint>203</DataPoint>
<DataPoint>169</DataPoint>
<DataPoint>188</DataPoint>
<DataPoint>167</DataPoint>
<DataPoint>195</DataPoint>
<DataPoint>197</DataPoint>
<DataPoint>195</DataPoint>
<DataPoint>183</DataPoint>
<DataPoint>245</DataPoint>
<DataPoint>123</DataPoint>
<DataPoint>214</DataPoint>
<DataPoint>182</DataPoint>
<DataPoint>203</DataPoint>
<DataPoint>188</DataPoint>
<DataPoint>187</DataPoint>
<DataPoint>189</DataPoint>
<DataPoint>173</DataPoint>
<DataPoint>180</DataPoint>
<DataPoint>183</DataPoint>
<DataPoint>161</DataPoint>
<DataPoint>180</DataPoint>
<DataPoint>162</DataPoint>
<DataPoint>177</DataPoint>
<DataPoint>150</DataPoint>
<DataPoint>188</DataPoint>
<DataPoint>181</DataPoint>
<DataPoint>184</DataPoint>
<DataPoint>177</DataPoint>
<DataPoint>196</DataPoint>
<DataPoint>170</DataPoint>
<DataPoint>167</DataPoint>
<DataPoint>156</DataPoint>
<DataPoint>187</DataPoint>
<DataPoint>167</DataPoint>
<DataPoint>203</DataPoint>
<DataPoint>163</DataPoint>
<DataPoint>177</DataPoint>
<DataPoint>147</DataPoint>
<DataPoint>185</DataPoint>
<DataPoint>172</DataPoint>
<DataPoint>213</DataPoint>
<DataPoint>149</DataPoint>
<DataPoint>183</DataPoint>
<DataPoint>188</DataPoint>
<DataPoint>177</DataPoint>
<DataPoint>141</DataPoint>
<DataPoint>171</DataPoint>
<DataPoint>169</DataPoint>
<DataPoint>168</DataPoint>
<DataPoint>157</DataPoint>
<DataPoint>171</DataPoint>
<DataPoint>178</DataPoint>
<DataPoint>158</DataPoint>
<DataPoint>156</DataPoint>
<DataPoint>160</DataPoint>
<DataPoint>154</DataPoint>
<DataPoint>181</DataPoint>
<DataPoint>156</DataPoint>
<DataPoint>159</DataPoint>
<DataPoint>185</DataPoint>
<DataPoint>174</DataPoint>
<DataPoint>150</DataPoint>
<DataPoint>196</DataPoint>
<DataPoint>193</DataPoint>
<DataPoint>166</DataPoint>
<DataPoint>150</DataPoint>
<DataPoint>182</DataPoint>
<DataPoint>166</DataPoint>
<DataPoint>185</DataPoint>
<DataPoint>160</DataPoint>
<DataPoint>170</DataPoint>
<DataPoint>181</DataPoint>
<DataPoint>214</DataPoint>
<DataPoint>108</DataPoint>
<DataPoint>179</DataPoint>
<DataPoint>172</DataPoint>
<DataPoint>201</DataPoint>
<DataPoint>161</DataPoint>
<DataPoint>190</DataPoint>
<DataPoint>193</DataPoint>
<DataPoint>154</DataPoint>
<DataPoint>178</DataPoint>
<DataPoint>176</DataPoint>
<DataPoint>215</DataPoint>
<DataPoint>165</DataPoint>
<DataPoint>173</DataPoint>
<DataPoint>176</DataPoint>
<DataPoint>156</DataPoint>
<DataPoint>192</DataPoint>
<DataPoint>165</DataPoint>
<DataPoint>157</DataPoint>
<DataPoint>181</DataPoint>
<DataPoint>207</DataPoint>
<DataPoint>142</DataPoint>
<DataPoint>165</DataPoint>
<DataPoint>151</DataPoint>
<DataPoint>181</DataPoint>
<DataPoint>157</DataPoint>
<DataPoint>163</DataPoint>
<DataPoint>155</DataPoint>
<DataPoint>189</DataPoint>
<DataPoint>159</DataPoint>
<DataPoint>157</DataPoint>
<DataPoint>163</DataPoint>
<DataPoint>210</DataPoint>
<DataPoint>108</DataPoint>
<DataPoint>181</DataPoint>
<DataPoint>134</DataPoint>
<DataPoint>174</DataPoint>
<DataPoint>143</DataPoint>
<DataPoint>149</DataPoint>
<DataPoint>164</DataPoint>
<DataPoint>160</DataPoint>
<DataPoint>155</DataPoint>
<DataPoint>170</DataPoint>
<DataPoint>191</DataPoint>
<DataPoint>170</DataPoint>
<DataPoint>132</DataPoint>
<DataPoint>141</DataPoint>
<DataPoint>161</DataPoint>
<DataPoint>180</DataPoint>
<DataPoint>140</DataPoint>
<DataPoint>167</DataPoint>
<DataPoint>148</DataPoint>
<DataPoint>164</DataPoint>
<DataPoint>144</DataPoint>
<DataPoint>156</DataPoint>
<DataPoint>149</DataPoint>
<DataPoint>160</DataPoint>
<DataPoint>155</DataPoint>
<DataPoint>153</DataPoint>
<DataPoint>148</DataPoint>
<DataPoint>171</DataPoint>
<DataPoint>133</DataPoint>
<DataPoint>140</DataPoint>
<DataPoint>170</DataPoint>
<DataPoint>199</DataPoint>
<DataPoint>87</DataPoint>
<DataPoint>146</DataPoint>
<DataPoint>147</DataPoint>
<DataPoint>157</DataPoint>
<DataPoint>133</DataPoint>
<DataPoint>133</DataPoint>
<DataPoint>140</DataPoint>
<DataPoint>139</DataPoint>
<DataPoint>125</DataPoint>
<DataPoint>130</DataPoint>
<DataPoint>146</DataPoint>
<DataPoint>125</DataPoint>
<DataPoint>121</DataPoint>
<DataPoint>133</DataPoint>
<DataPoint>133</DataPoint>
<DataPoint>157</DataPoint>
<DataPoint>128</DataPoint>
<DataPoint>122</DataPoint>
<DataPoint>129</DataPoint>
<DataPoint>140</DataPoint>
<DataPoint>110</DataPoint>
<DataPoint>137</DataPoint>
<DataPoint>120</DataPoint>
<DataPoint>125</DataPoint>
<DataPoint>106</DataPoint>
<DataPoint>103</DataPoint>
<DataPoint>102</DataPoint>
<DataPoint>117</DataPoint>
<DataPoint>103</DataPoint>
<DataPoint>109</DataPoint>
<DataPoint>100</DataPoint>
<DataPoint>135</DataPoint>
<DataPoint>70</DataPoint>
<DataPoint>134</DataPoint>
<DataPoint>122</DataPoint>
<DataPoint>124</DataPoint>
<DataPoint>128</DataPoint>
<DataPoint>118</DataPoint>
<DataPoint>98</DataPoint>
<DataPoint>109</DataPoint>
<DataPoint>111</DataPoint>
<DataPoint>118</DataPoint>
<DataPoint>114</DataPoint>
<DataPoint>95</DataPoint>
<DataPoint>99</DataPoint>
<DataPoint>112</DataPoint>
<DataPoint>117</DataPoint>
<DataPoint>113</DataPoint>
<DataPoint>107</DataPoint>
<DataPoint>95</DataPoint>
<DataPoint>80</DataPoint>
<DataPoint>105</DataPoint>
<DataPoint>71</DataPoint>
<DataPoint>111</DataPoint>
<DataPoint>105</DataPoint>
<DataPoint>109</DataPoint>
<DataPoint>88</DataPoint>
<DataPoint>94</DataPoint>
<DataPoint>69</DataPoint>
<DataPoint>103</DataPoint>
<DataPoint>90</DataPoint>
<DataPoint>94</DataPoint>
<DataPoint>103</DataPoint>
<DataPoint>125</DataPoint>
<DataPoint>57</DataPoint>
<DataPoint>87</DataPoint>
<DataPoint>89</DataPoint>
<DataPoint>101</DataPoint>
<DataPoint>76</DataPoint>
<DataPoint>88</DataPoint>
<DataPoint>100</DataPoint>
<DataPoint>102</DataPoint>
<DataPoint>85</DataPoint>
<DataPoint>103</DataPoint>
<DataPoint>102</DataPoint>
<DataPoint>101</DataPoint>
<DataPoint>77</DataPoint>
<DataPoint>84</DataPoint>
<DataPoint>113</DataPoint>
<DataPoint>83</DataPoint>
<DataPoint>110</DataPoint>
<DataPoint>75</DataPoint>
<DataPoint>96</DataPoint>
<DataPoint>111</DataPoint>
<DataPoint>88</DataPoint>
<DataPoint>100</DataPoint>
<DataPoint>84</DataPoint>
<DataPoint>92</DataPoint>
<DataPoint>89</DataPoint>
<DataPoint>90</DataPoint>
<DataPoint>113</DataPoint>
<DataPoint>87</DataPoint>
<DataPoint>91</DataPoint>
<DataPoint>92</DataPoint>
<DataPoint>88</DataPoint>
<DataPoint>123</DataPoint>
<DataPoint>50</DataPoint>
<DataPoint>84</DataPoint>
<DataPoint>101</DataPoint>
<DataPoint>118</DataPoint>
<DataPoint>89</DataPoint>
<DataPoint>86</DataPoint>
<DataPoint>102</DataPoint>
<DataPoint>90</DataPoint>
<DataPoint>86</DataPoint>
<DataPoint>100</DataPoint>
<DataPoint>111</DataPoint>
<DataPoint>92</DataPoint>
<DataPoint>90</DataPoint>
<DataPoint>89</DataPoint>
<DataPoint>99</DataPoint>
<DataPoint>111</DataPoint>
<DataPoint>77</DataPoint>
<DataPoint>83</DataPoint>
<DataPoint>96</DataPoint>
<DataPoint>121</DataPoint>
<DataPoint>81</DataPoint>
<DataPoint>100</DataPoint>
<DataPoint>88</DataPoint>
<DataPoint>96</DataPoint>
<DataPoint>90</DataPoint>
<DataPoint>106</DataPoint>
<DataPoint>86</DataPoint>
<DataPoint>72</DataPoint>
<DataPoint>73</DataPoint>
<DataPoint>93</DataPoint>
<DataPoint>64</DataPoint>
<DataPoint>116</DataPoint>
<DataPoint>55</DataPoint>
<DataPoint>76</DataPoint>
<DataPoint>92</DataPoint>
<DataPoint>85</DataPoint>
<DataPoint>78</DataPoint>
<DataPoint>93</DataPoint>
<DataPoint>64</DataPoint>
<DataPoint>75</DataPoint>
<DataPoint>73</DataPoint>
<DataPoint>72</DataPoint>
<DataPoint>96</DataPoint>
<DataPoint>87</DataPoint>
<DataPoint>68</DataPoint>
<DataPoint>79</DataPoint>
<DataPoint>96</DataPoint>
<DataPoint>60</DataPoint>
<DataPoint>75</DataPoint>
<DataPoint>77</DataPoint>
<DataPoint>56</DataPoint>
<DataPoint>78</DataPoint>
<DataPoint>70</DataPoint>
<DataPoint>71</DataPoint>
<DataPoint>60</DataPoint>
<DataPoint>89</DataPoint>
<DataPoint>55</DataPoint>
<DataPoint>80</DataPoint>
<DataPoint>50</DataPoint>
<DataPoint>68</DataPoint>
<DataPoint>67</DataPoint>
<DataPoint>68</DataPoint>
<DataPoint>74</DataPoint>
<DataPoint>105</DataPoint>
<DataPoint>43</DataPoint>
<DataPoint>76</DataPoint>
<DataPoint>67</DataPoint>
<DataPoint>60</DataPoint>
<DataPoint>59</DataPoint>
<DataPoint>57</DataPoint>
<DataPoint>65</DataPoint>
<DataPoint>69</DataPoint>
<DataPoint>54</DataPoint>
<DataPoint>65</DataPoint>
<DataPoint>74</DataPoint>
<DataPoint>70</DataPoint>
<DataPoint>72</DataPoint>
<DataPoint>64</DataPoint>
<DataPoint>64</DataPoint>
<DataPoint>90</DataPoint>
<DataPoint>50</DataPoint>
<DataPoint>80</DataPoint>
<DataPoint>71</DataPoint>
<DataPoint>76</DataPoint>
<DataPoint>66</DataPoint>
<DataPoint>53</DataPoint>
<DataPoint>50</DataPoint>
<DataPoint>82</DataPoint>
<DataPoint>58</DataPoint>
<DataPoint>59</DataPoint>
<DataPoint>77</DataPoint>
<DataPoint>69</DataPoint>
<DataPoint>71</DataPoint>

  </Spectrum>
 </EnergySpectrum>




      <Visible>true</Visible>
      <PulseCollection>
        <Format>Base64 encoded binary</Format>
        <Pulses />
      </PulseCollection>
    </ResultData>
  </ResultDataList>
</ResultDataFile>
