<?xml version="1.0"?>
<ResultDataFile xmlns:xsd="http://www.w3.org/2001/XMLSchema" xmlns:xsi="http://www.w3.org/2001/XMLSchema-instance">
  <FormatVersion>120920</FormatVersion>
  <ResultDataList>
    <ResultData>
      <DeviceConfigReference>
        <Name>RadiaCode-102</Name>
      </DeviceConfigReference>
      <SampleInfo>
        <Name><![CDATA[Spectrum_2025-04-20 16-13-37]]></Name>
        <Note><![CDATA[]]></Note>
      </SampleInfo>
      <BackgroundSpectrumFile><![CDATA[]]></BackgroundSpectrumFile>

       <StartTime>2025-04-10T09:06:14</StartTime>
 <EndTime>2025-04-20T14:13:37</EndTime>

 <EnergySpectrum>
  <NumberOfChannels>1024</NumberOfChannels>
  <ChannelPitch>1</ChannelPitch>
  <SpectrumName><![CDATA[Spectrum_2025-04-20 16-13-37]]></SpectrumName>
  <Comment></Comment>
  <SerialNumber>RC-102-000590</SerialNumber>
  <EnergyCalibration>
    <PolynomialOrder>2</PolynomialOrder>
    <Coefficients>
      <Coefficient>0.0</Coefficient>
      <Coefficient>2.587912</Coefficient>
      <Coefficient>3.9374965E-4</Coefficient>
    </Coefficients>
  </EnergyCalibration>
  <MeasurementTime>882443</MeasurementTime>
  <LiveTime>882411.94</LiveTime>
  <Spectrum>
    <DataPoint>13</DataPoint>
<DataPoint>361</DataPoint>
<DataPoint>1341</DataPoint>
<DataPoint>1576</DataPoint>
<DataPoint>923</DataPoint>
<DataPoint>603</DataPoint>
<DataPoint>1312</DataPoint>
<DataPoint>7159</DataPoint>
<DataPoint>18185</DataPoint>
<DataPoint>23288</DataPoint>
<DataPoint>25482</DataPoint>
<DataPoint>27042</DataPoint>
<DataPoint>29678</DataPoint>
<DataPoint>30685</DataPoint>
<DataPoint>32334</DataPoint>
<DataPoint>34320</DataPoint>
<DataPoint>36450</DataPoint>
<DataPoint>38899</DataPoint>
<DataPoint>41691</DataPoint>
<DataPoint>44975</DataPoint>
<DataPoint>49046</DataPoint>
<DataPoint>54105</DataPoint>
<DataPoint>58579</DataPoint>
<DataPoint>63792</DataPoint>
<DataPoint>68649</DataPoint>
<DataPoint>73306</DataPoint>
<DataPoint>78271</DataPoint>
<DataPoint>82943</DataPoint>
<DataPoint>86842</DataPoint>
<DataPoint>90476</DataPoint>
<DataPoint>93894</DataPoint>
<DataPoint>96656</DataPoint>
<DataPoint>98507</DataPoint>
<DataPoint>99905</DataPoint>
<DataPoint>100015</DataPoint>
<DataPoint>100512</DataPoint>
<DataPoint>100341</DataPoint>
<DataPoint>99283</DataPoint>
<DataPoint>98333</DataPoint>
<DataPoint>96577</DataPoint>
<DataPoint>95390</DataPoint>
<DataPoint>93567</DataPoint>
<DataPoint>92104</DataPoint>
<DataPoint>89785</DataPoint>
<DataPoint>87763</DataPoint>
<DataPoint>85518</DataPoint>
<DataPoint>84057</DataPoint>
<DataPoint>81730</DataPoint>
<DataPoint>79771</DataPoint>
<DataPoint>77600</DataPoint>
<DataPoint>76214</DataPoint>
<DataPoint>74012</DataPoint>
<DataPoint>71778</DataPoint>
<DataPoint>70134</DataPoint>
<DataPoint>67852</DataPoint>
<DataPoint>65912</DataPoint>
<DataPoint>64233</DataPoint>
<DataPoint>62600</DataPoint>
<DataPoint>60349</DataPoint>
<DataPoint>58054</DataPoint>
<DataPoint>56607</DataPoint>
<DataPoint>54547</DataPoint>
<DataPoint>53001</DataPoint>
<DataPoint>51369</DataPoint>
<DataPoint>49653</DataPoint>
<DataPoint>47858</DataPoint>
<DataPoint>46086</DataPoint>
<DataPoint>44517</DataPoint>
<DataPoint>43068</DataPoint>
<DataPoint>41631</DataPoint>
<DataPoint>40320</DataPoint>
<DataPoint>39302</DataPoint>
<DataPoint>37655</DataPoint>
<DataPoint>36463</DataPoint>
<DataPoint>35398</DataPoint>
<DataPoint>34453</DataPoint>
<DataPoint>32965</DataPoint>
<DataPoint>32485</DataPoint>
<DataPoint>31299</DataPoint>
<DataPoint>30463</DataPoint>
<DataPoint>29668</DataPoint>
<DataPoint>28931</DataPoint>
<DataPoint>27925</DataPoint>
<DataPoint>27430</DataPoint>
<DataPoint>26927</DataPoint>
<DataPoint>26428</DataPoint>
<DataPoint>25704</DataPoint>
<DataPoint>25198</DataPoint>
<DataPoint>24960</DataPoint>
<DataPoint>24070</DataPoint>
<DataPoint>23633</DataPoint>
<DataPoint>23370</DataPoint>
<DataPoint>22811</DataPoint>
<DataPoint>21959</DataPoint>
<DataPoint>21446</DataPoint>
<DataPoint>20764</DataPoint>
<DataPoint>20301</DataPoint>
<DataPoint>19638</DataPoint>
<DataPoint>18765</DataPoint>
<DataPoint>17993</DataPoint>
<DataPoint>17340</DataPoint>
<DataPoint>16869</DataPoint>
<DataPoint>16276</DataPoint>
<DataPoint>15656</DataPoint>
<DataPoint>15119</DataPoint>
<DataPoint>14638</DataPoint>
<DataPoint>14118</DataPoint>
<DataPoint>13557</DataPoint>
<DataPoint>13388</DataPoint>
<DataPoint>12817</DataPoint>
<DataPoint>12302</DataPoint>
<DataPoint>12061</DataPoint>
<DataPoint>11669</DataPoint>
<DataPoint>11711</DataPoint>
<DataPoint>11217</DataPoint>
<DataPoint>11053</DataPoint>
<DataPoint>10486</DataPoint>
<DataPoint>10612</DataPoint>
<DataPoint>9976</DataPoint>
<DataPoint>9892</DataPoint>
<DataPoint>9719</DataPoint>
<DataPoint>9378</DataPoint>
<DataPoint>9134</DataPoint>
<DataPoint>8694</DataPoint>
<DataPoint>8511</DataPoint>
<DataPoint>8376</DataPoint>
<DataPoint>8312</DataPoint>
<DataPoint>8200</DataPoint>
<DataPoint>7874</DataPoint>
<DataPoint>7757</DataPoint>
<DataPoint>7566</DataPoint>
<DataPoint>7465</DataPoint>
<DataPoint>7363</DataPoint>
<DataPoint>7176</DataPoint>
<DataPoint>7229</DataPoint>
<DataPoint>6973</DataPoint>
<DataPoint>6802</DataPoint>
<DataPoint>6563</DataPoint>
<DataPoint>6597</DataPoint>
<DataPoint>6544</DataPoint>
<DataPoint>6430</DataPoint>
<DataPoint>6217</DataPoint>
<DataPoint>5980</DataPoint>
<DataPoint>5864</DataPoint>
<DataPoint>5756</DataPoint>
<DataPoint>5562</DataPoint>
<DataPoint>5488</DataPoint>
<DataPoint>5384</DataPoint>
<DataPoint>5408</DataPoint>
<DataPoint>5066</DataPoint>
<DataPoint>5077</DataPoint>
<DataPoint>5016</DataPoint>
<DataPoint>4859</DataPoint>
<DataPoint>4751</DataPoint>
<DataPoint>4766</DataPoint>
<DataPoint>4611</DataPoint>
<DataPoint>4469</DataPoint>
<DataPoint>4501</DataPoint>
<DataPoint>4292</DataPoint>
<DataPoint>4291</DataPoint>
<DataPoint>4294</DataPoint>
<DataPoint>4231</DataPoint>
<DataPoint>4152</DataPoint>
<DataPoint>4276</DataPoint>
<DataPoint>4287</DataPoint>
<DataPoint>4117</DataPoint>
<DataPoint>4121</DataPoint>
<DataPoint>4036</DataPoint>
<DataPoint>4056</DataPoint>
<DataPoint>3975</DataPoint>
<DataPoint>3980</DataPoint>
<DataPoint>3953</DataPoint>
<DataPoint>3782</DataPoint>
<DataPoint>3759</DataPoint>
<DataPoint>3645</DataPoint>
<DataPoint>3742</DataPoint>
<DataPoint>3522</DataPoint>
<DataPoint>3538</DataPoint>
<DataPoint>3454</DataPoint>
<DataPoint>3441</DataPoint>
<DataPoint>3466</DataPoint>
<DataPoint>3331</DataPoint>
<DataPoint>3332</DataPoint>
<DataPoint>3223</DataPoint>
<DataPoint>3378</DataPoint>
<DataPoint>3171</DataPoint>
<DataPoint>3128</DataPoint>
<DataPoint>3175</DataPoint>
<DataPoint>2964</DataPoint>
<DataPoint>3082</DataPoint>
<DataPoint>3007</DataPoint>
<DataPoint>2983</DataPoint>
<DataPoint>2880</DataPoint>
<DataPoint>2969</DataPoint>
<DataPoint>2930</DataPoint>
<DataPoint>2876</DataPoint>
<DataPoint>2969</DataPoint>
<DataPoint>2829</DataPoint>
<DataPoint>2826</DataPoint>
<DataPoint>2862</DataPoint>
<DataPoint>2783</DataPoint>
<DataPoint>2758</DataPoint>
<DataPoint>2681</DataPoint>
<DataPoint>2862</DataPoint>
<DataPoint>2699</DataPoint>
<DataPoint>2831</DataPoint>
<DataPoint>2669</DataPoint>
<DataPoint>2677</DataPoint>
<DataPoint>2683</DataPoint>
<DataPoint>2631</DataPoint>
<DataPoint>2560</DataPoint>
<DataPoint>2677</DataPoint>
<DataPoint>2583</DataPoint>
<DataPoint>2699</DataPoint>
<DataPoint>2655</DataPoint>
<DataPoint>2524</DataPoint>
<DataPoint>2540</DataPoint>
<DataPoint>2520</DataPoint>
<DataPoint>2550</DataPoint>
<DataPoint>2562</DataPoint>
<DataPoint>2611</DataPoint>
<DataPoint>2556</DataPoint>
<DataPoint>2480</DataPoint>
<DataPoint>2579</DataPoint>
<DataPoint>2410</DataPoint>
<DataPoint>2579</DataPoint>
<DataPoint>2463</DataPoint>
<DataPoint>2531</DataPoint>
<DataPoint>2547</DataPoint>
<DataPoint>2454</DataPoint>
<DataPoint>2469</DataPoint>
<DataPoint>2445</DataPoint>
<DataPoint>2434</DataPoint>
<DataPoint>2412</DataPoint>
<DataPoint>2415</DataPoint>
<DataPoint>2292</DataPoint>
<DataPoint>2403</DataPoint>
<DataPoint>2389</DataPoint>
<DataPoint>2334</DataPoint>
<DataPoint>2224</DataPoint>
<DataPoint>2247</DataPoint>
<DataPoint>2288</DataPoint>
<DataPoint>2149</DataPoint>
<DataPoint>2154</DataPoint>
<DataPoint>2282</DataPoint>
<DataPoint>2160</DataPoint>
<DataPoint>2190</DataPoint>
<DataPoint>2115</DataPoint>
<DataPoint>2067</DataPoint>
<DataPoint>2100</DataPoint>
<DataPoint>2023</DataPoint>
<DataPoint>2094</DataPoint>
<DataPoint>1930</DataPoint>
<DataPoint>2062</DataPoint>
<DataPoint>2031</DataPoint>
<DataPoint>1983</DataPoint>
<DataPoint>1984</DataPoint>
<DataPoint>1944</DataPoint>
<DataPoint>1955</DataPoint>
<DataPoint>1984</DataPoint>
<DataPoint>2038</DataPoint>
<DataPoint>1894</DataPoint>
<DataPoint>1904</DataPoint>
<DataPoint>1933</DataPoint>
<DataPoint>1936</DataPoint>
<DataPoint>1950</DataPoint>
<DataPoint>1974</DataPoint>
<DataPoint>1882</DataPoint>
<DataPoint>1928</DataPoint>
<DataPoint>1854</DataPoint>
<DataPoint>1932</DataPoint>
<DataPoint>1973</DataPoint>
<DataPoint>1843</DataPoint>
<DataPoint>1878</DataPoint>
<DataPoint>1847</DataPoint>
<DataPoint>1793</DataPoint>
<DataPoint>1852</DataPoint>
<DataPoint>1849</DataPoint>
<DataPoint>1893</DataPoint>
<DataPoint>1888</DataPoint>
<DataPoint>1847</DataPoint>
<DataPoint>1899</DataPoint>
<DataPoint>1813</DataPoint>
<DataPoint>1825</DataPoint>
<DataPoint>1730</DataPoint>
<DataPoint>1829</DataPoint>
<DataPoint>1762</DataPoint>
<DataPoint>1834</DataPoint>
<DataPoint>1804</DataPoint>
<DataPoint>1764</DataPoint>
<DataPoint>1766</DataPoint>
<DataPoint>1865</DataPoint>
<DataPoint>1691</DataPoint>
<DataPoint>1718</DataPoint>
<DataPoint>1714</DataPoint>
<DataPoint>1830</DataPoint>
<DataPoint>1737</DataPoint>
<DataPoint>1738</DataPoint>
<DataPoint>1813</DataPoint>
<DataPoint>1720</DataPoint>
<DataPoint>1810</DataPoint>
<DataPoint>1752</DataPoint>
<DataPoint>1706</DataPoint>
<DataPoint>1792</DataPoint>
<DataPoint>1721</DataPoint>
<DataPoint>1708</DataPoint>
<DataPoint>1719</DataPoint>
<DataPoint>1706</DataPoint>
<DataPoint>1706</DataPoint>
<DataPoint>1681</DataPoint>
<DataPoint>1749</DataPoint>
<DataPoint>1715</DataPoint>
<DataPoint>1652</DataPoint>
<DataPoint>1704</DataPoint>
<DataPoint>1742</DataPoint>
<DataPoint>1708</DataPoint>
<DataPoint>1685</DataPoint>
<DataPoint>1699</DataPoint>
<DataPoint>1713</DataPoint>
<DataPoint>1597</DataPoint>
<DataPoint>1701</DataPoint>
<DataPoint>1627</DataPoint>
<DataPoint>1639</DataPoint>
<DataPoint>1681</DataPoint>
<DataPoint>1693</DataPoint>
<DataPoint>1828</DataPoint>
<DataPoint>1698</DataPoint>
<DataPoint>1690</DataPoint>
<DataPoint>1726</DataPoint>
<DataPoint>1662</DataPoint>
<DataPoint>1663</DataPoint>
<DataPoint>1689</DataPoint>
<DataPoint>1659</DataPoint>
<DataPoint>1644</DataPoint>
<DataPoint>1714</DataPoint>
<DataPoint>1648</DataPoint>
<DataPoint>1652</DataPoint>
<DataPoint>1700</DataPoint>
<DataPoint>1661</DataPoint>
<DataPoint>1710</DataPoint>
<DataPoint>1639</DataPoint>
<DataPoint>1723</DataPoint>
<DataPoint>1640</DataPoint>
<DataPoint>1701</DataPoint>
<DataPoint>1638</DataPoint>
<DataPoint>1744</DataPoint>
<DataPoint>1682</DataPoint>
<DataPoint>1732</DataPoint>
<DataPoint>1706</DataPoint>
<DataPoint>1698</DataPoint>
<DataPoint>1752</DataPoint>
<DataPoint>1674</DataPoint>
<DataPoint>1599</DataPoint>
<DataPoint>1653</DataPoint>
<DataPoint>1725</DataPoint>
<DataPoint>1688</DataPoint>
<DataPoint>1740</DataPoint>
<DataPoint>1748</DataPoint>
<DataPoint>1753</DataPoint>
<DataPoint>1728</DataPoint>
<DataPoint>1720</DataPoint>
<DataPoint>1711</DataPoint>
<DataPoint>1714</DataPoint>
<DataPoint>1647</DataPoint>
<DataPoint>1642</DataPoint>
<DataPoint>1652</DataPoint>
<DataPoint>1777</DataPoint>
<DataPoint>1731</DataPoint>
<DataPoint>1665</DataPoint>
<DataPoint>1708</DataPoint>
<DataPoint>1607</DataPoint>
<DataPoint>1738</DataPoint>
<DataPoint>1695</DataPoint>
<DataPoint>1645</DataPoint>
<DataPoint>1591</DataPoint>
<DataPoint>1666</DataPoint>
<DataPoint>1642</DataPoint>
<DataPoint>1698</DataPoint>
<DataPoint>1632</DataPoint>
<DataPoint>1733</DataPoint>
<DataPoint>1607</DataPoint>
<DataPoint>1656</DataPoint>
<DataPoint>1715</DataPoint>
<DataPoint>1721</DataPoint>
<DataPoint>1689</DataPoint>
<DataPoint>1718</DataPoint>
<DataPoint>1667</DataPoint>
<DataPoint>1685</DataPoint>
<DataPoint>1663</DataPoint>
<DataPoint>1703</DataPoint>
<DataPoint>1807</DataPoint>
<DataPoint>1749</DataPoint>
<DataPoint>1726</DataPoint>
<DataPoint>1753</DataPoint>
<DataPoint>1671</DataPoint>
<DataPoint>1770</DataPoint>
<DataPoint>1716</DataPoint>
<DataPoint>1757</DataPoint>
<DataPoint>1761</DataPoint>
<DataPoint>1777</DataPoint>
<DataPoint>1772</DataPoint>
<DataPoint>1709</DataPoint>
<DataPoint>1803</DataPoint>
<DataPoint>1808</DataPoint>
<DataPoint>1850</DataPoint>
<DataPoint>1819</DataPoint>
<DataPoint>1883</DataPoint>
<DataPoint>1840</DataPoint>
<DataPoint>1780</DataPoint>
<DataPoint>1847</DataPoint>
<DataPoint>1814</DataPoint>
<DataPoint>1897</DataPoint>
<DataPoint>1876</DataPoint>
<DataPoint>1795</DataPoint>
<DataPoint>1861</DataPoint>
<DataPoint>1904</DataPoint>
<DataPoint>1898</DataPoint>
<DataPoint>1825</DataPoint>
<DataPoint>1842</DataPoint>
<DataPoint>1880</DataPoint>
<DataPoint>1890</DataPoint>
<DataPoint>1842</DataPoint>
<DataPoint>1858</DataPoint>
<DataPoint>1868</DataPoint>
<DataPoint>1875</DataPoint>
<DataPoint>1831</DataPoint>
<DataPoint>1811</DataPoint>
<DataPoint>1744</DataPoint>
<DataPoint>1799</DataPoint>
<DataPoint>1703</DataPoint>
<DataPoint>1625</DataPoint>
<DataPoint>1652</DataPoint>
<DataPoint>1713</DataPoint>
<DataPoint>1636</DataPoint>
<DataPoint>1734</DataPoint>
<DataPoint>1621</DataPoint>
<DataPoint>1585</DataPoint>
<DataPoint>1645</DataPoint>
<DataPoint>1539</DataPoint>
<DataPoint>1578</DataPoint>
<DataPoint>1468</DataPoint>
<DataPoint>1479</DataPoint>
<DataPoint>1506</DataPoint>
<DataPoint>1447</DataPoint>
<DataPoint>1364</DataPoint>
<DataPoint>1395</DataPoint>
<DataPoint>1293</DataPoint>
<DataPoint>1370</DataPoint>
<DataPoint>1250</DataPoint>
<DataPoint>1246</DataPoint>
<DataPoint>1186</DataPoint>
<DataPoint>1198</DataPoint>
<DataPoint>1136</DataPoint>
<DataPoint>1088</DataPoint>
<DataPoint>1015</DataPoint>
<DataPoint>1030</DataPoint>
<DataPoint>954</DataPoint>
<DataPoint>908</DataPoint>
<DataPoint>882</DataPoint>
<DataPoint>888</DataPoint>
<DataPoint>807</DataPoint>
<DataPoint>834</DataPoint>
<DataPoint>765</DataPoint>
<DataPoint>799</DataPoint>
<DataPoint>723</DataPoint>
<DataPoint>645</DataPoint>
<DataPoint>683</DataPoint>
<DataPoint>626</DataPoint>
<DataPoint>630</DataPoint>
<DataPoint>613</DataPoint>
<DataPoint>547</DataPoint>
<DataPoint>540</DataPoint>
<DataPoint>490</DataPoint>
<DataPoint>520</DataPoint>
<DataPoint>535</DataPoint>
<DataPoint>524</DataPoint>
<DataPoint>450</DataPoint>
<DataPoint>494</DataPoint>
<DataPoint>447</DataPoint>
<DataPoint>461</DataPoint>
<DataPoint>440</DataPoint>
<DataPoint>430</DataPoint>
<DataPoint>478</DataPoint>
<DataPoint>428</DataPoint>
<DataPoint>401</DataPoint>
<DataPoint>429</DataPoint>
<DataPoint>426</DataPoint>
<DataPoint>414</DataPoint>
<DataPoint>447</DataPoint>
<DataPoint>453</DataPoint>
<DataPoint>453</DataPoint>
<DataPoint>461</DataPoint>
<DataPoint>471</DataPoint>
<DataPoint>519</DataPoint>
<DataPoint>493</DataPoint>
<DataPoint>541</DataPoint>
<DataPoint>494</DataPoint>
<DataPoint>601</DataPoint>
<DataPoint>562</DataPoint>
<DataPoint>555</DataPoint>
<DataPoint>649</DataPoint>
<DataPoint>660</DataPoint>
<DataPoint>691</DataPoint>
<DataPoint>731</DataPoint>
<DataPoint>731</DataPoint>
<DataPoint>815</DataPoint>
<DataPoint>841</DataPoint>
<DataPoint>858</DataPoint>
<DataPoint>843</DataPoint>
<DataPoint>890</DataPoint>
<DataPoint>889</DataPoint>
<DataPoint>956</DataPoint>
<DataPoint>922</DataPoint>
<DataPoint>1025</DataPoint>
<DataPoint>963</DataPoint>
<DataPoint>1061</DataPoint>
<DataPoint>1075</DataPoint>
<DataPoint>1115</DataPoint>
<DataPoint>1097</DataPoint>
<DataPoint>1232</DataPoint>
<DataPoint>1174</DataPoint>
<DataPoint>1210</DataPoint>
<DataPoint>1139</DataPoint>
<DataPoint>1207</DataPoint>
<DataPoint>1290</DataPoint>
<DataPoint>1244</DataPoint>
<DataPoint>1160</DataPoint>
<DataPoint>1258</DataPoint>
<DataPoint>1300</DataPoint>
<DataPoint>1191</DataPoint>
<DataPoint>1224</DataPoint>
<DataPoint>1194</DataPoint>
<DataPoint>1242</DataPoint>
<DataPoint>1253</DataPoint>
<DataPoint>1128</DataPoint>
<DataPoint>1094</DataPoint>
<DataPoint>1136</DataPoint>
<DataPoint>1100</DataPoint>
<DataPoint>1079</DataPoint>
<DataPoint>1013</DataPoint>
<DataPoint>1014</DataPoint>
<DataPoint>938</DataPoint>
<DataPoint>953</DataPoint>
<DataPoint>969</DataPoint>
<DataPoint>886</DataPoint>
<DataPoint>845</DataPoint>
<DataPoint>762</DataPoint>
<DataPoint>771</DataPoint>
<DataPoint>712</DataPoint>
<DataPoint>650</DataPoint>
<DataPoint>631</DataPoint>
<DataPoint>603</DataPoint>
<DataPoint>551</DataPoint>
<DataPoint>508</DataPoint>
<DataPoint>481</DataPoint>
<DataPoint>463</DataPoint>
<DataPoint>403</DataPoint>
<DataPoint>371</DataPoint>
<DataPoint>425</DataPoint>
<DataPoint>368</DataPoint>
<DataPoint>328</DataPoint>
<DataPoint>297</DataPoint>
<DataPoint>272</DataPoint>
<DataPoint>265</DataPoint>
<DataPoint>240</DataPoint>
<DataPoint>214</DataPoint>
<DataPoint>243</DataPoint>
<DataPoint>234</DataPoint>
<DataPoint>192</DataPoint>
<DataPoint>186</DataPoint>
<DataPoint>168</DataPoint>
<DataPoint>158</DataPoint>
<DataPoint>160</DataPoint>
<DataPoint>152</DataPoint>
<DataPoint>150</DataPoint>
<DataPoint>141</DataPoint>
<DataPoint>155</DataPoint>
<DataPoint>123</DataPoint>
<DataPoint>140</DataPoint>
<DataPoint>147</DataPoint>
<DataPoint>126</DataPoint>
<DataPoint>130</DataPoint>
<DataPoint>121</DataPoint>
<DataPoint>119</DataPoint>
<DataPoint>113</DataPoint>
<DataPoint>105</DataPoint>
<DataPoint>115</DataPoint>
<DataPoint>104</DataPoint>
<DataPoint>121</DataPoint>
<DataPoint>116</DataPoint>
<DataPoint>112</DataPoint>
<DataPoint>106</DataPoint>
<DataPoint>101</DataPoint>
<DataPoint>92</DataPoint>
<DataPoint>96</DataPoint>
<DataPoint>83</DataPoint>
<DataPoint>93</DataPoint>
<DataPoint>80</DataPoint>
<DataPoint>89</DataPoint>
<DataPoint>92</DataPoint>
<DataPoint>94</DataPoint>
<DataPoint>76</DataPoint>
<DataPoint>85</DataPoint>
<DataPoint>89</DataPoint>
<DataPoint>77</DataPoint>
<DataPoint>67</DataPoint>
<DataPoint>64</DataPoint>
<DataPoint>76</DataPoint>
<DataPoint>81</DataPoint>
<DataPoint>101</DataPoint>
<DataPoint>95</DataPoint>
<DataPoint>71</DataPoint>
<DataPoint>83</DataPoint>
<DataPoint>79</DataPoint>
<DataPoint>68</DataPoint>
<DataPoint>77</DataPoint>
<DataPoint>92</DataPoint>
<DataPoint>86</DataPoint>
<DataPoint>74</DataPoint>
<DataPoint>80</DataPoint>
<DataPoint>89</DataPoint>
<DataPoint>67</DataPoint>
<DataPoint>56</DataPoint>
<DataPoint>60</DataPoint>
<DataPoint>72</DataPoint>
<DataPoint>70</DataPoint>
<DataPoint>77</DataPoint>
<DataPoint>81</DataPoint>
<DataPoint>64</DataPoint>
<DataPoint>77</DataPoint>
<DataPoint>66</DataPoint>
<DataPoint>66</DataPoint>
<DataPoint>61</DataPoint>
<DataPoint>65</DataPoint>
<DataPoint>62</DataPoint>
<DataPoint>54</DataPoint>
<DataPoint>71</DataPoint>
<DataPoint>73</DataPoint>
<DataPoint>80</DataPoint>
<DataPoint>65</DataPoint>
<DataPoint>73</DataPoint>
<DataPoint>66</DataPoint>
<DataPoint>57</DataPoint>
<DataPoint>56</DataPoint>
<DataPoint>56</DataPoint>
<DataPoint>68</DataPoint>
<DataPoint>59</DataPoint>
<DataPoint>60</DataPoint>
<DataPoint>46</DataPoint>
<DataPoint>54</DataPoint>
<DataPoint>50</DataPoint>
<DataPoint>67</DataPoint>
<DataPoint>52</DataPoint>
<DataPoint>57</DataPoint>
<DataPoint>63</DataPoint>
<DataPoint>54</DataPoint>
<DataPoint>47</DataPoint>
<DataPoint>61</DataPoint>
<DataPoint>58</DataPoint>
<DataPoint>62</DataPoint>
<DataPoint>43</DataPoint>
<DataPoint>57</DataPoint>
<DataPoint>49</DataPoint>
<DataPoint>60</DataPoint>
<DataPoint>61</DataPoint>
<DataPoint>49</DataPoint>
<DataPoint>54</DataPoint>
<DataPoint>60</DataPoint>
<DataPoint>52</DataPoint>
<DataPoint>42</DataPoint>
<DataPoint>64</DataPoint>
<DataPoint>58</DataPoint>
<DataPoint>44</DataPoint>
<DataPoint>54</DataPoint>
<DataPoint>46</DataPoint>
<DataPoint>44</DataPoint>
<DataPoint>53</DataPoint>
<DataPoint>41</DataPoint>
<DataPoint>39</DataPoint>
<DataPoint>51</DataPoint>
<DataPoint>53</DataPoint>
<DataPoint>54</DataPoint>
<DataPoint>43</DataPoint>
<DataPoint>56</DataPoint>
<DataPoint>37</DataPoint>
<DataPoint>45</DataPoint>
<DataPoint>64</DataPoint>
<DataPoint>33</DataPoint>
<DataPoint>46</DataPoint>
<DataPoint>42</DataPoint>
<DataPoint>41</DataPoint>
<DataPoint>41</DataPoint>
<DataPoint>56</DataPoint>
<DataPoint>44</DataPoint>
<DataPoint>37</DataPoint>
<DataPoint>45</DataPoint>
<DataPoint>50</DataPoint>
<DataPoint>35</DataPoint>
<DataPoint>42</DataPoint>
<DataPoint>54</DataPoint>
<DataPoint>43</DataPoint>
<DataPoint>48</DataPoint>
<DataPoint>41</DataPoint>
<DataPoint>39</DataPoint>
<DataPoint>33</DataPoint>
<DataPoint>51</DataPoint>
<DataPoint>45</DataPoint>
<DataPoint>44</DataPoint>
<DataPoint>48</DataPoint>
<DataPoint>38</DataPoint>
<DataPoint>38</DataPoint>
<DataPoint>39</DataPoint>
<DataPoint>40</DataPoint>
<DataPoint>34</DataPoint>
<DataPoint>39</DataPoint>
<DataPoint>43</DataPoint>
<DataPoint>35</DataPoint>
<DataPoint>35</DataPoint>
<DataPoint>32</DataPoint>
<DataPoint>51</DataPoint>
<DataPoint>36</DataPoint>
<DataPoint>38</DataPoint>
<DataPoint>49</DataPoint>
<DataPoint>42</DataPoint>
<DataPoint>41</DataPoint>
<DataPoint>43</DataPoint>
<DataPoint>37</DataPoint>
<DataPoint>45</DataPoint>
<DataPoint>32</DataPoint>
<DataPoint>44</DataPoint>
<DataPoint>47</DataPoint>
<DataPoint>41</DataPoint>
<DataPoint>42</DataPoint>
<DataPoint>41</DataPoint>
<DataPoint>54</DataPoint>
<DataPoint>30</DataPoint>
<DataPoint>41</DataPoint>
<DataPoint>40</DataPoint>
<DataPoint>47</DataPoint>
<DataPoint>33</DataPoint>
<DataPoint>28</DataPoint>
<DataPoint>40</DataPoint>
<DataPoint>28</DataPoint>
<DataPoint>38</DataPoint>
<DataPoint>56</DataPoint>
<DataPoint>45</DataPoint>
<DataPoint>41</DataPoint>
<DataPoint>43</DataPoint>
<DataPoint>37</DataPoint>
<DataPoint>39</DataPoint>
<DataPoint>49</DataPoint>
<DataPoint>53</DataPoint>
<DataPoint>35</DataPoint>
<DataPoint>35</DataPoint>
<DataPoint>44</DataPoint>
<DataPoint>37</DataPoint>
<DataPoint>50</DataPoint>
<DataPoint>37</DataPoint>
<DataPoint>46</DataPoint>
<DataPoint>32</DataPoint>
<DataPoint>32</DataPoint>
<DataPoint>46</DataPoint>
<DataPoint>31</DataPoint>
<DataPoint>42</DataPoint>
<DataPoint>47</DataPoint>
<DataPoint>40</DataPoint>
<DataPoint>39</DataPoint>
<DataPoint>30</DataPoint>
<DataPoint>32</DataPoint>
<DataPoint>46</DataPoint>
<DataPoint>40</DataPoint>
<DataPoint>43</DataPoint>
<DataPoint>35</DataPoint>
<DataPoint>31</DataPoint>
<DataPoint>40</DataPoint>
<DataPoint>29</DataPoint>
<DataPoint>30</DataPoint>
<DataPoint>46</DataPoint>
<DataPoint>30</DataPoint>
<DataPoint>36</DataPoint>
<DataPoint>47</DataPoint>
<DataPoint>37</DataPoint>
<DataPoint>40</DataPoint>
<DataPoint>37</DataPoint>
<DataPoint>42</DataPoint>
<DataPoint>24</DataPoint>
<DataPoint>37</DataPoint>
<DataPoint>39</DataPoint>
<DataPoint>33</DataPoint>
<DataPoint>36</DataPoint>
<DataPoint>30</DataPoint>
<DataPoint>29</DataPoint>
<DataPoint>35</DataPoint>
<DataPoint>30</DataPoint>
<DataPoint>41</DataPoint>
<DataPoint>29</DataPoint>
<DataPoint>37</DataPoint>
<DataPoint>24</DataPoint>
<DataPoint>34</DataPoint>
<DataPoint>34</DataPoint>
<DataPoint>28</DataPoint>
<DataPoint>27</DataPoint>
<DataPoint>35</DataPoint>
<DataPoint>37</DataPoint>
<DataPoint>22</DataPoint>
<DataPoint>26</DataPoint>
<DataPoint>38</DataPoint>
<DataPoint>33</DataPoint>
<DataPoint>32</DataPoint>
<DataPoint>33</DataPoint>
<DataPoint>34</DataPoint>
<DataPoint>35</DataPoint>
<DataPoint>28</DataPoint>
<DataPoint>35</DataPoint>
<DataPoint>22</DataPoint>
<DataPoint>29</DataPoint>
<DataPoint>22</DataPoint>
<DataPoint>24</DataPoint>
<DataPoint>27</DataPoint>
<DataPoint>17</DataPoint>
<DataPoint>30</DataPoint>
<DataPoint>22</DataPoint>
<DataPoint>34</DataPoint>
<DataPoint>32</DataPoint>
<DataPoint>28</DataPoint>
<DataPoint>22</DataPoint>
<DataPoint>32</DataPoint>
<DataPoint>24</DataPoint>
<DataPoint>25</DataPoint>
<DataPoint>23</DataPoint>
<DataPoint>28</DataPoint>
<DataPoint>28</DataPoint>
<DataPoint>23</DataPoint>
<DataPoint>21</DataPoint>
<DataPoint>26</DataPoint>
<DataPoint>30</DataPoint>
<DataPoint>22</DataPoint>
<DataPoint>20</DataPoint>
<DataPoint>27</DataPoint>
<DataPoint>30</DataPoint>
<DataPoint>27</DataPoint>
<DataPoint>25</DataPoint>
<DataPoint>31</DataPoint>
<DataPoint>22</DataPoint>
<DataPoint>16</DataPoint>
<DataPoint>29</DataPoint>
<DataPoint>23</DataPoint>
<DataPoint>30</DataPoint>
<DataPoint>14</DataPoint>
<DataPoint>29</DataPoint>
<DataPoint>18</DataPoint>
<DataPoint>23</DataPoint>
<DataPoint>32</DataPoint>
<DataPoint>14</DataPoint>
<DataPoint>25</DataPoint>
<DataPoint>26</DataPoint>
<DataPoint>24</DataPoint>
<DataPoint>14</DataPoint>
<DataPoint>20</DataPoint>
<DataPoint>17</DataPoint>
<DataPoint>15</DataPoint>
<DataPoint>25</DataPoint>
<DataPoint>21</DataPoint>
<DataPoint>18</DataPoint>
<DataPoint>31</DataPoint>
<DataPoint>24</DataPoint>
<DataPoint>22</DataPoint>
<DataPoint>16</DataPoint>
<DataPoint>23</DataPoint>
<DataPoint>31</DataPoint>
<DataPoint>21</DataPoint>
<DataPoint>27</DataPoint>
<DataPoint>23</DataPoint>
<DataPoint>26</DataPoint>
<DataPoint>21</DataPoint>
<DataPoint>24</DataPoint>
<DataPoint>18</DataPoint>
<DataPoint>20</DataPoint>
<DataPoint>22</DataPoint>
<DataPoint>29</DataPoint>
<DataPoint>16</DataPoint>
<DataPoint>19</DataPoint>
<DataPoint>30</DataPoint>
<DataPoint>29</DataPoint>
<DataPoint>24</DataPoint>
<DataPoint>21</DataPoint>
<DataPoint>21</DataPoint>
<DataPoint>27</DataPoint>
<DataPoint>17</DataPoint>
<DataPoint>22</DataPoint>
<DataPoint>20</DataPoint>
<DataPoint>17</DataPoint>
<DataPoint>16</DataPoint>
<DataPoint>13</DataPoint>
<DataPoint>22</DataPoint>
<DataPoint>23</DataPoint>
<DataPoint>29</DataPoint>
<DataPoint>21</DataPoint>
<DataPoint>26</DataPoint>
<DataPoint>24</DataPoint>
<DataPoint>24</DataPoint>
<DataPoint>27</DataPoint>
<DataPoint>22</DataPoint>
<DataPoint>31</DataPoint>
<DataPoint>26</DataPoint>
<DataPoint>22</DataPoint>
<DataPoint>16</DataPoint>
<DataPoint>20</DataPoint>
<DataPoint>19</DataPoint>
<DataPoint>11</DataPoint>
<DataPoint>31</DataPoint>
<DataPoint>19</DataPoint>
<DataPoint>21</DataPoint>
<DataPoint>24</DataPoint>
<DataPoint>20</DataPoint>
<DataPoint>16</DataPoint>
<DataPoint>22</DataPoint>
<DataPoint>21</DataPoint>
<DataPoint>20</DataPoint>
<DataPoint>17</DataPoint>
<DataPoint>15</DataPoint>
<DataPoint>23</DataPoint>
<DataPoint>14</DataPoint>
<DataPoint>27</DataPoint>
<DataPoint>22</DataPoint>
<DataPoint>16</DataPoint>
<DataPoint>14</DataPoint>
<DataPoint>26</DataPoint>
<DataPoint>19</DataPoint>
<DataPoint>11</DataPoint>
<DataPoint>18</DataPoint>
<DataPoint>18</DataPoint>
<DataPoint>18</DataPoint>
<DataPoint>16</DataPoint>
<DataPoint>10</DataPoint>
<DataPoint>12</DataPoint>
<DataPoint>23</DataPoint>
<DataPoint>18</DataPoint>
<DataPoint>16</DataPoint>
<DataPoint>19</DataPoint>
<DataPoint>11</DataPoint>
<DataPoint>10</DataPoint>
<DataPoint>11</DataPoint>
<DataPoint>14</DataPoint>
<DataPoint>16</DataPoint>
<DataPoint>18</DataPoint>
<DataPoint>18</DataPoint>
<DataPoint>21</DataPoint>
<DataPoint>20</DataPoint>
<DataPoint>20</DataPoint>
<DataPoint>16</DataPoint>
<DataPoint>14</DataPoint>
<DataPoint>20</DataPoint>
<DataPoint>16</DataPoint>
<DataPoint>16</DataPoint>
<DataPoint>16</DataPoint>
<DataPoint>14</DataPoint>
<DataPoint>22</DataPoint>
<DataPoint>15</DataPoint>
<DataPoint>17</DataPoint>
<DataPoint>11</DataPoint>
<DataPoint>10</DataPoint>
<DataPoint>20</DataPoint>
<DataPoint>19</DataPoint>
<DataPoint>17</DataPoint>
<DataPoint>13</DataPoint>
<DataPoint>19</DataPoint>
<DataPoint>14</DataPoint>
<DataPoint>16</DataPoint>
<DataPoint>18</DataPoint>
<DataPoint>23</DataPoint>
<DataPoint>16</DataPoint>
<DataPoint>17</DataPoint>
<DataPoint>22</DataPoint>
<DataPoint>18</DataPoint>
<DataPoint>16</DataPoint>
<DataPoint>11</DataPoint>
<DataPoint>18</DataPoint>
<DataPoint>17</DataPoint>
<DataPoint>14</DataPoint>
<DataPoint>15</DataPoint>
<DataPoint>13</DataPoint>
<DataPoint>14</DataPoint>
<DataPoint>12</DataPoint>
<DataPoint>19</DataPoint>
<DataPoint>17</DataPoint>
<DataPoint>13</DataPoint>
<DataPoint>12</DataPoint>
<DataPoint>12</DataPoint>
<DataPoint>16</DataPoint>
<DataPoint>14</DataPoint>
<DataPoint>21</DataPoint>
<DataPoint>11</DataPoint>
<DataPoint>13</DataPoint>
<DataPoint>15</DataPoint>
<DataPoint>20</DataPoint>
<DataPoint>17</DataPoint>
<DataPoint>15</DataPoint>
<DataPoint>26</DataPoint>
<DataPoint>17</DataPoint>
<DataPoint>16</DataPoint>
<DataPoint>10</DataPoint>
<DataPoint>14</DataPoint>
<DataPoint>11</DataPoint>
<DataPoint>9</DataPoint>
<DataPoint>11</DataPoint>
<DataPoint>18</DataPoint>
<DataPoint>16</DataPoint>
<DataPoint>17</DataPoint>
<DataPoint>12</DataPoint>
<DataPoint>21</DataPoint>
<DataPoint>9</DataPoint>
<DataPoint>17</DataPoint>
<DataPoint>18</DataPoint>
<DataPoint>18</DataPoint>
<DataPoint>7</DataPoint>
<DataPoint>12</DataPoint>
<DataPoint>12</DataPoint>
<DataPoint>12</DataPoint>
<DataPoint>10</DataPoint>
<DataPoint>12</DataPoint>
<DataPoint>18</DataPoint>
<DataPoint>17</DataPoint>
<DataPoint>20447</DataPoint>

  </Spectrum>
 </EnergySpectrum>


      

      <Visible>true</Visible>
      <PulseCollection>
        <Format>Base64 encoded binary</Format>
        <Pulses />
      </PulseCollection>
    </ResultData>
  </ResultDataList>
</ResultDataFile>
