<?xml version="1.0"?>
<ResultDataFile xmlns:xsd="http://www.w3.org/2001/XMLSchema" xmlns:xsi="http://www.w3.org/2001/XMLSchema-instance">
  <FormatVersion>120920</FormatVersion>
  <ResultDataList>
    <ResultData>
      <DeviceConfigReference>
        <Name>RadiaCode-102</Name>
      </DeviceConfigReference>
      <SampleInfo>
        <Name><![CDATA[Spectrum_2025-03-26 18-06-45]]></Name>
        <Note><![CDATA[]]></Note>
      </SampleInfo>
      <BackgroundSpectrumFile><![CDATA[]]></BackgroundSpectrumFile>

       <StartTime>2025-03-26T02:03:16</StartTime>
 <EndTime>2025-03-26T17:06:45</EndTime>

 <EnergySpectrum>
  <NumberOfChannels>1024</NumberOfChannels>
  <ChannelPitch>1</ChannelPitch>
  <SpectrumName><![CDATA[Spectrum_2025-03-26 18-06-45]]></SpectrumName>
  <Comment></Comment>
  <SerialNumber>RC-102-000590</SerialNumber>
  <EnergyCalibration>
    <PolynomialOrder>2</PolynomialOrder>
    <Coefficients>
      <Coefficient>-1.2426807</Coefficient>
      <Coefficient>2.3831038</Coefficient>
      <Coefficient>4.1388627E-4</Coefficient>
    </Coefficients>
  </EnergyCalibration>
  <MeasurementTime>54209</MeasurementTime>
  <LiveTime>54197.324</LiveTime>
  <Spectrum>
    <DataPoint>2</DataPoint>
<DataPoint>231</DataPoint>
<DataPoint>1511</DataPoint>
<DataPoint>2169</DataPoint>
<DataPoint>1466</DataPoint>
<DataPoint>952</DataPoint>
<DataPoint>1148</DataPoint>
<DataPoint>2842</DataPoint>
<DataPoint>7555</DataPoint>
<DataPoint>9966</DataPoint>
<DataPoint>10039</DataPoint>
<DataPoint>10679</DataPoint>
<DataPoint>11413</DataPoint>
<DataPoint>12130</DataPoint>
<DataPoint>13191</DataPoint>
<DataPoint>14378</DataPoint>
<DataPoint>15815</DataPoint>
<DataPoint>16821</DataPoint>
<DataPoint>17470</DataPoint>
<DataPoint>17640</DataPoint>
<DataPoint>17744</DataPoint>
<DataPoint>17797</DataPoint>
<DataPoint>18064</DataPoint>
<DataPoint>18953</DataPoint>
<DataPoint>20790</DataPoint>
<DataPoint>22826</DataPoint>
<DataPoint>25953</DataPoint>
<DataPoint>30398</DataPoint>
<DataPoint>35395</DataPoint>
<DataPoint>42024</DataPoint>
<DataPoint>49335</DataPoint>
<DataPoint>55285</DataPoint>
<DataPoint>60159</DataPoint>
<DataPoint>61898</DataPoint>
<DataPoint>61583</DataPoint>
<DataPoint>58882</DataPoint>
<DataPoint>55142</DataPoint>
<DataPoint>49968</DataPoint>
<DataPoint>45021</DataPoint>
<DataPoint>40159</DataPoint>
<DataPoint>35432</DataPoint>
<DataPoint>31143</DataPoint>
<DataPoint>26854</DataPoint>
<DataPoint>23797</DataPoint>
<DataPoint>20748</DataPoint>
<DataPoint>18265</DataPoint>
<DataPoint>16741</DataPoint>
<DataPoint>15424</DataPoint>
<DataPoint>14319</DataPoint>
<DataPoint>13871</DataPoint>
<DataPoint>13517</DataPoint>
<DataPoint>13423</DataPoint>
<DataPoint>13503</DataPoint>
<DataPoint>13114</DataPoint>
<DataPoint>12835</DataPoint>
<DataPoint>12627</DataPoint>
<DataPoint>12231</DataPoint>
<DataPoint>11766</DataPoint>
<DataPoint>11248</DataPoint>
<DataPoint>10758</DataPoint>
<DataPoint>10159</DataPoint>
<DataPoint>9710</DataPoint>
<DataPoint>9279</DataPoint>
<DataPoint>9082</DataPoint>
<DataPoint>8813</DataPoint>
<DataPoint>8631</DataPoint>
<DataPoint>8141</DataPoint>
<DataPoint>7898</DataPoint>
<DataPoint>7726</DataPoint>
<DataPoint>7480</DataPoint>
<DataPoint>7639</DataPoint>
<DataPoint>7419</DataPoint>
<DataPoint>7412</DataPoint>
<DataPoint>6967</DataPoint>
<DataPoint>7149</DataPoint>
<DataPoint>7339</DataPoint>
<DataPoint>7392</DataPoint>
<DataPoint>7603</DataPoint>
<DataPoint>7635</DataPoint>
<DataPoint>7832</DataPoint>
<DataPoint>8172</DataPoint>
<DataPoint>8520</DataPoint>
<DataPoint>8962</DataPoint>
<DataPoint>9396</DataPoint>
<DataPoint>9857</DataPoint>
<DataPoint>10813</DataPoint>
<DataPoint>11463</DataPoint>
<DataPoint>12537</DataPoint>
<DataPoint>13597</DataPoint>
<DataPoint>14631</DataPoint>
<DataPoint>15696</DataPoint>
<DataPoint>16943</DataPoint>
<DataPoint>18091</DataPoint>
<DataPoint>18914</DataPoint>
<DataPoint>19441</DataPoint>
<DataPoint>19736</DataPoint>
<DataPoint>19762</DataPoint>
<DataPoint>19394</DataPoint>
<DataPoint>18709</DataPoint>
<DataPoint>17352</DataPoint>
<DataPoint>16311</DataPoint>
<DataPoint>14871</DataPoint>
<DataPoint>13204</DataPoint>
<DataPoint>12182</DataPoint>
<DataPoint>10687</DataPoint>
<DataPoint>9489</DataPoint>
<DataPoint>8485</DataPoint>
<DataPoint>7680</DataPoint>
<DataPoint>6923</DataPoint>
<DataPoint>6467</DataPoint>
<DataPoint>5892</DataPoint>
<DataPoint>5425</DataPoint>
<DataPoint>5098</DataPoint>
<DataPoint>4999</DataPoint>
<DataPoint>4755</DataPoint>
<DataPoint>4577</DataPoint>
<DataPoint>4451</DataPoint>
<DataPoint>4315</DataPoint>
<DataPoint>4275</DataPoint>
<DataPoint>4414</DataPoint>
<DataPoint>4219</DataPoint>
<DataPoint>4208</DataPoint>
<DataPoint>4239</DataPoint>
<DataPoint>4223</DataPoint>
<DataPoint>4239</DataPoint>
<DataPoint>4179</DataPoint>
<DataPoint>4292</DataPoint>
<DataPoint>4365</DataPoint>
<DataPoint>4562</DataPoint>
<DataPoint>4538</DataPoint>
<DataPoint>4431</DataPoint>
<DataPoint>4378</DataPoint>
<DataPoint>4357</DataPoint>
<DataPoint>4312</DataPoint>
<DataPoint>4335</DataPoint>
<DataPoint>4174</DataPoint>
<DataPoint>3990</DataPoint>
<DataPoint>3907</DataPoint>
<DataPoint>3716</DataPoint>
<DataPoint>3603</DataPoint>
<DataPoint>3347</DataPoint>
<DataPoint>3128</DataPoint>
<DataPoint>2963</DataPoint>
<DataPoint>2858</DataPoint>
<DataPoint>2746</DataPoint>
<DataPoint>2490</DataPoint>
<DataPoint>2455</DataPoint>
<DataPoint>2381</DataPoint>
<DataPoint>2238</DataPoint>
<DataPoint>2135</DataPoint>
<DataPoint>2113</DataPoint>
<DataPoint>2048</DataPoint>
<DataPoint>1943</DataPoint>
<DataPoint>2017</DataPoint>
<DataPoint>1829</DataPoint>
<DataPoint>1924</DataPoint>
<DataPoint>1845</DataPoint>
<DataPoint>1849</DataPoint>
<DataPoint>1789</DataPoint>
<DataPoint>1820</DataPoint>
<DataPoint>1750</DataPoint>
<DataPoint>1778</DataPoint>
<DataPoint>1724</DataPoint>
<DataPoint>1691</DataPoint>
<DataPoint>1794</DataPoint>
<DataPoint>1698</DataPoint>
<DataPoint>1776</DataPoint>
<DataPoint>1712</DataPoint>
<DataPoint>1631</DataPoint>
<DataPoint>1714</DataPoint>
<DataPoint>1682</DataPoint>
<DataPoint>1714</DataPoint>
<DataPoint>1712</DataPoint>
<DataPoint>1731</DataPoint>
<DataPoint>1701</DataPoint>
<DataPoint>1709</DataPoint>
<DataPoint>1716</DataPoint>
<DataPoint>1677</DataPoint>
<DataPoint>1715</DataPoint>
<DataPoint>1687</DataPoint>
<DataPoint>1759</DataPoint>
<DataPoint>1741</DataPoint>
<DataPoint>1793</DataPoint>
<DataPoint>1839</DataPoint>
<DataPoint>1709</DataPoint>
<DataPoint>1823</DataPoint>
<DataPoint>1757</DataPoint>
<DataPoint>1725</DataPoint>
<DataPoint>1734</DataPoint>
<DataPoint>1744</DataPoint>
<DataPoint>1730</DataPoint>
<DataPoint>1685</DataPoint>
<DataPoint>1729</DataPoint>
<DataPoint>1706</DataPoint>
<DataPoint>1777</DataPoint>
<DataPoint>1717</DataPoint>
<DataPoint>1703</DataPoint>
<DataPoint>1740</DataPoint>
<DataPoint>1775</DataPoint>
<DataPoint>1736</DataPoint>
<DataPoint>1610</DataPoint>
<DataPoint>1755</DataPoint>
<DataPoint>1706</DataPoint>
<DataPoint>1663</DataPoint>
<DataPoint>1787</DataPoint>
<DataPoint>1792</DataPoint>
<DataPoint>1763</DataPoint>
<DataPoint>1664</DataPoint>
<DataPoint>1793</DataPoint>
<DataPoint>1797</DataPoint>
<DataPoint>1836</DataPoint>
<DataPoint>1917</DataPoint>
<DataPoint>1898</DataPoint>
<DataPoint>1879</DataPoint>
<DataPoint>1921</DataPoint>
<DataPoint>2006</DataPoint>
<DataPoint>1956</DataPoint>
<DataPoint>2077</DataPoint>
<DataPoint>2070</DataPoint>
<DataPoint>2100</DataPoint>
<DataPoint>2075</DataPoint>
<DataPoint>2104</DataPoint>
<DataPoint>2210</DataPoint>
<DataPoint>2094</DataPoint>
<DataPoint>2053</DataPoint>
<DataPoint>2074</DataPoint>
<DataPoint>2108</DataPoint>
<DataPoint>1996</DataPoint>
<DataPoint>1943</DataPoint>
<DataPoint>1807</DataPoint>
<DataPoint>1866</DataPoint>
<DataPoint>1771</DataPoint>
<DataPoint>1765</DataPoint>
<DataPoint>1689</DataPoint>
<DataPoint>1546</DataPoint>
<DataPoint>1547</DataPoint>
<DataPoint>1462</DataPoint>
<DataPoint>1406</DataPoint>
<DataPoint>1353</DataPoint>
<DataPoint>1342</DataPoint>
<DataPoint>1341</DataPoint>
<DataPoint>1274</DataPoint>
<DataPoint>1314</DataPoint>
<DataPoint>1133</DataPoint>
<DataPoint>1157</DataPoint>
<DataPoint>1105</DataPoint>
<DataPoint>1120</DataPoint>
<DataPoint>1054</DataPoint>
<DataPoint>1055</DataPoint>
<DataPoint>1034</DataPoint>
<DataPoint>1091</DataPoint>
<DataPoint>1007</DataPoint>
<DataPoint>1023</DataPoint>
<DataPoint>989</DataPoint>
<DataPoint>916</DataPoint>
<DataPoint>1020</DataPoint>
<DataPoint>972</DataPoint>
<DataPoint>1011</DataPoint>
<DataPoint>898</DataPoint>
<DataPoint>965</DataPoint>
<DataPoint>952</DataPoint>
<DataPoint>899</DataPoint>
<DataPoint>958</DataPoint>
<DataPoint>946</DataPoint>
<DataPoint>917</DataPoint>
<DataPoint>944</DataPoint>
<DataPoint>947</DataPoint>
<DataPoint>920</DataPoint>
<DataPoint>995</DataPoint>
<DataPoint>901</DataPoint>
<DataPoint>887</DataPoint>
<DataPoint>892</DataPoint>
<DataPoint>895</DataPoint>
<DataPoint>935</DataPoint>
<DataPoint>908</DataPoint>
<DataPoint>876</DataPoint>
<DataPoint>867</DataPoint>
<DataPoint>920</DataPoint>
<DataPoint>801</DataPoint>
<DataPoint>808</DataPoint>
<DataPoint>785</DataPoint>
<DataPoint>784</DataPoint>
<DataPoint>792</DataPoint>
<DataPoint>802</DataPoint>
<DataPoint>783</DataPoint>
<DataPoint>759</DataPoint>
<DataPoint>772</DataPoint>
<DataPoint>719</DataPoint>
<DataPoint>682</DataPoint>
<DataPoint>724</DataPoint>
<DataPoint>760</DataPoint>
<DataPoint>675</DataPoint>
<DataPoint>677</DataPoint>
<DataPoint>661</DataPoint>
<DataPoint>647</DataPoint>
<DataPoint>628</DataPoint>
<DataPoint>607</DataPoint>
<DataPoint>610</DataPoint>
<DataPoint>579</DataPoint>
<DataPoint>638</DataPoint>
<DataPoint>610</DataPoint>
<DataPoint>602</DataPoint>
<DataPoint>579</DataPoint>
<DataPoint>597</DataPoint>
<DataPoint>551</DataPoint>
<DataPoint>605</DataPoint>
<DataPoint>636</DataPoint>
<DataPoint>565</DataPoint>
<DataPoint>572</DataPoint>
<DataPoint>586</DataPoint>
<DataPoint>578</DataPoint>
<DataPoint>601</DataPoint>
<DataPoint>583</DataPoint>
<DataPoint>505</DataPoint>
<DataPoint>545</DataPoint>
<DataPoint>569</DataPoint>
<DataPoint>572</DataPoint>
<DataPoint>533</DataPoint>
<DataPoint>595</DataPoint>
<DataPoint>553</DataPoint>
<DataPoint>549</DataPoint>
<DataPoint>581</DataPoint>
<DataPoint>598</DataPoint>
<DataPoint>610</DataPoint>
<DataPoint>637</DataPoint>
<DataPoint>600</DataPoint>
<DataPoint>639</DataPoint>
<DataPoint>630</DataPoint>
<DataPoint>675</DataPoint>
<DataPoint>642</DataPoint>
<DataPoint>645</DataPoint>
<DataPoint>611</DataPoint>
<DataPoint>585</DataPoint>
<DataPoint>660</DataPoint>
<DataPoint>634</DataPoint>
<DataPoint>658</DataPoint>
<DataPoint>671</DataPoint>
<DataPoint>711</DataPoint>
<DataPoint>674</DataPoint>
<DataPoint>649</DataPoint>
<DataPoint>676</DataPoint>
<DataPoint>669</DataPoint>
<DataPoint>693</DataPoint>
<DataPoint>688</DataPoint>
<DataPoint>661</DataPoint>
<DataPoint>694</DataPoint>
<DataPoint>709</DataPoint>
<DataPoint>651</DataPoint>
<DataPoint>673</DataPoint>
<DataPoint>696</DataPoint>
<DataPoint>667</DataPoint>
<DataPoint>666</DataPoint>
<DataPoint>625</DataPoint>
<DataPoint>643</DataPoint>
<DataPoint>642</DataPoint>
<DataPoint>593</DataPoint>
<DataPoint>628</DataPoint>
<DataPoint>614</DataPoint>
<DataPoint>569</DataPoint>
<DataPoint>556</DataPoint>
<DataPoint>571</DataPoint>
<DataPoint>594</DataPoint>
<DataPoint>533</DataPoint>
<DataPoint>538</DataPoint>
<DataPoint>514</DataPoint>
<DataPoint>489</DataPoint>
<DataPoint>499</DataPoint>
<DataPoint>483</DataPoint>
<DataPoint>451</DataPoint>
<DataPoint>449</DataPoint>
<DataPoint>416</DataPoint>
<DataPoint>400</DataPoint>
<DataPoint>417</DataPoint>
<DataPoint>374</DataPoint>
<DataPoint>390</DataPoint>
<DataPoint>369</DataPoint>
<DataPoint>356</DataPoint>
<DataPoint>362</DataPoint>
<DataPoint>319</DataPoint>
<DataPoint>288</DataPoint>
<DataPoint>290</DataPoint>
<DataPoint>306</DataPoint>
<DataPoint>297</DataPoint>
<DataPoint>259</DataPoint>
<DataPoint>249</DataPoint>
<DataPoint>255</DataPoint>
<DataPoint>263</DataPoint>
<DataPoint>266</DataPoint>
<DataPoint>235</DataPoint>
<DataPoint>250</DataPoint>
<DataPoint>253</DataPoint>
<DataPoint>238</DataPoint>
<DataPoint>258</DataPoint>
<DataPoint>243</DataPoint>
<DataPoint>226</DataPoint>
<DataPoint>223</DataPoint>
<DataPoint>213</DataPoint>
<DataPoint>240</DataPoint>
<DataPoint>227</DataPoint>
<DataPoint>231</DataPoint>
<DataPoint>216</DataPoint>
<DataPoint>205</DataPoint>
<DataPoint>213</DataPoint>
<DataPoint>201</DataPoint>
<DataPoint>230</DataPoint>
<DataPoint>197</DataPoint>
<DataPoint>233</DataPoint>
<DataPoint>198</DataPoint>
<DataPoint>204</DataPoint>
<DataPoint>204</DataPoint>
<DataPoint>228</DataPoint>
<DataPoint>186</DataPoint>
<DataPoint>199</DataPoint>
<DataPoint>203</DataPoint>
<DataPoint>209</DataPoint>
<DataPoint>190</DataPoint>
<DataPoint>209</DataPoint>
<DataPoint>229</DataPoint>
<DataPoint>215</DataPoint>
<DataPoint>217</DataPoint>
<DataPoint>192</DataPoint>
<DataPoint>200</DataPoint>
<DataPoint>203</DataPoint>
<DataPoint>177</DataPoint>
<DataPoint>188</DataPoint>
<DataPoint>189</DataPoint>
<DataPoint>174</DataPoint>
<DataPoint>183</DataPoint>
<DataPoint>169</DataPoint>
<DataPoint>197</DataPoint>
<DataPoint>183</DataPoint>
<DataPoint>205</DataPoint>
<DataPoint>193</DataPoint>
<DataPoint>172</DataPoint>
<DataPoint>185</DataPoint>
<DataPoint>170</DataPoint>
<DataPoint>180</DataPoint>
<DataPoint>167</DataPoint>
<DataPoint>179</DataPoint>
<DataPoint>185</DataPoint>
<DataPoint>157</DataPoint>
<DataPoint>182</DataPoint>
<DataPoint>168</DataPoint>
<DataPoint>164</DataPoint>
<DataPoint>142</DataPoint>
<DataPoint>200</DataPoint>
<DataPoint>153</DataPoint>
<DataPoint>151</DataPoint>
<DataPoint>190</DataPoint>
<DataPoint>181</DataPoint>
<DataPoint>175</DataPoint>
<DataPoint>182</DataPoint>
<DataPoint>137</DataPoint>
<DataPoint>140</DataPoint>
<DataPoint>161</DataPoint>
<DataPoint>175</DataPoint>
<DataPoint>154</DataPoint>
<DataPoint>181</DataPoint>
<DataPoint>164</DataPoint>
<DataPoint>165</DataPoint>
<DataPoint>145</DataPoint>
<DataPoint>182</DataPoint>
<DataPoint>144</DataPoint>
<DataPoint>163</DataPoint>
<DataPoint>157</DataPoint>
<DataPoint>147</DataPoint>
<DataPoint>163</DataPoint>
<DataPoint>156</DataPoint>
<DataPoint>130</DataPoint>
<DataPoint>120</DataPoint>
<DataPoint>137</DataPoint>
<DataPoint>132</DataPoint>
<DataPoint>145</DataPoint>
<DataPoint>145</DataPoint>
<DataPoint>158</DataPoint>
<DataPoint>147</DataPoint>
<DataPoint>116</DataPoint>
<DataPoint>142</DataPoint>
<DataPoint>140</DataPoint>
<DataPoint>145</DataPoint>
<DataPoint>119</DataPoint>
<DataPoint>148</DataPoint>
<DataPoint>132</DataPoint>
<DataPoint>152</DataPoint>
<DataPoint>139</DataPoint>
<DataPoint>126</DataPoint>
<DataPoint>139</DataPoint>
<DataPoint>123</DataPoint>
<DataPoint>140</DataPoint>
<DataPoint>129</DataPoint>
<DataPoint>120</DataPoint>
<DataPoint>130</DataPoint>
<DataPoint>137</DataPoint>
<DataPoint>110</DataPoint>
<DataPoint>130</DataPoint>
<DataPoint>126</DataPoint>
<DataPoint>111</DataPoint>
<DataPoint>124</DataPoint>
<DataPoint>114</DataPoint>
<DataPoint>111</DataPoint>
<DataPoint>114</DataPoint>
<DataPoint>116</DataPoint>
<DataPoint>113</DataPoint>
<DataPoint>82</DataPoint>
<DataPoint>113</DataPoint>
<DataPoint>103</DataPoint>
<DataPoint>93</DataPoint>
<DataPoint>110</DataPoint>
<DataPoint>124</DataPoint>
<DataPoint>105</DataPoint>
<DataPoint>114</DataPoint>
<DataPoint>127</DataPoint>
<DataPoint>100</DataPoint>
<DataPoint>96</DataPoint>
<DataPoint>97</DataPoint>
<DataPoint>129</DataPoint>
<DataPoint>113</DataPoint>
<DataPoint>102</DataPoint>
<DataPoint>95</DataPoint>
<DataPoint>108</DataPoint>
<DataPoint>124</DataPoint>
<DataPoint>104</DataPoint>
<DataPoint>101</DataPoint>
<DataPoint>112</DataPoint>
<DataPoint>92</DataPoint>
<DataPoint>112</DataPoint>
<DataPoint>107</DataPoint>
<DataPoint>122</DataPoint>
<DataPoint>114</DataPoint>
<DataPoint>106</DataPoint>
<DataPoint>115</DataPoint>
<DataPoint>128</DataPoint>
<DataPoint>118</DataPoint>
<DataPoint>113</DataPoint>
<DataPoint>124</DataPoint>
<DataPoint>107</DataPoint>
<DataPoint>116</DataPoint>
<DataPoint>120</DataPoint>
<DataPoint>126</DataPoint>
<DataPoint>127</DataPoint>
<DataPoint>111</DataPoint>
<DataPoint>131</DataPoint>
<DataPoint>131</DataPoint>
<DataPoint>145</DataPoint>
<DataPoint>137</DataPoint>
<DataPoint>131</DataPoint>
<DataPoint>140</DataPoint>
<DataPoint>148</DataPoint>
<DataPoint>136</DataPoint>
<DataPoint>148</DataPoint>
<DataPoint>154</DataPoint>
<DataPoint>159</DataPoint>
<DataPoint>156</DataPoint>
<DataPoint>152</DataPoint>
<DataPoint>195</DataPoint>
<DataPoint>153</DataPoint>
<DataPoint>170</DataPoint>
<DataPoint>166</DataPoint>
<DataPoint>176</DataPoint>
<DataPoint>178</DataPoint>
<DataPoint>169</DataPoint>
<DataPoint>163</DataPoint>
<DataPoint>186</DataPoint>
<DataPoint>194</DataPoint>
<DataPoint>189</DataPoint>
<DataPoint>164</DataPoint>
<DataPoint>190</DataPoint>
<DataPoint>172</DataPoint>
<DataPoint>186</DataPoint>
<DataPoint>167</DataPoint>
<DataPoint>201</DataPoint>
<DataPoint>178</DataPoint>
<DataPoint>176</DataPoint>
<DataPoint>170</DataPoint>
<DataPoint>198</DataPoint>
<DataPoint>186</DataPoint>
<DataPoint>170</DataPoint>
<DataPoint>192</DataPoint>
<DataPoint>206</DataPoint>
<DataPoint>176</DataPoint>
<DataPoint>175</DataPoint>
<DataPoint>166</DataPoint>
<DataPoint>151</DataPoint>
<DataPoint>149</DataPoint>
<DataPoint>182</DataPoint>
<DataPoint>178</DataPoint>
<DataPoint>161</DataPoint>
<DataPoint>160</DataPoint>
<DataPoint>177</DataPoint>
<DataPoint>134</DataPoint>
<DataPoint>159</DataPoint>
<DataPoint>139</DataPoint>
<DataPoint>140</DataPoint>
<DataPoint>147</DataPoint>
<DataPoint>133</DataPoint>
<DataPoint>157</DataPoint>
<DataPoint>140</DataPoint>
<DataPoint>122</DataPoint>
<DataPoint>106</DataPoint>
<DataPoint>111</DataPoint>
<DataPoint>131</DataPoint>
<DataPoint>113</DataPoint>
<DataPoint>110</DataPoint>
<DataPoint>108</DataPoint>
<DataPoint>123</DataPoint>
<DataPoint>92</DataPoint>
<DataPoint>97</DataPoint>
<DataPoint>116</DataPoint>
<DataPoint>106</DataPoint>
<DataPoint>85</DataPoint>
<DataPoint>81</DataPoint>
<DataPoint>97</DataPoint>
<DataPoint>105</DataPoint>
<DataPoint>74</DataPoint>
<DataPoint>78</DataPoint>
<DataPoint>67</DataPoint>
<DataPoint>82</DataPoint>
<DataPoint>82</DataPoint>
<DataPoint>105</DataPoint>
<DataPoint>86</DataPoint>
<DataPoint>76</DataPoint>
<DataPoint>80</DataPoint>
<DataPoint>83</DataPoint>
<DataPoint>82</DataPoint>
<DataPoint>80</DataPoint>
<DataPoint>68</DataPoint>
<DataPoint>97</DataPoint>
<DataPoint>87</DataPoint>
<DataPoint>71</DataPoint>
<DataPoint>79</DataPoint>
<DataPoint>74</DataPoint>
<DataPoint>71</DataPoint>
<DataPoint>86</DataPoint>
<DataPoint>88</DataPoint>
<DataPoint>100</DataPoint>
<DataPoint>76</DataPoint>
<DataPoint>89</DataPoint>
<DataPoint>73</DataPoint>
<DataPoint>101</DataPoint>
<DataPoint>93</DataPoint>
<DataPoint>77</DataPoint>
<DataPoint>74</DataPoint>
<DataPoint>56</DataPoint>
<DataPoint>72</DataPoint>
<DataPoint>73</DataPoint>
<DataPoint>97</DataPoint>
<DataPoint>72</DataPoint>
<DataPoint>62</DataPoint>
<DataPoint>76</DataPoint>
<DataPoint>86</DataPoint>
<DataPoint>89</DataPoint>
<DataPoint>98</DataPoint>
<DataPoint>82</DataPoint>
<DataPoint>76</DataPoint>
<DataPoint>80</DataPoint>
<DataPoint>80</DataPoint>
<DataPoint>86</DataPoint>
<DataPoint>68</DataPoint>
<DataPoint>74</DataPoint>
<DataPoint>76</DataPoint>
<DataPoint>77</DataPoint>
<DataPoint>62</DataPoint>
<DataPoint>99</DataPoint>
<DataPoint>87</DataPoint>
<DataPoint>73</DataPoint>
<DataPoint>98</DataPoint>
<DataPoint>88</DataPoint>
<DataPoint>75</DataPoint>
<DataPoint>87</DataPoint>
<DataPoint>79</DataPoint>
<DataPoint>82</DataPoint>
<DataPoint>86</DataPoint>
<DataPoint>86</DataPoint>
<DataPoint>85</DataPoint>
<DataPoint>84</DataPoint>
<DataPoint>77</DataPoint>
<DataPoint>75</DataPoint>
<DataPoint>78</DataPoint>
<DataPoint>72</DataPoint>
<DataPoint>77</DataPoint>
<DataPoint>82</DataPoint>
<DataPoint>73</DataPoint>
<DataPoint>85</DataPoint>
<DataPoint>65</DataPoint>
<DataPoint>62</DataPoint>
<DataPoint>102</DataPoint>
<DataPoint>69</DataPoint>
<DataPoint>67</DataPoint>
<DataPoint>78</DataPoint>
<DataPoint>78</DataPoint>
<DataPoint>71</DataPoint>
<DataPoint>65</DataPoint>
<DataPoint>77</DataPoint>
<DataPoint>80</DataPoint>
<DataPoint>70</DataPoint>
<DataPoint>84</DataPoint>
<DataPoint>89</DataPoint>
<DataPoint>93</DataPoint>
<DataPoint>83</DataPoint>
<DataPoint>69</DataPoint>
<DataPoint>74</DataPoint>
<DataPoint>86</DataPoint>
<DataPoint>80</DataPoint>
<DataPoint>82</DataPoint>
<DataPoint>69</DataPoint>
<DataPoint>80</DataPoint>
<DataPoint>83</DataPoint>
<DataPoint>68</DataPoint>
<DataPoint>71</DataPoint>
<DataPoint>74</DataPoint>
<DataPoint>75</DataPoint>
<DataPoint>70</DataPoint>
<DataPoint>87</DataPoint>
<DataPoint>76</DataPoint>
<DataPoint>76</DataPoint>
<DataPoint>72</DataPoint>
<DataPoint>85</DataPoint>
<DataPoint>76</DataPoint>
<DataPoint>79</DataPoint>
<DataPoint>76</DataPoint>
<DataPoint>76</DataPoint>
<DataPoint>73</DataPoint>
<DataPoint>79</DataPoint>
<DataPoint>74</DataPoint>
<DataPoint>72</DataPoint>
<DataPoint>95</DataPoint>
<DataPoint>84</DataPoint>
<DataPoint>85</DataPoint>
<DataPoint>86</DataPoint>
<DataPoint>88</DataPoint>
<DataPoint>81</DataPoint>
<DataPoint>71</DataPoint>
<DataPoint>83</DataPoint>
<DataPoint>85</DataPoint>
<DataPoint>96</DataPoint>
<DataPoint>91</DataPoint>
<DataPoint>105</DataPoint>
<DataPoint>80</DataPoint>
<DataPoint>92</DataPoint>
<DataPoint>93</DataPoint>
<DataPoint>101</DataPoint>
<DataPoint>83</DataPoint>
<DataPoint>84</DataPoint>
<DataPoint>94</DataPoint>
<DataPoint>89</DataPoint>
<DataPoint>89</DataPoint>
<DataPoint>83</DataPoint>
<DataPoint>86</DataPoint>
<DataPoint>97</DataPoint>
<DataPoint>83</DataPoint>
<DataPoint>88</DataPoint>
<DataPoint>86</DataPoint>
<DataPoint>84</DataPoint>
<DataPoint>88</DataPoint>
<DataPoint>82</DataPoint>
<DataPoint>94</DataPoint>
<DataPoint>80</DataPoint>
<DataPoint>93</DataPoint>
<DataPoint>82</DataPoint>
<DataPoint>87</DataPoint>
<DataPoint>85</DataPoint>
<DataPoint>89</DataPoint>
<DataPoint>77</DataPoint>
<DataPoint>87</DataPoint>
<DataPoint>89</DataPoint>
<DataPoint>72</DataPoint>
<DataPoint>80</DataPoint>
<DataPoint>90</DataPoint>
<DataPoint>81</DataPoint>
<DataPoint>83</DataPoint>
<DataPoint>92</DataPoint>
<DataPoint>69</DataPoint>
<DataPoint>95</DataPoint>
<DataPoint>94</DataPoint>
<DataPoint>90</DataPoint>
<DataPoint>84</DataPoint>
<DataPoint>83</DataPoint>
<DataPoint>76</DataPoint>
<DataPoint>79</DataPoint>
<DataPoint>78</DataPoint>
<DataPoint>77</DataPoint>
<DataPoint>73</DataPoint>
<DataPoint>97</DataPoint>
<DataPoint>80</DataPoint>
<DataPoint>81</DataPoint>
<DataPoint>78</DataPoint>
<DataPoint>72</DataPoint>
<DataPoint>86</DataPoint>
<DataPoint>80</DataPoint>
<DataPoint>93</DataPoint>
<DataPoint>76</DataPoint>
<DataPoint>86</DataPoint>
<DataPoint>87</DataPoint>
<DataPoint>89</DataPoint>
<DataPoint>71</DataPoint>
<DataPoint>69</DataPoint>
<DataPoint>77</DataPoint>
<DataPoint>90</DataPoint>
<DataPoint>72</DataPoint>
<DataPoint>80</DataPoint>
<DataPoint>91</DataPoint>
<DataPoint>69</DataPoint>
<DataPoint>81</DataPoint>
<DataPoint>66</DataPoint>
<DataPoint>61</DataPoint>
<DataPoint>62</DataPoint>
<DataPoint>72</DataPoint>
<DataPoint>79</DataPoint>
<DataPoint>73</DataPoint>
<DataPoint>75</DataPoint>
<DataPoint>65</DataPoint>
<DataPoint>71</DataPoint>
<DataPoint>65</DataPoint>
<DataPoint>54</DataPoint>
<DataPoint>52</DataPoint>
<DataPoint>60</DataPoint>
<DataPoint>66</DataPoint>
<DataPoint>54</DataPoint>
<DataPoint>57</DataPoint>
<DataPoint>60</DataPoint>
<DataPoint>52</DataPoint>
<DataPoint>49</DataPoint>
<DataPoint>64</DataPoint>
<DataPoint>50</DataPoint>
<DataPoint>38</DataPoint>
<DataPoint>54</DataPoint>
<DataPoint>54</DataPoint>
<DataPoint>52</DataPoint>
<DataPoint>44</DataPoint>
<DataPoint>38</DataPoint>
<DataPoint>44</DataPoint>
<DataPoint>43</DataPoint>
<DataPoint>49</DataPoint>
<DataPoint>36</DataPoint>
<DataPoint>30</DataPoint>
<DataPoint>36</DataPoint>
<DataPoint>41</DataPoint>
<DataPoint>34</DataPoint>
<DataPoint>38</DataPoint>
<DataPoint>31</DataPoint>
<DataPoint>40</DataPoint>
<DataPoint>40</DataPoint>
<DataPoint>41</DataPoint>
<DataPoint>41</DataPoint>
<DataPoint>26</DataPoint>
<DataPoint>27</DataPoint>
<DataPoint>32</DataPoint>
<DataPoint>25</DataPoint>
<DataPoint>34</DataPoint>
<DataPoint>29</DataPoint>
<DataPoint>19</DataPoint>
<DataPoint>21</DataPoint>
<DataPoint>29</DataPoint>
<DataPoint>40</DataPoint>
<DataPoint>26</DataPoint>
<DataPoint>28</DataPoint>
<DataPoint>19</DataPoint>
<DataPoint>22</DataPoint>
<DataPoint>19</DataPoint>
<DataPoint>30</DataPoint>
<DataPoint>27</DataPoint>
<DataPoint>24</DataPoint>
<DataPoint>19</DataPoint>
<DataPoint>26</DataPoint>
<DataPoint>22</DataPoint>
<DataPoint>20</DataPoint>
<DataPoint>28</DataPoint>
<DataPoint>22</DataPoint>
<DataPoint>23</DataPoint>
<DataPoint>32</DataPoint>
<DataPoint>27</DataPoint>
<DataPoint>28</DataPoint>
<DataPoint>32</DataPoint>
<DataPoint>27</DataPoint>
<DataPoint>16</DataPoint>
<DataPoint>28</DataPoint>
<DataPoint>27</DataPoint>
<DataPoint>25</DataPoint>
<DataPoint>34</DataPoint>
<DataPoint>35</DataPoint>
<DataPoint>29</DataPoint>
<DataPoint>36</DataPoint>
<DataPoint>24</DataPoint>
<DataPoint>30</DataPoint>
<DataPoint>35</DataPoint>
<DataPoint>26</DataPoint>
<DataPoint>36</DataPoint>
<DataPoint>33</DataPoint>
<DataPoint>35</DataPoint>
<DataPoint>31</DataPoint>
<DataPoint>30</DataPoint>
<DataPoint>29</DataPoint>
<DataPoint>26</DataPoint>
<DataPoint>42</DataPoint>
<DataPoint>31</DataPoint>
<DataPoint>37</DataPoint>
<DataPoint>33</DataPoint>
<DataPoint>30</DataPoint>
<DataPoint>27</DataPoint>
<DataPoint>31</DataPoint>
<DataPoint>28</DataPoint>
<DataPoint>25</DataPoint>
<DataPoint>40</DataPoint>
<DataPoint>33</DataPoint>
<DataPoint>38</DataPoint>
<DataPoint>41</DataPoint>
<DataPoint>35</DataPoint>
<DataPoint>31</DataPoint>
<DataPoint>25</DataPoint>
<DataPoint>24</DataPoint>
<DataPoint>35</DataPoint>
<DataPoint>33</DataPoint>
<DataPoint>31</DataPoint>
<DataPoint>30</DataPoint>
<DataPoint>31</DataPoint>
<DataPoint>31</DataPoint>
<DataPoint>31</DataPoint>
<DataPoint>24</DataPoint>
<DataPoint>24</DataPoint>
<DataPoint>24</DataPoint>
<DataPoint>18</DataPoint>
<DataPoint>27</DataPoint>
<DataPoint>20</DataPoint>
<DataPoint>27</DataPoint>
<DataPoint>19</DataPoint>
<DataPoint>26</DataPoint>
<DataPoint>23</DataPoint>
<DataPoint>22</DataPoint>
<DataPoint>15</DataPoint>
<DataPoint>17</DataPoint>
<DataPoint>20</DataPoint>
<DataPoint>20</DataPoint>
<DataPoint>16</DataPoint>
<DataPoint>14</DataPoint>
<DataPoint>18</DataPoint>
<DataPoint>15</DataPoint>
<DataPoint>18</DataPoint>
<DataPoint>11</DataPoint>
<DataPoint>11</DataPoint>
<DataPoint>12</DataPoint>
<DataPoint>15</DataPoint>
<DataPoint>9</DataPoint>
<DataPoint>17</DataPoint>
<DataPoint>7</DataPoint>
<DataPoint>11</DataPoint>
<DataPoint>8</DataPoint>
<DataPoint>10</DataPoint>
<DataPoint>10</DataPoint>
<DataPoint>11</DataPoint>
<DataPoint>8</DataPoint>
<DataPoint>7</DataPoint>
<DataPoint>4</DataPoint>
<DataPoint>5</DataPoint>
<DataPoint>8</DataPoint>
<DataPoint>6</DataPoint>
<DataPoint>4</DataPoint>
<DataPoint>3</DataPoint>
<DataPoint>1</DataPoint>
<DataPoint>2</DataPoint>
<DataPoint>7</DataPoint>
<DataPoint>2</DataPoint>
<DataPoint>2</DataPoint>
<DataPoint>7</DataPoint>
<DataPoint>8</DataPoint>
<DataPoint>2</DataPoint>
<DataPoint>3</DataPoint>
<DataPoint>3</DataPoint>
<DataPoint>5</DataPoint>
<DataPoint>1</DataPoint>
<DataPoint>4</DataPoint>
<DataPoint>1</DataPoint>
<DataPoint>4</DataPoint>
<DataPoint>1</DataPoint>
<DataPoint>4</DataPoint>
<DataPoint>1</DataPoint>
<DataPoint>6</DataPoint>
<DataPoint>2</DataPoint>
<DataPoint>1</DataPoint>
<DataPoint>3</DataPoint>
<DataPoint>2</DataPoint>
<DataPoint>3</DataPoint>
<DataPoint>5</DataPoint>
<DataPoint>2</DataPoint>
<DataPoint>2</DataPoint>
<DataPoint>5</DataPoint>
<DataPoint>3</DataPoint>
<DataPoint>3</DataPoint>
<DataPoint>1</DataPoint>
<DataPoint>0</DataPoint>
<DataPoint>1</DataPoint>
<DataPoint>4</DataPoint>
<DataPoint>1</DataPoint>
<DataPoint>2</DataPoint>
<DataPoint>2</DataPoint>
<DataPoint>2</DataPoint>
<DataPoint>3</DataPoint>
<DataPoint>0</DataPoint>
<DataPoint>4</DataPoint>
<DataPoint>1</DataPoint>
<DataPoint>5</DataPoint>
<DataPoint>2</DataPoint>
<DataPoint>0</DataPoint>
<DataPoint>3</DataPoint>
<DataPoint>3</DataPoint>
<DataPoint>3</DataPoint>
<DataPoint>2</DataPoint>
<DataPoint>1</DataPoint>
<DataPoint>1</DataPoint>
<DataPoint>6</DataPoint>
<DataPoint>4</DataPoint>
<DataPoint>0</DataPoint>
<DataPoint>1</DataPoint>
<DataPoint>4</DataPoint>
<DataPoint>0</DataPoint>
<DataPoint>1</DataPoint>
<DataPoint>3</DataPoint>
<DataPoint>1</DataPoint>
<DataPoint>2</DataPoint>
<DataPoint>2</DataPoint>
<DataPoint>3</DataPoint>
<DataPoint>2</DataPoint>
<DataPoint>1</DataPoint>
<DataPoint>4</DataPoint>
<DataPoint>1327</DataPoint>

  </Spectrum>
 </EnergySpectrum>


      

      <Visible>true</Visible>
      <PulseCollection>
        <Format>Base64 encoded binary</Format>
        <Pulses />
      </PulseCollection>
    </ResultData>
  </ResultDataList>
</ResultDataFile>
