<?xml version="1.0"?>
<ResultDataFile xmlns:xsd="http://www.w3.org/2001/XMLSchema" xmlns:xsi="http://www.w3.org/2001/XMLSchema-instance">
  <FormatVersion>120920</FormatVersion>
  <ResultDataList>
    <ResultData>
      <DeviceConfigReference>
        <Name>RadiaCode-102</Name>
      </DeviceConfigReference>
      <SampleInfo>
        <Name><![CDATA[Spectrum_2025-04-10 11-00-42]]></Name>
        <Note><![CDATA[]]></Note>
      </SampleInfo>
      <BackgroundSpectrumFile><![CDATA[]]></BackgroundSpectrumFile>

       <StartTime>2025-04-06T17:21:57</StartTime>
 <EndTime>2025-04-10T09:00:42</EndTime>

 <EnergySpectrum>
  <NumberOfChannels>1024</NumberOfChannels>
  <ChannelPitch>1</ChannelPitch>
  <SpectrumName><![CDATA[Spectrum_2025-04-10 11-00-42]]></SpectrumName>
  <Comment></Comment>
  <SerialNumber>RC-102-000590</SerialNumber>
  <EnergyCalibration>
    <PolynomialOrder>2</PolynomialOrder>
    <Coefficients>
      <Coefficient>-1.2426807</Coefficient>
      <Coefficient>2.3831038</Coefficient>
      <Coefficient>4.1388627E-4</Coefficient>
    </Coefficients>
  </EnergyCalibration>
  <MeasurementTime>315525</MeasurementTime>
  <LiveTime>315454.25</LiveTime>
  <Spectrum>
    <DataPoint>13</DataPoint>
<DataPoint>1155</DataPoint>
<DataPoint>8276</DataPoint>
<DataPoint>13435</DataPoint>
<DataPoint>9615</DataPoint>
<DataPoint>6088</DataPoint>
<DataPoint>6594</DataPoint>
<DataPoint>14800</DataPoint>
<DataPoint>42251</DataPoint>
<DataPoint>59901</DataPoint>
<DataPoint>61294</DataPoint>
<DataPoint>65137</DataPoint>
<DataPoint>68601</DataPoint>
<DataPoint>73962</DataPoint>
<DataPoint>80644</DataPoint>
<DataPoint>88081</DataPoint>
<DataPoint>96595</DataPoint>
<DataPoint>102946</DataPoint>
<DataPoint>106812</DataPoint>
<DataPoint>107991</DataPoint>
<DataPoint>107805</DataPoint>
<DataPoint>109066</DataPoint>
<DataPoint>111480</DataPoint>
<DataPoint>117651</DataPoint>
<DataPoint>127421</DataPoint>
<DataPoint>140333</DataPoint>
<DataPoint>159789</DataPoint>
<DataPoint>185703</DataPoint>
<DataPoint>219447</DataPoint>
<DataPoint>259117</DataPoint>
<DataPoint>301450</DataPoint>
<DataPoint>339458</DataPoint>
<DataPoint>367258</DataPoint>
<DataPoint>377843</DataPoint>
<DataPoint>374420</DataPoint>
<DataPoint>356881</DataPoint>
<DataPoint>331015</DataPoint>
<DataPoint>301740</DataPoint>
<DataPoint>271650</DataPoint>
<DataPoint>241944</DataPoint>
<DataPoint>213974</DataPoint>
<DataPoint>186701</DataPoint>
<DataPoint>162284</DataPoint>
<DataPoint>141131</DataPoint>
<DataPoint>123852</DataPoint>
<DataPoint>109977</DataPoint>
<DataPoint>99756</DataPoint>
<DataPoint>92570</DataPoint>
<DataPoint>88085</DataPoint>
<DataPoint>84048</DataPoint>
<DataPoint>82621</DataPoint>
<DataPoint>81584</DataPoint>
<DataPoint>81424</DataPoint>
<DataPoint>80321</DataPoint>
<DataPoint>78378</DataPoint>
<DataPoint>76562</DataPoint>
<DataPoint>73971</DataPoint>
<DataPoint>70507</DataPoint>
<DataPoint>67378</DataPoint>
<DataPoint>64812</DataPoint>
<DataPoint>61587</DataPoint>
<DataPoint>59017</DataPoint>
<DataPoint>56599</DataPoint>
<DataPoint>54403</DataPoint>
<DataPoint>52345</DataPoint>
<DataPoint>50770</DataPoint>
<DataPoint>49249</DataPoint>
<DataPoint>48022</DataPoint>
<DataPoint>46926</DataPoint>
<DataPoint>45606</DataPoint>
<DataPoint>45121</DataPoint>
<DataPoint>44306</DataPoint>
<DataPoint>44228</DataPoint>
<DataPoint>43375</DataPoint>
<DataPoint>44216</DataPoint>
<DataPoint>44589</DataPoint>
<DataPoint>45284</DataPoint>
<DataPoint>46238</DataPoint>
<DataPoint>47201</DataPoint>
<DataPoint>48707</DataPoint>
<DataPoint>50639</DataPoint>
<DataPoint>52714</DataPoint>
<DataPoint>55066</DataPoint>
<DataPoint>58070</DataPoint>
<DataPoint>61803</DataPoint>
<DataPoint>67016</DataPoint>
<DataPoint>71508</DataPoint>
<DataPoint>77709</DataPoint>
<DataPoint>84324</DataPoint>
<DataPoint>91322</DataPoint>
<DataPoint>97890</DataPoint>
<DataPoint>105965</DataPoint>
<DataPoint>111889</DataPoint>
<DataPoint>116603</DataPoint>
<DataPoint>119285</DataPoint>
<DataPoint>119861</DataPoint>
<DataPoint>118994</DataPoint>
<DataPoint>115106</DataPoint>
<DataPoint>110652</DataPoint>
<DataPoint>103603</DataPoint>
<DataPoint>95614</DataPoint>
<DataPoint>86818</DataPoint>
<DataPoint>78201</DataPoint>
<DataPoint>70491</DataPoint>
<DataPoint>61983</DataPoint>
<DataPoint>54883</DataPoint>
<DataPoint>48835</DataPoint>
<DataPoint>44298</DataPoint>
<DataPoint>39910</DataPoint>
<DataPoint>37125</DataPoint>
<DataPoint>34204</DataPoint>
<DataPoint>32519</DataPoint>
<DataPoint>30435</DataPoint>
<DataPoint>29296</DataPoint>
<DataPoint>28034</DataPoint>
<DataPoint>27343</DataPoint>
<DataPoint>26872</DataPoint>
<DataPoint>26101</DataPoint>
<DataPoint>25602</DataPoint>
<DataPoint>25726</DataPoint>
<DataPoint>25454</DataPoint>
<DataPoint>25403</DataPoint>
<DataPoint>25249</DataPoint>
<DataPoint>25671</DataPoint>
<DataPoint>25756</DataPoint>
<DataPoint>26087</DataPoint>
<DataPoint>26734</DataPoint>
<DataPoint>26438</DataPoint>
<DataPoint>27297</DataPoint>
<DataPoint>27239</DataPoint>
<DataPoint>26827</DataPoint>
<DataPoint>26881</DataPoint>
<DataPoint>26535</DataPoint>
<DataPoint>25955</DataPoint>
<DataPoint>25498</DataPoint>
<DataPoint>24875</DataPoint>
<DataPoint>23847</DataPoint>
<DataPoint>23118</DataPoint>
<DataPoint>21912</DataPoint>
<DataPoint>20975</DataPoint>
<DataPoint>19821</DataPoint>
<DataPoint>18493</DataPoint>
<DataPoint>17659</DataPoint>
<DataPoint>16770</DataPoint>
<DataPoint>16174</DataPoint>
<DataPoint>14907</DataPoint>
<DataPoint>14709</DataPoint>
<DataPoint>13885</DataPoint>
<DataPoint>13345</DataPoint>
<DataPoint>12882</DataPoint>
<DataPoint>12609</DataPoint>
<DataPoint>12219</DataPoint>
<DataPoint>11786</DataPoint>
<DataPoint>11865</DataPoint>
<DataPoint>11362</DataPoint>
<DataPoint>11515</DataPoint>
<DataPoint>11278</DataPoint>
<DataPoint>11123</DataPoint>
<DataPoint>10908</DataPoint>
<DataPoint>11030</DataPoint>
<DataPoint>10829</DataPoint>
<DataPoint>10849</DataPoint>
<DataPoint>10571</DataPoint>
<DataPoint>10507</DataPoint>
<DataPoint>10626</DataPoint>
<DataPoint>10438</DataPoint>
<DataPoint>10325</DataPoint>
<DataPoint>10211</DataPoint>
<DataPoint>10369</DataPoint>
<DataPoint>10141</DataPoint>
<DataPoint>10159</DataPoint>
<DataPoint>10214</DataPoint>
<DataPoint>10395</DataPoint>
<DataPoint>10440</DataPoint>
<DataPoint>10263</DataPoint>
<DataPoint>10486</DataPoint>
<DataPoint>10406</DataPoint>
<DataPoint>10359</DataPoint>
<DataPoint>10388</DataPoint>
<DataPoint>10282</DataPoint>
<DataPoint>10516</DataPoint>
<DataPoint>10693</DataPoint>
<DataPoint>10800</DataPoint>
<DataPoint>10674</DataPoint>
<DataPoint>10520</DataPoint>
<DataPoint>10742</DataPoint>
<DataPoint>10681</DataPoint>
<DataPoint>10619</DataPoint>
<DataPoint>10689</DataPoint>
<DataPoint>10611</DataPoint>
<DataPoint>10760</DataPoint>
<DataPoint>10573</DataPoint>
<DataPoint>10646</DataPoint>
<DataPoint>10457</DataPoint>
<DataPoint>10522</DataPoint>
<DataPoint>10567</DataPoint>
<DataPoint>10550</DataPoint>
<DataPoint>10494</DataPoint>
<DataPoint>10539</DataPoint>
<DataPoint>10637</DataPoint>
<DataPoint>10493</DataPoint>
<DataPoint>10497</DataPoint>
<DataPoint>10418</DataPoint>
<DataPoint>10502</DataPoint>
<DataPoint>10597</DataPoint>
<DataPoint>10600</DataPoint>
<DataPoint>10919</DataPoint>
<DataPoint>10655</DataPoint>
<DataPoint>11000</DataPoint>
<DataPoint>11189</DataPoint>
<DataPoint>11226</DataPoint>
<DataPoint>11397</DataPoint>
<DataPoint>11709</DataPoint>
<DataPoint>11900</DataPoint>
<DataPoint>12160</DataPoint>
<DataPoint>12335</DataPoint>
<DataPoint>12505</DataPoint>
<DataPoint>12529</DataPoint>
<DataPoint>12856</DataPoint>
<DataPoint>12996</DataPoint>
<DataPoint>13067</DataPoint>
<DataPoint>12933</DataPoint>
<DataPoint>12996</DataPoint>
<DataPoint>12727</DataPoint>
<DataPoint>12604</DataPoint>
<DataPoint>12711</DataPoint>
<DataPoint>12316</DataPoint>
<DataPoint>12007</DataPoint>
<DataPoint>11569</DataPoint>
<DataPoint>11161</DataPoint>
<DataPoint>11078</DataPoint>
<DataPoint>10480</DataPoint>
<DataPoint>10388</DataPoint>
<DataPoint>9813</DataPoint>
<DataPoint>9286</DataPoint>
<DataPoint>9209</DataPoint>
<DataPoint>8797</DataPoint>
<DataPoint>8358</DataPoint>
<DataPoint>8187</DataPoint>
<DataPoint>7779</DataPoint>
<DataPoint>7675</DataPoint>
<DataPoint>7364</DataPoint>
<DataPoint>7254</DataPoint>
<DataPoint>7030</DataPoint>
<DataPoint>6873</DataPoint>
<DataPoint>6750</DataPoint>
<DataPoint>6565</DataPoint>
<DataPoint>6354</DataPoint>
<DataPoint>6223</DataPoint>
<DataPoint>6260</DataPoint>
<DataPoint>6193</DataPoint>
<DataPoint>5986</DataPoint>
<DataPoint>5979</DataPoint>
<DataPoint>5984</DataPoint>
<DataPoint>5895</DataPoint>
<DataPoint>5882</DataPoint>
<DataPoint>5946</DataPoint>
<DataPoint>5886</DataPoint>
<DataPoint>5782</DataPoint>
<DataPoint>5776</DataPoint>
<DataPoint>5836</DataPoint>
<DataPoint>5689</DataPoint>
<DataPoint>5628</DataPoint>
<DataPoint>5727</DataPoint>
<DataPoint>5676</DataPoint>
<DataPoint>5809</DataPoint>
<DataPoint>5560</DataPoint>
<DataPoint>5534</DataPoint>
<DataPoint>5495</DataPoint>
<DataPoint>5585</DataPoint>
<DataPoint>5472</DataPoint>
<DataPoint>5398</DataPoint>
<DataPoint>5386</DataPoint>
<DataPoint>5452</DataPoint>
<DataPoint>5462</DataPoint>
<DataPoint>5087</DataPoint>
<DataPoint>5167</DataPoint>
<DataPoint>5333</DataPoint>
<DataPoint>5000</DataPoint>
<DataPoint>5118</DataPoint>
<DataPoint>4949</DataPoint>
<DataPoint>4821</DataPoint>
<DataPoint>4843</DataPoint>
<DataPoint>4689</DataPoint>
<DataPoint>4716</DataPoint>
<DataPoint>4521</DataPoint>
<DataPoint>4629</DataPoint>
<DataPoint>4346</DataPoint>
<DataPoint>4447</DataPoint>
<DataPoint>4314</DataPoint>
<DataPoint>4181</DataPoint>
<DataPoint>4219</DataPoint>
<DataPoint>4045</DataPoint>
<DataPoint>4101</DataPoint>
<DataPoint>3974</DataPoint>
<DataPoint>3911</DataPoint>
<DataPoint>3788</DataPoint>
<DataPoint>3814</DataPoint>
<DataPoint>3699</DataPoint>
<DataPoint>3649</DataPoint>
<DataPoint>3667</DataPoint>
<DataPoint>3587</DataPoint>
<DataPoint>3642</DataPoint>
<DataPoint>3549</DataPoint>
<DataPoint>3496</DataPoint>
<DataPoint>3493</DataPoint>
<DataPoint>3485</DataPoint>
<DataPoint>3348</DataPoint>
<DataPoint>3396</DataPoint>
<DataPoint>3433</DataPoint>
<DataPoint>3429</DataPoint>
<DataPoint>3532</DataPoint>
<DataPoint>3400</DataPoint>
<DataPoint>3353</DataPoint>
<DataPoint>3406</DataPoint>
<DataPoint>3500</DataPoint>
<DataPoint>3510</DataPoint>
<DataPoint>3369</DataPoint>
<DataPoint>3477</DataPoint>
<DataPoint>3564</DataPoint>
<DataPoint>3429</DataPoint>
<DataPoint>3660</DataPoint>
<DataPoint>3599</DataPoint>
<DataPoint>3637</DataPoint>
<DataPoint>3776</DataPoint>
<DataPoint>3842</DataPoint>
<DataPoint>3878</DataPoint>
<DataPoint>3833</DataPoint>
<DataPoint>3839</DataPoint>
<DataPoint>3984</DataPoint>
<DataPoint>4063</DataPoint>
<DataPoint>4034</DataPoint>
<DataPoint>4003</DataPoint>
<DataPoint>4090</DataPoint>
<DataPoint>4207</DataPoint>
<DataPoint>4240</DataPoint>
<DataPoint>4169</DataPoint>
<DataPoint>4176</DataPoint>
<DataPoint>4162</DataPoint>
<DataPoint>4262</DataPoint>
<DataPoint>4245</DataPoint>
<DataPoint>4131</DataPoint>
<DataPoint>4213</DataPoint>
<DataPoint>4283</DataPoint>
<DataPoint>4248</DataPoint>
<DataPoint>4190</DataPoint>
<DataPoint>4187</DataPoint>
<DataPoint>4181</DataPoint>
<DataPoint>4134</DataPoint>
<DataPoint>4183</DataPoint>
<DataPoint>3963</DataPoint>
<DataPoint>4045</DataPoint>
<DataPoint>3826</DataPoint>
<DataPoint>3825</DataPoint>
<DataPoint>3771</DataPoint>
<DataPoint>3682</DataPoint>
<DataPoint>3633</DataPoint>
<DataPoint>3505</DataPoint>
<DataPoint>3497</DataPoint>
<DataPoint>3394</DataPoint>
<DataPoint>3413</DataPoint>
<DataPoint>3307</DataPoint>
<DataPoint>3149</DataPoint>
<DataPoint>3032</DataPoint>
<DataPoint>2993</DataPoint>
<DataPoint>2949</DataPoint>
<DataPoint>2812</DataPoint>
<DataPoint>2740</DataPoint>
<DataPoint>2589</DataPoint>
<DataPoint>2568</DataPoint>
<DataPoint>2442</DataPoint>
<DataPoint>2464</DataPoint>
<DataPoint>2300</DataPoint>
<DataPoint>2255</DataPoint>
<DataPoint>2129</DataPoint>
<DataPoint>2087</DataPoint>
<DataPoint>2081</DataPoint>
<DataPoint>2025</DataPoint>
<DataPoint>1938</DataPoint>
<DataPoint>1932</DataPoint>
<DataPoint>1799</DataPoint>
<DataPoint>1785</DataPoint>
<DataPoint>1683</DataPoint>
<DataPoint>1675</DataPoint>
<DataPoint>1663</DataPoint>
<DataPoint>1560</DataPoint>
<DataPoint>1598</DataPoint>
<DataPoint>1584</DataPoint>
<DataPoint>1461</DataPoint>
<DataPoint>1498</DataPoint>
<DataPoint>1489</DataPoint>
<DataPoint>1448</DataPoint>
<DataPoint>1464</DataPoint>
<DataPoint>1406</DataPoint>
<DataPoint>1466</DataPoint>
<DataPoint>1376</DataPoint>
<DataPoint>1366</DataPoint>
<DataPoint>1417</DataPoint>
<DataPoint>1372</DataPoint>
<DataPoint>1384</DataPoint>
<DataPoint>1328</DataPoint>
<DataPoint>1330</DataPoint>
<DataPoint>1368</DataPoint>
<DataPoint>1323</DataPoint>
<DataPoint>1339</DataPoint>
<DataPoint>1348</DataPoint>
<DataPoint>1304</DataPoint>
<DataPoint>1268</DataPoint>
<DataPoint>1250</DataPoint>
<DataPoint>1242</DataPoint>
<DataPoint>1253</DataPoint>
<DataPoint>1218</DataPoint>
<DataPoint>1222</DataPoint>
<DataPoint>1275</DataPoint>
<DataPoint>1178</DataPoint>
<DataPoint>1114</DataPoint>
<DataPoint>1246</DataPoint>
<DataPoint>1244</DataPoint>
<DataPoint>1226</DataPoint>
<DataPoint>1171</DataPoint>
<DataPoint>1217</DataPoint>
<DataPoint>1194</DataPoint>
<DataPoint>1168</DataPoint>
<DataPoint>1168</DataPoint>
<DataPoint>1145</DataPoint>
<DataPoint>1124</DataPoint>
<DataPoint>1119</DataPoint>
<DataPoint>1103</DataPoint>
<DataPoint>1108</DataPoint>
<DataPoint>1136</DataPoint>
<DataPoint>1095</DataPoint>
<DataPoint>1104</DataPoint>
<DataPoint>1080</DataPoint>
<DataPoint>1011</DataPoint>
<DataPoint>1042</DataPoint>
<DataPoint>1034</DataPoint>
<DataPoint>1106</DataPoint>
<DataPoint>1038</DataPoint>
<DataPoint>1016</DataPoint>
<DataPoint>1063</DataPoint>
<DataPoint>1008</DataPoint>
<DataPoint>1031</DataPoint>
<DataPoint>1003</DataPoint>
<DataPoint>973</DataPoint>
<DataPoint>996</DataPoint>
<DataPoint>1029</DataPoint>
<DataPoint>989</DataPoint>
<DataPoint>981</DataPoint>
<DataPoint>1058</DataPoint>
<DataPoint>1005</DataPoint>
<DataPoint>998</DataPoint>
<DataPoint>1037</DataPoint>
<DataPoint>903</DataPoint>
<DataPoint>899</DataPoint>
<DataPoint>972</DataPoint>
<DataPoint>1021</DataPoint>
<DataPoint>1011</DataPoint>
<DataPoint>1009</DataPoint>
<DataPoint>959</DataPoint>
<DataPoint>987</DataPoint>
<DataPoint>903</DataPoint>
<DataPoint>978</DataPoint>
<DataPoint>929</DataPoint>
<DataPoint>854</DataPoint>
<DataPoint>928</DataPoint>
<DataPoint>893</DataPoint>
<DataPoint>892</DataPoint>
<DataPoint>875</DataPoint>
<DataPoint>832</DataPoint>
<DataPoint>870</DataPoint>
<DataPoint>854</DataPoint>
<DataPoint>834</DataPoint>
<DataPoint>909</DataPoint>
<DataPoint>862</DataPoint>
<DataPoint>867</DataPoint>
<DataPoint>858</DataPoint>
<DataPoint>744</DataPoint>
<DataPoint>831</DataPoint>
<DataPoint>831</DataPoint>
<DataPoint>791</DataPoint>
<DataPoint>808</DataPoint>
<DataPoint>833</DataPoint>
<DataPoint>818</DataPoint>
<DataPoint>804</DataPoint>
<DataPoint>780</DataPoint>
<DataPoint>770</DataPoint>
<DataPoint>853</DataPoint>
<DataPoint>740</DataPoint>
<DataPoint>726</DataPoint>
<DataPoint>752</DataPoint>
<DataPoint>755</DataPoint>
<DataPoint>779</DataPoint>
<DataPoint>718</DataPoint>
<DataPoint>687</DataPoint>
<DataPoint>742</DataPoint>
<DataPoint>725</DataPoint>
<DataPoint>719</DataPoint>
<DataPoint>706</DataPoint>
<DataPoint>681</DataPoint>
<DataPoint>700</DataPoint>
<DataPoint>658</DataPoint>
<DataPoint>669</DataPoint>
<DataPoint>707</DataPoint>
<DataPoint>690</DataPoint>
<DataPoint>693</DataPoint>
<DataPoint>701</DataPoint>
<DataPoint>604</DataPoint>
<DataPoint>661</DataPoint>
<DataPoint>670</DataPoint>
<DataPoint>642</DataPoint>
<DataPoint>678</DataPoint>
<DataPoint>687</DataPoint>
<DataPoint>653</DataPoint>
<DataPoint>646</DataPoint>
<DataPoint>677</DataPoint>
<DataPoint>690</DataPoint>
<DataPoint>675</DataPoint>
<DataPoint>636</DataPoint>
<DataPoint>600</DataPoint>
<DataPoint>636</DataPoint>
<DataPoint>683</DataPoint>
<DataPoint>637</DataPoint>
<DataPoint>663</DataPoint>
<DataPoint>651</DataPoint>
<DataPoint>691</DataPoint>
<DataPoint>682</DataPoint>
<DataPoint>658</DataPoint>
<DataPoint>642</DataPoint>
<DataPoint>654</DataPoint>
<DataPoint>650</DataPoint>
<DataPoint>679</DataPoint>
<DataPoint>748</DataPoint>
<DataPoint>769</DataPoint>
<DataPoint>748</DataPoint>
<DataPoint>779</DataPoint>
<DataPoint>734</DataPoint>
<DataPoint>752</DataPoint>
<DataPoint>759</DataPoint>
<DataPoint>801</DataPoint>
<DataPoint>814</DataPoint>
<DataPoint>772</DataPoint>
<DataPoint>808</DataPoint>
<DataPoint>833</DataPoint>
<DataPoint>900</DataPoint>
<DataPoint>855</DataPoint>
<DataPoint>892</DataPoint>
<DataPoint>916</DataPoint>
<DataPoint>917</DataPoint>
<DataPoint>875</DataPoint>
<DataPoint>909</DataPoint>
<DataPoint>961</DataPoint>
<DataPoint>985</DataPoint>
<DataPoint>1029</DataPoint>
<DataPoint>1032</DataPoint>
<DataPoint>1056</DataPoint>
<DataPoint>1034</DataPoint>
<DataPoint>1043</DataPoint>
<DataPoint>1017</DataPoint>
<DataPoint>1131</DataPoint>
<DataPoint>1089</DataPoint>
<DataPoint>1092</DataPoint>
<DataPoint>1110</DataPoint>
<DataPoint>1095</DataPoint>
<DataPoint>1173</DataPoint>
<DataPoint>1108</DataPoint>
<DataPoint>1121</DataPoint>
<DataPoint>1138</DataPoint>
<DataPoint>1094</DataPoint>
<DataPoint>1130</DataPoint>
<DataPoint>1101</DataPoint>
<DataPoint>1094</DataPoint>
<DataPoint>1103</DataPoint>
<DataPoint>1119</DataPoint>
<DataPoint>1108</DataPoint>
<DataPoint>1110</DataPoint>
<DataPoint>1071</DataPoint>
<DataPoint>1113</DataPoint>
<DataPoint>1083</DataPoint>
<DataPoint>1143</DataPoint>
<DataPoint>1049</DataPoint>
<DataPoint>1030</DataPoint>
<DataPoint>958</DataPoint>
<DataPoint>1018</DataPoint>
<DataPoint>911</DataPoint>
<DataPoint>997</DataPoint>
<DataPoint>945</DataPoint>
<DataPoint>916</DataPoint>
<DataPoint>896</DataPoint>
<DataPoint>867</DataPoint>
<DataPoint>863</DataPoint>
<DataPoint>894</DataPoint>
<DataPoint>841</DataPoint>
<DataPoint>800</DataPoint>
<DataPoint>829</DataPoint>
<DataPoint>733</DataPoint>
<DataPoint>742</DataPoint>
<DataPoint>770</DataPoint>
<DataPoint>729</DataPoint>
<DataPoint>658</DataPoint>
<DataPoint>643</DataPoint>
<DataPoint>669</DataPoint>
<DataPoint>652</DataPoint>
<DataPoint>663</DataPoint>
<DataPoint>619</DataPoint>
<DataPoint>598</DataPoint>
<DataPoint>552</DataPoint>
<DataPoint>580</DataPoint>
<DataPoint>592</DataPoint>
<DataPoint>571</DataPoint>
<DataPoint>550</DataPoint>
<DataPoint>561</DataPoint>
<DataPoint>508</DataPoint>
<DataPoint>561</DataPoint>
<DataPoint>494</DataPoint>
<DataPoint>565</DataPoint>
<DataPoint>486</DataPoint>
<DataPoint>546</DataPoint>
<DataPoint>530</DataPoint>
<DataPoint>546</DataPoint>
<DataPoint>508</DataPoint>
<DataPoint>489</DataPoint>
<DataPoint>465</DataPoint>
<DataPoint>462</DataPoint>
<DataPoint>507</DataPoint>
<DataPoint>505</DataPoint>
<DataPoint>516</DataPoint>
<DataPoint>483</DataPoint>
<DataPoint>490</DataPoint>
<DataPoint>472</DataPoint>
<DataPoint>476</DataPoint>
<DataPoint>483</DataPoint>
<DataPoint>458</DataPoint>
<DataPoint>485</DataPoint>
<DataPoint>476</DataPoint>
<DataPoint>482</DataPoint>
<DataPoint>454</DataPoint>
<DataPoint>500</DataPoint>
<DataPoint>455</DataPoint>
<DataPoint>505</DataPoint>
<DataPoint>487</DataPoint>
<DataPoint>485</DataPoint>
<DataPoint>495</DataPoint>
<DataPoint>461</DataPoint>
<DataPoint>484</DataPoint>
<DataPoint>456</DataPoint>
<DataPoint>508</DataPoint>
<DataPoint>501</DataPoint>
<DataPoint>453</DataPoint>
<DataPoint>460</DataPoint>
<DataPoint>497</DataPoint>
<DataPoint>476</DataPoint>
<DataPoint>482</DataPoint>
<DataPoint>467</DataPoint>
<DataPoint>442</DataPoint>
<DataPoint>485</DataPoint>
<DataPoint>481</DataPoint>
<DataPoint>510</DataPoint>
<DataPoint>470</DataPoint>
<DataPoint>450</DataPoint>
<DataPoint>495</DataPoint>
<DataPoint>460</DataPoint>
<DataPoint>433</DataPoint>
<DataPoint>485</DataPoint>
<DataPoint>499</DataPoint>
<DataPoint>487</DataPoint>
<DataPoint>495</DataPoint>
<DataPoint>485</DataPoint>
<DataPoint>494</DataPoint>
<DataPoint>478</DataPoint>
<DataPoint>506</DataPoint>
<DataPoint>504</DataPoint>
<DataPoint>516</DataPoint>
<DataPoint>457</DataPoint>
<DataPoint>476</DataPoint>
<DataPoint>516</DataPoint>
<DataPoint>488</DataPoint>
<DataPoint>474</DataPoint>
<DataPoint>484</DataPoint>
<DataPoint>448</DataPoint>
<DataPoint>452</DataPoint>
<DataPoint>485</DataPoint>
<DataPoint>464</DataPoint>
<DataPoint>460</DataPoint>
<DataPoint>434</DataPoint>
<DataPoint>412</DataPoint>
<DataPoint>508</DataPoint>
<DataPoint>461</DataPoint>
<DataPoint>471</DataPoint>
<DataPoint>465</DataPoint>
<DataPoint>460</DataPoint>
<DataPoint>461</DataPoint>
<DataPoint>439</DataPoint>
<DataPoint>441</DataPoint>
<DataPoint>490</DataPoint>
<DataPoint>439</DataPoint>
<DataPoint>452</DataPoint>
<DataPoint>478</DataPoint>
<DataPoint>463</DataPoint>
<DataPoint>496</DataPoint>
<DataPoint>423</DataPoint>
<DataPoint>458</DataPoint>
<DataPoint>474</DataPoint>
<DataPoint>461</DataPoint>
<DataPoint>451</DataPoint>
<DataPoint>486</DataPoint>
<DataPoint>471</DataPoint>
<DataPoint>431</DataPoint>
<DataPoint>428</DataPoint>
<DataPoint>440</DataPoint>
<DataPoint>479</DataPoint>
<DataPoint>461</DataPoint>
<DataPoint>448</DataPoint>
<DataPoint>521</DataPoint>
<DataPoint>474</DataPoint>
<DataPoint>484</DataPoint>
<DataPoint>494</DataPoint>
<DataPoint>484</DataPoint>
<DataPoint>526</DataPoint>
<DataPoint>514</DataPoint>
<DataPoint>512</DataPoint>
<DataPoint>483</DataPoint>
<DataPoint>492</DataPoint>
<DataPoint>489</DataPoint>
<DataPoint>465</DataPoint>
<DataPoint>498</DataPoint>
<DataPoint>515</DataPoint>
<DataPoint>529</DataPoint>
<DataPoint>508</DataPoint>
<DataPoint>508</DataPoint>
<DataPoint>515</DataPoint>
<DataPoint>536</DataPoint>
<DataPoint>524</DataPoint>
<DataPoint>533</DataPoint>
<DataPoint>541</DataPoint>
<DataPoint>523</DataPoint>
<DataPoint>538</DataPoint>
<DataPoint>574</DataPoint>
<DataPoint>532</DataPoint>
<DataPoint>573</DataPoint>
<DataPoint>561</DataPoint>
<DataPoint>525</DataPoint>
<DataPoint>536</DataPoint>
<DataPoint>523</DataPoint>
<DataPoint>577</DataPoint>
<DataPoint>513</DataPoint>
<DataPoint>544</DataPoint>
<DataPoint>516</DataPoint>
<DataPoint>504</DataPoint>
<DataPoint>550</DataPoint>
<DataPoint>504</DataPoint>
<DataPoint>523</DataPoint>
<DataPoint>514</DataPoint>
<DataPoint>527</DataPoint>
<DataPoint>544</DataPoint>
<DataPoint>517</DataPoint>
<DataPoint>540</DataPoint>
<DataPoint>541</DataPoint>
<DataPoint>519</DataPoint>
<DataPoint>511</DataPoint>
<DataPoint>519</DataPoint>
<DataPoint>500</DataPoint>
<DataPoint>533</DataPoint>
<DataPoint>531</DataPoint>
<DataPoint>527</DataPoint>
<DataPoint>500</DataPoint>
<DataPoint>515</DataPoint>
<DataPoint>530</DataPoint>
<DataPoint>535</DataPoint>
<DataPoint>494</DataPoint>
<DataPoint>529</DataPoint>
<DataPoint>540</DataPoint>
<DataPoint>486</DataPoint>
<DataPoint>522</DataPoint>
<DataPoint>529</DataPoint>
<DataPoint>507</DataPoint>
<DataPoint>521</DataPoint>
<DataPoint>490</DataPoint>
<DataPoint>493</DataPoint>
<DataPoint>477</DataPoint>
<DataPoint>483</DataPoint>
<DataPoint>501</DataPoint>
<DataPoint>487</DataPoint>
<DataPoint>495</DataPoint>
<DataPoint>499</DataPoint>
<DataPoint>523</DataPoint>
<DataPoint>478</DataPoint>
<DataPoint>504</DataPoint>
<DataPoint>496</DataPoint>
<DataPoint>479</DataPoint>
<DataPoint>483</DataPoint>
<DataPoint>490</DataPoint>
<DataPoint>479</DataPoint>
<DataPoint>450</DataPoint>
<DataPoint>485</DataPoint>
<DataPoint>460</DataPoint>
<DataPoint>435</DataPoint>
<DataPoint>485</DataPoint>
<DataPoint>488</DataPoint>
<DataPoint>470</DataPoint>
<DataPoint>445</DataPoint>
<DataPoint>478</DataPoint>
<DataPoint>446</DataPoint>
<DataPoint>435</DataPoint>
<DataPoint>429</DataPoint>
<DataPoint>427</DataPoint>
<DataPoint>405</DataPoint>
<DataPoint>385</DataPoint>
<DataPoint>416</DataPoint>
<DataPoint>407</DataPoint>
<DataPoint>396</DataPoint>
<DataPoint>380</DataPoint>
<DataPoint>406</DataPoint>
<DataPoint>374</DataPoint>
<DataPoint>344</DataPoint>
<DataPoint>383</DataPoint>
<DataPoint>362</DataPoint>
<DataPoint>390</DataPoint>
<DataPoint>348</DataPoint>
<DataPoint>351</DataPoint>
<DataPoint>324</DataPoint>
<DataPoint>310</DataPoint>
<DataPoint>323</DataPoint>
<DataPoint>335</DataPoint>
<DataPoint>325</DataPoint>
<DataPoint>267</DataPoint>
<DataPoint>313</DataPoint>
<DataPoint>293</DataPoint>
<DataPoint>298</DataPoint>
<DataPoint>265</DataPoint>
<DataPoint>255</DataPoint>
<DataPoint>261</DataPoint>
<DataPoint>214</DataPoint>
<DataPoint>263</DataPoint>
<DataPoint>257</DataPoint>
<DataPoint>220</DataPoint>
<DataPoint>229</DataPoint>
<DataPoint>229</DataPoint>
<DataPoint>215</DataPoint>
<DataPoint>216</DataPoint>
<DataPoint>202</DataPoint>
<DataPoint>204</DataPoint>
<DataPoint>204</DataPoint>
<DataPoint>206</DataPoint>
<DataPoint>178</DataPoint>
<DataPoint>163</DataPoint>
<DataPoint>172</DataPoint>
<DataPoint>157</DataPoint>
<DataPoint>160</DataPoint>
<DataPoint>151</DataPoint>
<DataPoint>155</DataPoint>
<DataPoint>149</DataPoint>
<DataPoint>149</DataPoint>
<DataPoint>178</DataPoint>
<DataPoint>172</DataPoint>
<DataPoint>150</DataPoint>
<DataPoint>168</DataPoint>
<DataPoint>136</DataPoint>
<DataPoint>156</DataPoint>
<DataPoint>142</DataPoint>
<DataPoint>153</DataPoint>
<DataPoint>149</DataPoint>
<DataPoint>141</DataPoint>
<DataPoint>149</DataPoint>
<DataPoint>152</DataPoint>
<DataPoint>156</DataPoint>
<DataPoint>170</DataPoint>
<DataPoint>156</DataPoint>
<DataPoint>137</DataPoint>
<DataPoint>165</DataPoint>
<DataPoint>157</DataPoint>
<DataPoint>150</DataPoint>
<DataPoint>197</DataPoint>
<DataPoint>179</DataPoint>
<DataPoint>170</DataPoint>
<DataPoint>163</DataPoint>
<DataPoint>170</DataPoint>
<DataPoint>172</DataPoint>
<DataPoint>200</DataPoint>
<DataPoint>209</DataPoint>
<DataPoint>185</DataPoint>
<DataPoint>182</DataPoint>
<DataPoint>201</DataPoint>
<DataPoint>170</DataPoint>
<DataPoint>175</DataPoint>
<DataPoint>201</DataPoint>
<DataPoint>188</DataPoint>
<DataPoint>206</DataPoint>
<DataPoint>180</DataPoint>
<DataPoint>210</DataPoint>
<DataPoint>182</DataPoint>
<DataPoint>223</DataPoint>
<DataPoint>204</DataPoint>
<DataPoint>193</DataPoint>
<DataPoint>217</DataPoint>
<DataPoint>192</DataPoint>
<DataPoint>214</DataPoint>
<DataPoint>201</DataPoint>
<DataPoint>215</DataPoint>
<DataPoint>190</DataPoint>
<DataPoint>179</DataPoint>
<DataPoint>193</DataPoint>
<DataPoint>193</DataPoint>
<DataPoint>217</DataPoint>
<DataPoint>181</DataPoint>
<DataPoint>209</DataPoint>
<DataPoint>218</DataPoint>
<DataPoint>191</DataPoint>
<DataPoint>190</DataPoint>
<DataPoint>161</DataPoint>
<DataPoint>162</DataPoint>
<DataPoint>186</DataPoint>
<DataPoint>183</DataPoint>
<DataPoint>166</DataPoint>
<DataPoint>168</DataPoint>
<DataPoint>153</DataPoint>
<DataPoint>177</DataPoint>
<DataPoint>159</DataPoint>
<DataPoint>151</DataPoint>
<DataPoint>131</DataPoint>
<DataPoint>154</DataPoint>
<DataPoint>124</DataPoint>
<DataPoint>142</DataPoint>
<DataPoint>133</DataPoint>
<DataPoint>115</DataPoint>
<DataPoint>126</DataPoint>
<DataPoint>117</DataPoint>
<DataPoint>121</DataPoint>
<DataPoint>91</DataPoint>
<DataPoint>86</DataPoint>
<DataPoint>75</DataPoint>
<DataPoint>99</DataPoint>
<DataPoint>90</DataPoint>
<DataPoint>84</DataPoint>
<DataPoint>69</DataPoint>
<DataPoint>83</DataPoint>
<DataPoint>62</DataPoint>
<DataPoint>70</DataPoint>
<DataPoint>52</DataPoint>
<DataPoint>54</DataPoint>
<DataPoint>61</DataPoint>
<DataPoint>57</DataPoint>
<DataPoint>41</DataPoint>
<DataPoint>49</DataPoint>
<DataPoint>45</DataPoint>
<DataPoint>48</DataPoint>
<DataPoint>40</DataPoint>
<DataPoint>39</DataPoint>
<DataPoint>38</DataPoint>
<DataPoint>38</DataPoint>
<DataPoint>38</DataPoint>
<DataPoint>21</DataPoint>
<DataPoint>29</DataPoint>
<DataPoint>21</DataPoint>
<DataPoint>29</DataPoint>
<DataPoint>29</DataPoint>
<DataPoint>26</DataPoint>
<DataPoint>14</DataPoint>
<DataPoint>19</DataPoint>
<DataPoint>26</DataPoint>
<DataPoint>27</DataPoint>
<DataPoint>18</DataPoint>
<DataPoint>11</DataPoint>
<DataPoint>26</DataPoint>
<DataPoint>22</DataPoint>
<DataPoint>13</DataPoint>
<DataPoint>21</DataPoint>
<DataPoint>27</DataPoint>
<DataPoint>24</DataPoint>
<DataPoint>19</DataPoint>
<DataPoint>19</DataPoint>
<DataPoint>13</DataPoint>
<DataPoint>14</DataPoint>
<DataPoint>12</DataPoint>
<DataPoint>20</DataPoint>
<DataPoint>13</DataPoint>
<DataPoint>18</DataPoint>
<DataPoint>17</DataPoint>
<DataPoint>9</DataPoint>
<DataPoint>18</DataPoint>
<DataPoint>10</DataPoint>
<DataPoint>14</DataPoint>
<DataPoint>15</DataPoint>
<DataPoint>15</DataPoint>
<DataPoint>15</DataPoint>
<DataPoint>17</DataPoint>
<DataPoint>15</DataPoint>
<DataPoint>20</DataPoint>
<DataPoint>13</DataPoint>
<DataPoint>8</DataPoint>
<DataPoint>10</DataPoint>
<DataPoint>15</DataPoint>
<DataPoint>6</DataPoint>
<DataPoint>18</DataPoint>
<DataPoint>11</DataPoint>
<DataPoint>11</DataPoint>
<DataPoint>10</DataPoint>
<DataPoint>3</DataPoint>
<DataPoint>8</DataPoint>
<DataPoint>8</DataPoint>
<DataPoint>19</DataPoint>
<DataPoint>14</DataPoint>
<DataPoint>4</DataPoint>
<DataPoint>9</DataPoint>
<DataPoint>7</DataPoint>
<DataPoint>13</DataPoint>
<DataPoint>9</DataPoint>
<DataPoint>14</DataPoint>
<DataPoint>14</DataPoint>
<DataPoint>18</DataPoint>
<DataPoint>9</DataPoint>
<DataPoint>4</DataPoint>
<DataPoint>6</DataPoint>
<DataPoint>6</DataPoint>
<DataPoint>11</DataPoint>
<DataPoint>9</DataPoint>
<DataPoint>11</DataPoint>
<DataPoint>9</DataPoint>
<DataPoint>8</DataPoint>
<DataPoint>8</DataPoint>
<DataPoint>9</DataPoint>
<DataPoint>7</DataPoint>
<DataPoint>9</DataPoint>
<DataPoint>9</DataPoint>
<DataPoint>7791</DataPoint>

  </Spectrum>
 </EnergySpectrum>


      

      <Visible>true</Visible>
      <PulseCollection>
        <Format>Base64 encoded binary</Format>
        <Pulses />
      </PulseCollection>
    </ResultData>
  </ResultDataList>
</ResultDataFile>
