<?xml version="1.0"?>
<ResultDataFile xmlns:xsd="http://www.w3.org/2001/XMLSchema" xmlns:xsi="http://www.w3.org/2001/XMLSchema-instance">
  <FormatVersion>120920</FormatVersion>
  <ResultDataList>
    <ResultData>
      <DeviceConfigReference>
        <Name>RadiaCode-102</Name>
      </DeviceConfigReference>
      <SampleInfo>
        <Name><![CDATA[Spectrum_2025-04-13 10-14-35]]></Name>
        <Note><![CDATA[]]></Note>
      </SampleInfo>
      <BackgroundSpectrumFile><![CDATA[]]></BackgroundSpectrumFile>

       <StartTime>2025-04-10T09:06:23</StartTime>
 <EndTime>2025-04-13T08:14:35</EndTime>

 <EnergySpectrum>
  <NumberOfChannels>1024</NumberOfChannels>
  <ChannelPitch>1</ChannelPitch>
  <SpectrumName><![CDATA[Spectrum_2025-04-13 10-14-35]]></SpectrumName>
  <Comment></Comment>
  <SerialNumber>RC-102-000590</SerialNumber>
  <EnergyCalibration>
    <PolynomialOrder>2</PolynomialOrder>
    <Coefficients>
      <Coefficient>-1.2426807</Coefficient>
      <Coefficient>2.3831038</Coefficient>
      <Coefficient>4.1388627E-4</Coefficient>
    </Coefficients>
  </EnergyCalibration>
  <MeasurementTime>256092</MeasurementTime>
  <LiveTime>256079.78</LiveTime>
  <Spectrum>
    <DataPoint>7</DataPoint>
<DataPoint>171</DataPoint>
<DataPoint>477</DataPoint>
<DataPoint>463</DataPoint>
<DataPoint>251</DataPoint>
<DataPoint>206</DataPoint>
<DataPoint>592</DataPoint>
<DataPoint>3676</DataPoint>
<DataPoint>8030</DataPoint>
<DataPoint>9511</DataPoint>
<DataPoint>10296</DataPoint>
<DataPoint>10799</DataPoint>
<DataPoint>11889</DataPoint>
<DataPoint>12075</DataPoint>
<DataPoint>12742</DataPoint>
<DataPoint>13330</DataPoint>
<DataPoint>13938</DataPoint>
<DataPoint>14499</DataPoint>
<DataPoint>15516</DataPoint>
<DataPoint>16584</DataPoint>
<DataPoint>18053</DataPoint>
<DataPoint>19556</DataPoint>
<DataPoint>21093</DataPoint>
<DataPoint>22875</DataPoint>
<DataPoint>24374</DataPoint>
<DataPoint>26110</DataPoint>
<DataPoint>27743</DataPoint>
<DataPoint>29634</DataPoint>
<DataPoint>30991</DataPoint>
<DataPoint>32535</DataPoint>
<DataPoint>33883</DataPoint>
<DataPoint>34857</DataPoint>
<DataPoint>35223</DataPoint>
<DataPoint>35980</DataPoint>
<DataPoint>36005</DataPoint>
<DataPoint>36704</DataPoint>
<DataPoint>36496</DataPoint>
<DataPoint>36376</DataPoint>
<DataPoint>36087</DataPoint>
<DataPoint>35485</DataPoint>
<DataPoint>35204</DataPoint>
<DataPoint>34673</DataPoint>
<DataPoint>34101</DataPoint>
<DataPoint>33479</DataPoint>
<DataPoint>32709</DataPoint>
<DataPoint>31742</DataPoint>
<DataPoint>31272</DataPoint>
<DataPoint>30509</DataPoint>
<DataPoint>29989</DataPoint>
<DataPoint>29007</DataPoint>
<DataPoint>28780</DataPoint>
<DataPoint>27874</DataPoint>
<DataPoint>27248</DataPoint>
<DataPoint>26363</DataPoint>
<DataPoint>25782</DataPoint>
<DataPoint>24898</DataPoint>
<DataPoint>24288</DataPoint>
<DataPoint>23828</DataPoint>
<DataPoint>23075</DataPoint>
<DataPoint>22137</DataPoint>
<DataPoint>21476</DataPoint>
<DataPoint>20827</DataPoint>
<DataPoint>19983</DataPoint>
<DataPoint>19733</DataPoint>
<DataPoint>19008</DataPoint>
<DataPoint>18279</DataPoint>
<DataPoint>17562</DataPoint>
<DataPoint>16972</DataPoint>
<DataPoint>16488</DataPoint>
<DataPoint>16024</DataPoint>
<DataPoint>15452</DataPoint>
<DataPoint>15057</DataPoint>
<DataPoint>14703</DataPoint>
<DataPoint>14220</DataPoint>
<DataPoint>13775</DataPoint>
<DataPoint>13527</DataPoint>
<DataPoint>12828</DataPoint>
<DataPoint>12664</DataPoint>
<DataPoint>12325</DataPoint>
<DataPoint>11953</DataPoint>
<DataPoint>11708</DataPoint>
<DataPoint>11384</DataPoint>
<DataPoint>11142</DataPoint>
<DataPoint>10876</DataPoint>
<DataPoint>10743</DataPoint>
<DataPoint>10497</DataPoint>
<DataPoint>10335</DataPoint>
<DataPoint>10051</DataPoint>
<DataPoint>10146</DataPoint>
<DataPoint>9860</DataPoint>
<DataPoint>9552</DataPoint>
<DataPoint>9474</DataPoint>
<DataPoint>9306</DataPoint>
<DataPoint>8969</DataPoint>
<DataPoint>8873</DataPoint>
<DataPoint>8717</DataPoint>
<DataPoint>8301</DataPoint>
<DataPoint>7995</DataPoint>
<DataPoint>7731</DataPoint>
<DataPoint>7491</DataPoint>
<DataPoint>7137</DataPoint>
<DataPoint>6915</DataPoint>
<DataPoint>6719</DataPoint>
<DataPoint>6503</DataPoint>
<DataPoint>6227</DataPoint>
<DataPoint>6183</DataPoint>
<DataPoint>5830</DataPoint>
<DataPoint>5645</DataPoint>
<DataPoint>5590</DataPoint>
<DataPoint>5323</DataPoint>
<DataPoint>5162</DataPoint>
<DataPoint>4970</DataPoint>
<DataPoint>4992</DataPoint>
<DataPoint>4926</DataPoint>
<DataPoint>4814</DataPoint>
<DataPoint>4639</DataPoint>
<DataPoint>4392</DataPoint>
<DataPoint>4473</DataPoint>
<DataPoint>4216</DataPoint>
<DataPoint>4176</DataPoint>
<DataPoint>4014</DataPoint>
<DataPoint>3966</DataPoint>
<DataPoint>3842</DataPoint>
<DataPoint>3638</DataPoint>
<DataPoint>3534</DataPoint>
<DataPoint>3628</DataPoint>
<DataPoint>3483</DataPoint>
<DataPoint>3442</DataPoint>
<DataPoint>3347</DataPoint>
<DataPoint>3215</DataPoint>
<DataPoint>3177</DataPoint>
<DataPoint>3173</DataPoint>
<DataPoint>3144</DataPoint>
<DataPoint>3015</DataPoint>
<DataPoint>3082</DataPoint>
<DataPoint>3024</DataPoint>
<DataPoint>2843</DataPoint>
<DataPoint>2846</DataPoint>
<DataPoint>2890</DataPoint>
<DataPoint>2833</DataPoint>
<DataPoint>2728</DataPoint>
<DataPoint>2741</DataPoint>
<DataPoint>2506</DataPoint>
<DataPoint>2478</DataPoint>
<DataPoint>2514</DataPoint>
<DataPoint>2388</DataPoint>
<DataPoint>2363</DataPoint>
<DataPoint>2302</DataPoint>
<DataPoint>2396</DataPoint>
<DataPoint>2255</DataPoint>
<DataPoint>2251</DataPoint>
<DataPoint>2165</DataPoint>
<DataPoint>2149</DataPoint>
<DataPoint>2136</DataPoint>
<DataPoint>2150</DataPoint>
<DataPoint>2064</DataPoint>
<DataPoint>1927</DataPoint>
<DataPoint>2029</DataPoint>
<DataPoint>1910</DataPoint>
<DataPoint>1966</DataPoint>
<DataPoint>1949</DataPoint>
<DataPoint>1893</DataPoint>
<DataPoint>1843</DataPoint>
<DataPoint>1929</DataPoint>
<DataPoint>1928</DataPoint>
<DataPoint>1867</DataPoint>
<DataPoint>1897</DataPoint>
<DataPoint>1916</DataPoint>
<DataPoint>1854</DataPoint>
<DataPoint>1778</DataPoint>
<DataPoint>1902</DataPoint>
<DataPoint>1839</DataPoint>
<DataPoint>1714</DataPoint>
<DataPoint>1706</DataPoint>
<DataPoint>1667</DataPoint>
<DataPoint>1747</DataPoint>
<DataPoint>1571</DataPoint>
<DataPoint>1698</DataPoint>
<DataPoint>1607</DataPoint>
<DataPoint>1570</DataPoint>
<DataPoint>1622</DataPoint>
<DataPoint>1537</DataPoint>
<DataPoint>1574</DataPoint>
<DataPoint>1513</DataPoint>
<DataPoint>1582</DataPoint>
<DataPoint>1432</DataPoint>
<DataPoint>1455</DataPoint>
<DataPoint>1499</DataPoint>
<DataPoint>1353</DataPoint>
<DataPoint>1400</DataPoint>
<DataPoint>1377</DataPoint>
<DataPoint>1411</DataPoint>
<DataPoint>1353</DataPoint>
<DataPoint>1407</DataPoint>
<DataPoint>1392</DataPoint>
<DataPoint>1287</DataPoint>
<DataPoint>1340</DataPoint>
<DataPoint>1368</DataPoint>
<DataPoint>1327</DataPoint>
<DataPoint>1323</DataPoint>
<DataPoint>1269</DataPoint>
<DataPoint>1296</DataPoint>
<DataPoint>1284</DataPoint>
<DataPoint>1346</DataPoint>
<DataPoint>1179</DataPoint>
<DataPoint>1310</DataPoint>
<DataPoint>1263</DataPoint>
<DataPoint>1254</DataPoint>
<DataPoint>1296</DataPoint>
<DataPoint>1260</DataPoint>
<DataPoint>1195</DataPoint>
<DataPoint>1244</DataPoint>
<DataPoint>1226</DataPoint>
<DataPoint>1292</DataPoint>
<DataPoint>1252</DataPoint>
<DataPoint>1160</DataPoint>
<DataPoint>1132</DataPoint>
<DataPoint>1159</DataPoint>
<DataPoint>1168</DataPoint>
<DataPoint>1206</DataPoint>
<DataPoint>1213</DataPoint>
<DataPoint>1167</DataPoint>
<DataPoint>1157</DataPoint>
<DataPoint>1200</DataPoint>
<DataPoint>1106</DataPoint>
<DataPoint>1228</DataPoint>
<DataPoint>1099</DataPoint>
<DataPoint>1158</DataPoint>
<DataPoint>1160</DataPoint>
<DataPoint>1148</DataPoint>
<DataPoint>1120</DataPoint>
<DataPoint>1138</DataPoint>
<DataPoint>1138</DataPoint>
<DataPoint>1120</DataPoint>
<DataPoint>1108</DataPoint>
<DataPoint>1081</DataPoint>
<DataPoint>1153</DataPoint>
<DataPoint>1111</DataPoint>
<DataPoint>1091</DataPoint>
<DataPoint>1072</DataPoint>
<DataPoint>1077</DataPoint>
<DataPoint>1076</DataPoint>
<DataPoint>1049</DataPoint>
<DataPoint>1053</DataPoint>
<DataPoint>1128</DataPoint>
<DataPoint>1081</DataPoint>
<DataPoint>1097</DataPoint>
<DataPoint>1006</DataPoint>
<DataPoint>1007</DataPoint>
<DataPoint>1046</DataPoint>
<DataPoint>980</DataPoint>
<DataPoint>1009</DataPoint>
<DataPoint>947</DataPoint>
<DataPoint>989</DataPoint>
<DataPoint>951</DataPoint>
<DataPoint>921</DataPoint>
<DataPoint>970</DataPoint>
<DataPoint>942</DataPoint>
<DataPoint>989</DataPoint>
<DataPoint>948</DataPoint>
<DataPoint>997</DataPoint>
<DataPoint>975</DataPoint>
<DataPoint>958</DataPoint>
<DataPoint>976</DataPoint>
<DataPoint>1001</DataPoint>
<DataPoint>968</DataPoint>
<DataPoint>984</DataPoint>
<DataPoint>956</DataPoint>
<DataPoint>927</DataPoint>
<DataPoint>899</DataPoint>
<DataPoint>908</DataPoint>
<DataPoint>985</DataPoint>
<DataPoint>905</DataPoint>
<DataPoint>932</DataPoint>
<DataPoint>936</DataPoint>
<DataPoint>885</DataPoint>
<DataPoint>911</DataPoint>
<DataPoint>922</DataPoint>
<DataPoint>910</DataPoint>
<DataPoint>955</DataPoint>
<DataPoint>957</DataPoint>
<DataPoint>936</DataPoint>
<DataPoint>927</DataPoint>
<DataPoint>949</DataPoint>
<DataPoint>872</DataPoint>
<DataPoint>931</DataPoint>
<DataPoint>903</DataPoint>
<DataPoint>933</DataPoint>
<DataPoint>943</DataPoint>
<DataPoint>911</DataPoint>
<DataPoint>880</DataPoint>
<DataPoint>899</DataPoint>
<DataPoint>854</DataPoint>
<DataPoint>875</DataPoint>
<DataPoint>924</DataPoint>
<DataPoint>956</DataPoint>
<DataPoint>868</DataPoint>
<DataPoint>901</DataPoint>
<DataPoint>923</DataPoint>
<DataPoint>902</DataPoint>
<DataPoint>909</DataPoint>
<DataPoint>919</DataPoint>
<DataPoint>859</DataPoint>
<DataPoint>910</DataPoint>
<DataPoint>892</DataPoint>
<DataPoint>875</DataPoint>
<DataPoint>845</DataPoint>
<DataPoint>871</DataPoint>
<DataPoint>888</DataPoint>
<DataPoint>878</DataPoint>
<DataPoint>867</DataPoint>
<DataPoint>909</DataPoint>
<DataPoint>846</DataPoint>
<DataPoint>846</DataPoint>
<DataPoint>902</DataPoint>
<DataPoint>845</DataPoint>
<DataPoint>843</DataPoint>
<DataPoint>834</DataPoint>
<DataPoint>895</DataPoint>
<DataPoint>813</DataPoint>
<DataPoint>884</DataPoint>
<DataPoint>845</DataPoint>
<DataPoint>844</DataPoint>
<DataPoint>873</DataPoint>
<DataPoint>902</DataPoint>
<DataPoint>889</DataPoint>
<DataPoint>913</DataPoint>
<DataPoint>901</DataPoint>
<DataPoint>857</DataPoint>
<DataPoint>842</DataPoint>
<DataPoint>829</DataPoint>
<DataPoint>868</DataPoint>
<DataPoint>854</DataPoint>
<DataPoint>863</DataPoint>
<DataPoint>913</DataPoint>
<DataPoint>836</DataPoint>
<DataPoint>864</DataPoint>
<DataPoint>868</DataPoint>
<DataPoint>844</DataPoint>
<DataPoint>863</DataPoint>
<DataPoint>843</DataPoint>
<DataPoint>876</DataPoint>
<DataPoint>844</DataPoint>
<DataPoint>918</DataPoint>
<DataPoint>871</DataPoint>
<DataPoint>898</DataPoint>
<DataPoint>884</DataPoint>
<DataPoint>878</DataPoint>
<DataPoint>883</DataPoint>
<DataPoint>864</DataPoint>
<DataPoint>907</DataPoint>
<DataPoint>875</DataPoint>
<DataPoint>832</DataPoint>
<DataPoint>844</DataPoint>
<DataPoint>892</DataPoint>
<DataPoint>896</DataPoint>
<DataPoint>906</DataPoint>
<DataPoint>937</DataPoint>
<DataPoint>938</DataPoint>
<DataPoint>902</DataPoint>
<DataPoint>884</DataPoint>
<DataPoint>928</DataPoint>
<DataPoint>885</DataPoint>
<DataPoint>864</DataPoint>
<DataPoint>859</DataPoint>
<DataPoint>863</DataPoint>
<DataPoint>958</DataPoint>
<DataPoint>924</DataPoint>
<DataPoint>858</DataPoint>
<DataPoint>904</DataPoint>
<DataPoint>829</DataPoint>
<DataPoint>898</DataPoint>
<DataPoint>859</DataPoint>
<DataPoint>835</DataPoint>
<DataPoint>831</DataPoint>
<DataPoint>890</DataPoint>
<DataPoint>867</DataPoint>
<DataPoint>910</DataPoint>
<DataPoint>850</DataPoint>
<DataPoint>928</DataPoint>
<DataPoint>853</DataPoint>
<DataPoint>860</DataPoint>
<DataPoint>885</DataPoint>
<DataPoint>922</DataPoint>
<DataPoint>916</DataPoint>
<DataPoint>923</DataPoint>
<DataPoint>909</DataPoint>
<DataPoint>954</DataPoint>
<DataPoint>909</DataPoint>
<DataPoint>935</DataPoint>
<DataPoint>941</DataPoint>
<DataPoint>979</DataPoint>
<DataPoint>905</DataPoint>
<DataPoint>944</DataPoint>
<DataPoint>860</DataPoint>
<DataPoint>910</DataPoint>
<DataPoint>926</DataPoint>
<DataPoint>924</DataPoint>
<DataPoint>926</DataPoint>
<DataPoint>972</DataPoint>
<DataPoint>1000</DataPoint>
<DataPoint>950</DataPoint>
<DataPoint>996</DataPoint>
<DataPoint>959</DataPoint>
<DataPoint>976</DataPoint>
<DataPoint>974</DataPoint>
<DataPoint>964</DataPoint>
<DataPoint>1000</DataPoint>
<DataPoint>953</DataPoint>
<DataPoint>995</DataPoint>
<DataPoint>1001</DataPoint>
<DataPoint>1034</DataPoint>
<DataPoint>993</DataPoint>
<DataPoint>993</DataPoint>
<DataPoint>1053</DataPoint>
<DataPoint>1018</DataPoint>
<DataPoint>1002</DataPoint>
<DataPoint>955</DataPoint>
<DataPoint>981</DataPoint>
<DataPoint>1020</DataPoint>
<DataPoint>1028</DataPoint>
<DataPoint>986</DataPoint>
<DataPoint>1021</DataPoint>
<DataPoint>996</DataPoint>
<DataPoint>1033</DataPoint>
<DataPoint>1002</DataPoint>
<DataPoint>999</DataPoint>
<DataPoint>912</DataPoint>
<DataPoint>978</DataPoint>
<DataPoint>902</DataPoint>
<DataPoint>908</DataPoint>
<DataPoint>904</DataPoint>
<DataPoint>926</DataPoint>
<DataPoint>895</DataPoint>
<DataPoint>953</DataPoint>
<DataPoint>919</DataPoint>
<DataPoint>879</DataPoint>
<DataPoint>887</DataPoint>
<DataPoint>813</DataPoint>
<DataPoint>836</DataPoint>
<DataPoint>805</DataPoint>
<DataPoint>831</DataPoint>
<DataPoint>816</DataPoint>
<DataPoint>776</DataPoint>
<DataPoint>750</DataPoint>
<DataPoint>770</DataPoint>
<DataPoint>703</DataPoint>
<DataPoint>771</DataPoint>
<DataPoint>697</DataPoint>
<DataPoint>662</DataPoint>
<DataPoint>615</DataPoint>
<DataPoint>656</DataPoint>
<DataPoint>603</DataPoint>
<DataPoint>575</DataPoint>
<DataPoint>535</DataPoint>
<DataPoint>555</DataPoint>
<DataPoint>509</DataPoint>
<DataPoint>468</DataPoint>
<DataPoint>447</DataPoint>
<DataPoint>487</DataPoint>
<DataPoint>410</DataPoint>
<DataPoint>449</DataPoint>
<DataPoint>408</DataPoint>
<DataPoint>422</DataPoint>
<DataPoint>384</DataPoint>
<DataPoint>348</DataPoint>
<DataPoint>350</DataPoint>
<DataPoint>319</DataPoint>
<DataPoint>335</DataPoint>
<DataPoint>305</DataPoint>
<DataPoint>279</DataPoint>
<DataPoint>282</DataPoint>
<DataPoint>262</DataPoint>
<DataPoint>294</DataPoint>
<DataPoint>282</DataPoint>
<DataPoint>259</DataPoint>
<DataPoint>237</DataPoint>
<DataPoint>242</DataPoint>
<DataPoint>243</DataPoint>
<DataPoint>222</DataPoint>
<DataPoint>241</DataPoint>
<DataPoint>221</DataPoint>
<DataPoint>244</DataPoint>
<DataPoint>221</DataPoint>
<DataPoint>205</DataPoint>
<DataPoint>218</DataPoint>
<DataPoint>204</DataPoint>
<DataPoint>194</DataPoint>
<DataPoint>214</DataPoint>
<DataPoint>245</DataPoint>
<DataPoint>235</DataPoint>
<DataPoint>229</DataPoint>
<DataPoint>222</DataPoint>
<DataPoint>265</DataPoint>
<DataPoint>260</DataPoint>
<DataPoint>264</DataPoint>
<DataPoint>240</DataPoint>
<DataPoint>299</DataPoint>
<DataPoint>292</DataPoint>
<DataPoint>281</DataPoint>
<DataPoint>337</DataPoint>
<DataPoint>338</DataPoint>
<DataPoint>350</DataPoint>
<DataPoint>374</DataPoint>
<DataPoint>378</DataPoint>
<DataPoint>419</DataPoint>
<DataPoint>472</DataPoint>
<DataPoint>418</DataPoint>
<DataPoint>430</DataPoint>
<DataPoint>490</DataPoint>
<DataPoint>437</DataPoint>
<DataPoint>492</DataPoint>
<DataPoint>449</DataPoint>
<DataPoint>525</DataPoint>
<DataPoint>489</DataPoint>
<DataPoint>590</DataPoint>
<DataPoint>581</DataPoint>
<DataPoint>598</DataPoint>
<DataPoint>557</DataPoint>
<DataPoint>644</DataPoint>
<DataPoint>624</DataPoint>
<DataPoint>672</DataPoint>
<DataPoint>616</DataPoint>
<DataPoint>692</DataPoint>
<DataPoint>714</DataPoint>
<DataPoint>661</DataPoint>
<DataPoint>626</DataPoint>
<DataPoint>672</DataPoint>
<DataPoint>713</DataPoint>
<DataPoint>635</DataPoint>
<DataPoint>701</DataPoint>
<DataPoint>661</DataPoint>
<DataPoint>670</DataPoint>
<DataPoint>660</DataPoint>
<DataPoint>602</DataPoint>
<DataPoint>614</DataPoint>
<DataPoint>631</DataPoint>
<DataPoint>604</DataPoint>
<DataPoint>599</DataPoint>
<DataPoint>561</DataPoint>
<DataPoint>537</DataPoint>
<DataPoint>515</DataPoint>
<DataPoint>524</DataPoint>
<DataPoint>511</DataPoint>
<DataPoint>496</DataPoint>
<DataPoint>478</DataPoint>
<DataPoint>435</DataPoint>
<DataPoint>419</DataPoint>
<DataPoint>384</DataPoint>
<DataPoint>345</DataPoint>
<DataPoint>349</DataPoint>
<DataPoint>324</DataPoint>
<DataPoint>284</DataPoint>
<DataPoint>282</DataPoint>
<DataPoint>251</DataPoint>
<DataPoint>256</DataPoint>
<DataPoint>215</DataPoint>
<DataPoint>191</DataPoint>
<DataPoint>228</DataPoint>
<DataPoint>197</DataPoint>
<DataPoint>162</DataPoint>
<DataPoint>148</DataPoint>
<DataPoint>131</DataPoint>
<DataPoint>140</DataPoint>
<DataPoint>118</DataPoint>
<DataPoint>101</DataPoint>
<DataPoint>116</DataPoint>
<DataPoint>101</DataPoint>
<DataPoint>85</DataPoint>
<DataPoint>81</DataPoint>
<DataPoint>69</DataPoint>
<DataPoint>77</DataPoint>
<DataPoint>59</DataPoint>
<DataPoint>68</DataPoint>
<DataPoint>70</DataPoint>
<DataPoint>73</DataPoint>
<DataPoint>64</DataPoint>
<DataPoint>45</DataPoint>
<DataPoint>62</DataPoint>
<DataPoint>62</DataPoint>
<DataPoint>50</DataPoint>
<DataPoint>38</DataPoint>
<DataPoint>50</DataPoint>
<DataPoint>40</DataPoint>
<DataPoint>47</DataPoint>
<DataPoint>42</DataPoint>
<DataPoint>43</DataPoint>
<DataPoint>38</DataPoint>
<DataPoint>45</DataPoint>
<DataPoint>47</DataPoint>
<DataPoint>37</DataPoint>
<DataPoint>47</DataPoint>
<DataPoint>48</DataPoint>
<DataPoint>28</DataPoint>
<DataPoint>31</DataPoint>
<DataPoint>33</DataPoint>
<DataPoint>36</DataPoint>
<DataPoint>35</DataPoint>
<DataPoint>33</DataPoint>
<DataPoint>36</DataPoint>
<DataPoint>31</DataPoint>
<DataPoint>34</DataPoint>
<DataPoint>30</DataPoint>
<DataPoint>32</DataPoint>
<DataPoint>32</DataPoint>
<DataPoint>17</DataPoint>
<DataPoint>17</DataPoint>
<DataPoint>27</DataPoint>
<DataPoint>22</DataPoint>
<DataPoint>27</DataPoint>
<DataPoint>34</DataPoint>
<DataPoint>24</DataPoint>
<DataPoint>32</DataPoint>
<DataPoint>29</DataPoint>
<DataPoint>23</DataPoint>
<DataPoint>23</DataPoint>
<DataPoint>24</DataPoint>
<DataPoint>22</DataPoint>
<DataPoint>27</DataPoint>
<DataPoint>31</DataPoint>
<DataPoint>41</DataPoint>
<DataPoint>22</DataPoint>
<DataPoint>25</DataPoint>
<DataPoint>24</DataPoint>
<DataPoint>26</DataPoint>
<DataPoint>22</DataPoint>
<DataPoint>25</DataPoint>
<DataPoint>32</DataPoint>
<DataPoint>26</DataPoint>
<DataPoint>17</DataPoint>
<DataPoint>21</DataPoint>
<DataPoint>20</DataPoint>
<DataPoint>20</DataPoint>
<DataPoint>23</DataPoint>
<DataPoint>23</DataPoint>
<DataPoint>19</DataPoint>
<DataPoint>30</DataPoint>
<DataPoint>28</DataPoint>
<DataPoint>29</DataPoint>
<DataPoint>25</DataPoint>
<DataPoint>21</DataPoint>
<DataPoint>20</DataPoint>
<DataPoint>25</DataPoint>
<DataPoint>16</DataPoint>
<DataPoint>15</DataPoint>
<DataPoint>29</DataPoint>
<DataPoint>25</DataPoint>
<DataPoint>24</DataPoint>
<DataPoint>11</DataPoint>
<DataPoint>21</DataPoint>
<DataPoint>20</DataPoint>
<DataPoint>31</DataPoint>
<DataPoint>17</DataPoint>
<DataPoint>14</DataPoint>
<DataPoint>25</DataPoint>
<DataPoint>21</DataPoint>
<DataPoint>16</DataPoint>
<DataPoint>16</DataPoint>
<DataPoint>19</DataPoint>
<DataPoint>16</DataPoint>
<DataPoint>12</DataPoint>
<DataPoint>29</DataPoint>
<DataPoint>22</DataPoint>
<DataPoint>23</DataPoint>
<DataPoint>17</DataPoint>
<DataPoint>14</DataPoint>
<DataPoint>17</DataPoint>
<DataPoint>20</DataPoint>
<DataPoint>20</DataPoint>
<DataPoint>13</DataPoint>
<DataPoint>20</DataPoint>
<DataPoint>15</DataPoint>
<DataPoint>15</DataPoint>
<DataPoint>22</DataPoint>
<DataPoint>16</DataPoint>
<DataPoint>12</DataPoint>
<DataPoint>16</DataPoint>
<DataPoint>11</DataPoint>
<DataPoint>17</DataPoint>
<DataPoint>19</DataPoint>
<DataPoint>18</DataPoint>
<DataPoint>18</DataPoint>
<DataPoint>11</DataPoint>
<DataPoint>18</DataPoint>
<DataPoint>12</DataPoint>
<DataPoint>11</DataPoint>
<DataPoint>20</DataPoint>
<DataPoint>6</DataPoint>
<DataPoint>17</DataPoint>
<DataPoint>13</DataPoint>
<DataPoint>14</DataPoint>
<DataPoint>12</DataPoint>
<DataPoint>11</DataPoint>
<DataPoint>15</DataPoint>
<DataPoint>16</DataPoint>
<DataPoint>18</DataPoint>
<DataPoint>19</DataPoint>
<DataPoint>11</DataPoint>
<DataPoint>12</DataPoint>
<DataPoint>16</DataPoint>
<DataPoint>14</DataPoint>
<DataPoint>10</DataPoint>
<DataPoint>16</DataPoint>
<DataPoint>13</DataPoint>
<DataPoint>13</DataPoint>
<DataPoint>25</DataPoint>
<DataPoint>18</DataPoint>
<DataPoint>12</DataPoint>
<DataPoint>14</DataPoint>
<DataPoint>7</DataPoint>
<DataPoint>10</DataPoint>
<DataPoint>17</DataPoint>
<DataPoint>11</DataPoint>
<DataPoint>13</DataPoint>
<DataPoint>9</DataPoint>
<DataPoint>13</DataPoint>
<DataPoint>10</DataPoint>
<DataPoint>12</DataPoint>
<DataPoint>8</DataPoint>
<DataPoint>13</DataPoint>
<DataPoint>8</DataPoint>
<DataPoint>7</DataPoint>
<DataPoint>10</DataPoint>
<DataPoint>15</DataPoint>
<DataPoint>20</DataPoint>
<DataPoint>10</DataPoint>
<DataPoint>7</DataPoint>
<DataPoint>14</DataPoint>
<DataPoint>11</DataPoint>
<DataPoint>15</DataPoint>
<DataPoint>8</DataPoint>
<DataPoint>11</DataPoint>
<DataPoint>16</DataPoint>
<DataPoint>13</DataPoint>
<DataPoint>14</DataPoint>
<DataPoint>7</DataPoint>
<DataPoint>10</DataPoint>
<DataPoint>12</DataPoint>
<DataPoint>13</DataPoint>
<DataPoint>10</DataPoint>
<DataPoint>4</DataPoint>
<DataPoint>7</DataPoint>
<DataPoint>8</DataPoint>
<DataPoint>9</DataPoint>
<DataPoint>23</DataPoint>
<DataPoint>12</DataPoint>
<DataPoint>8</DataPoint>
<DataPoint>6</DataPoint>
<DataPoint>10</DataPoint>
<DataPoint>17</DataPoint>
<DataPoint>13</DataPoint>
<DataPoint>13</DataPoint>
<DataPoint>9</DataPoint>
<DataPoint>11</DataPoint>
<DataPoint>10</DataPoint>
<DataPoint>9</DataPoint>
<DataPoint>14</DataPoint>
<DataPoint>11</DataPoint>
<DataPoint>8</DataPoint>
<DataPoint>5</DataPoint>
<DataPoint>9</DataPoint>
<DataPoint>11</DataPoint>
<DataPoint>8</DataPoint>
<DataPoint>13</DataPoint>
<DataPoint>15</DataPoint>
<DataPoint>15</DataPoint>
<DataPoint>11</DataPoint>
<DataPoint>5</DataPoint>
<DataPoint>12</DataPoint>
<DataPoint>14</DataPoint>
<DataPoint>9</DataPoint>
<DataPoint>13</DataPoint>
<DataPoint>5</DataPoint>
<DataPoint>8</DataPoint>
<DataPoint>8</DataPoint>
<DataPoint>5</DataPoint>
<DataPoint>9</DataPoint>
<DataPoint>11</DataPoint>
<DataPoint>6</DataPoint>
<DataPoint>13</DataPoint>
<DataPoint>19</DataPoint>
<DataPoint>7</DataPoint>
<DataPoint>13</DataPoint>
<DataPoint>9</DataPoint>
<DataPoint>11</DataPoint>
<DataPoint>2</DataPoint>
<DataPoint>12</DataPoint>
<DataPoint>11</DataPoint>
<DataPoint>5</DataPoint>
<DataPoint>11</DataPoint>
<DataPoint>9</DataPoint>
<DataPoint>6</DataPoint>
<DataPoint>9</DataPoint>
<DataPoint>8</DataPoint>
<DataPoint>9</DataPoint>
<DataPoint>11</DataPoint>
<DataPoint>11</DataPoint>
<DataPoint>8</DataPoint>
<DataPoint>7</DataPoint>
<DataPoint>14</DataPoint>
<DataPoint>9</DataPoint>
<DataPoint>5</DataPoint>
<DataPoint>14</DataPoint>
<DataPoint>13</DataPoint>
<DataPoint>3</DataPoint>
<DataPoint>7</DataPoint>
<DataPoint>12</DataPoint>
<DataPoint>7</DataPoint>
<DataPoint>5</DataPoint>
<DataPoint>8</DataPoint>
<DataPoint>8</DataPoint>
<DataPoint>7</DataPoint>
<DataPoint>9</DataPoint>
<DataPoint>7</DataPoint>
<DataPoint>8</DataPoint>
<DataPoint>4</DataPoint>
<DataPoint>5</DataPoint>
<DataPoint>8</DataPoint>
<DataPoint>9</DataPoint>
<DataPoint>7</DataPoint>
<DataPoint>8</DataPoint>
<DataPoint>7</DataPoint>
<DataPoint>13</DataPoint>
<DataPoint>9</DataPoint>
<DataPoint>7</DataPoint>
<DataPoint>6</DataPoint>
<DataPoint>9</DataPoint>
<DataPoint>10</DataPoint>
<DataPoint>9</DataPoint>
<DataPoint>6</DataPoint>
<DataPoint>15</DataPoint>
<DataPoint>9</DataPoint>
<DataPoint>7</DataPoint>
<DataPoint>5</DataPoint>
<DataPoint>8</DataPoint>
<DataPoint>11</DataPoint>
<DataPoint>5</DataPoint>
<DataPoint>6</DataPoint>
<DataPoint>7</DataPoint>
<DataPoint>8</DataPoint>
<DataPoint>9</DataPoint>
<DataPoint>7</DataPoint>
<DataPoint>7</DataPoint>
<DataPoint>7</DataPoint>
<DataPoint>0</DataPoint>
<DataPoint>6</DataPoint>
<DataPoint>8</DataPoint>
<DataPoint>10</DataPoint>
<DataPoint>5</DataPoint>
<DataPoint>8</DataPoint>
<DataPoint>2</DataPoint>
<DataPoint>10</DataPoint>
<DataPoint>9</DataPoint>
<DataPoint>3</DataPoint>
<DataPoint>9</DataPoint>
<DataPoint>7</DataPoint>
<DataPoint>4</DataPoint>
<DataPoint>7</DataPoint>
<DataPoint>2</DataPoint>
<DataPoint>4</DataPoint>
<DataPoint>5</DataPoint>
<DataPoint>8</DataPoint>
<DataPoint>6</DataPoint>
<DataPoint>7</DataPoint>
<DataPoint>9</DataPoint>
<DataPoint>5</DataPoint>
<DataPoint>8</DataPoint>
<DataPoint>6</DataPoint>
<DataPoint>3</DataPoint>
<DataPoint>8</DataPoint>
<DataPoint>4</DataPoint>
<DataPoint>9</DataPoint>
<DataPoint>4</DataPoint>
<DataPoint>8</DataPoint>
<DataPoint>5</DataPoint>
<DataPoint>4</DataPoint>
<DataPoint>4</DataPoint>
<DataPoint>7</DataPoint>
<DataPoint>9</DataPoint>
<DataPoint>7</DataPoint>
<DataPoint>5</DataPoint>
<DataPoint>4</DataPoint>
<DataPoint>3</DataPoint>
<DataPoint>13</DataPoint>
<DataPoint>14</DataPoint>
<DataPoint>8</DataPoint>
<DataPoint>4</DataPoint>
<DataPoint>8</DataPoint>
<DataPoint>5</DataPoint>
<DataPoint>5</DataPoint>
<DataPoint>7</DataPoint>
<DataPoint>3</DataPoint>
<DataPoint>2</DataPoint>
<DataPoint>5</DataPoint>
<DataPoint>10</DataPoint>
<DataPoint>5</DataPoint>
<DataPoint>10</DataPoint>
<DataPoint>5</DataPoint>
<DataPoint>6</DataPoint>
<DataPoint>9</DataPoint>
<DataPoint>5</DataPoint>
<DataPoint>10</DataPoint>
<DataPoint>1</DataPoint>
<DataPoint>9</DataPoint>
<DataPoint>7</DataPoint>
<DataPoint>5</DataPoint>
<DataPoint>3</DataPoint>
<DataPoint>6</DataPoint>
<DataPoint>7</DataPoint>
<DataPoint>4</DataPoint>
<DataPoint>7</DataPoint>
<DataPoint>6</DataPoint>
<DataPoint>5</DataPoint>
<DataPoint>9</DataPoint>
<DataPoint>3</DataPoint>
<DataPoint>3</DataPoint>
<DataPoint>10</DataPoint>
<DataPoint>4</DataPoint>
<DataPoint>3</DataPoint>
<DataPoint>6</DataPoint>
<DataPoint>3</DataPoint>
<DataPoint>4</DataPoint>
<DataPoint>5</DataPoint>
<DataPoint>3</DataPoint>
<DataPoint>12</DataPoint>
<DataPoint>4</DataPoint>
<DataPoint>4</DataPoint>
<DataPoint>6</DataPoint>
<DataPoint>3</DataPoint>
<DataPoint>1</DataPoint>
<DataPoint>7</DataPoint>
<DataPoint>4</DataPoint>
<DataPoint>6</DataPoint>
<DataPoint>5</DataPoint>
<DataPoint>4</DataPoint>
<DataPoint>3</DataPoint>
<DataPoint>3</DataPoint>
<DataPoint>4</DataPoint>
<DataPoint>3</DataPoint>
<DataPoint>3</DataPoint>
<DataPoint>1</DataPoint>
<DataPoint>2</DataPoint>
<DataPoint>0</DataPoint>
<DataPoint>3</DataPoint>
<DataPoint>2</DataPoint>
<DataPoint>7</DataPoint>
<DataPoint>3</DataPoint>
<DataPoint>5</DataPoint>
<DataPoint>4</DataPoint>
<DataPoint>6</DataPoint>
<DataPoint>4</DataPoint>
<DataPoint>1</DataPoint>
<DataPoint>9</DataPoint>
<DataPoint>6</DataPoint>
<DataPoint>2</DataPoint>
<DataPoint>7</DataPoint>
<DataPoint>5</DataPoint>
<DataPoint>4</DataPoint>
<DataPoint>4</DataPoint>
<DataPoint>2</DataPoint>
<DataPoint>2</DataPoint>
<DataPoint>3</DataPoint>
<DataPoint>5</DataPoint>
<DataPoint>9</DataPoint>
<DataPoint>6</DataPoint>
<DataPoint>5</DataPoint>
<DataPoint>7</DataPoint>
<DataPoint>2</DataPoint>
<DataPoint>1</DataPoint>
<DataPoint>2</DataPoint>
<DataPoint>7</DataPoint>
<DataPoint>7</DataPoint>
<DataPoint>4</DataPoint>
<DataPoint>9</DataPoint>
<DataPoint>6</DataPoint>
<DataPoint>5</DataPoint>
<DataPoint>7</DataPoint>
<DataPoint>5</DataPoint>
<DataPoint>6</DataPoint>
<DataPoint>4</DataPoint>
<DataPoint>2</DataPoint>
<DataPoint>2</DataPoint>
<DataPoint>4</DataPoint>
<DataPoint>3</DataPoint>
<DataPoint>5</DataPoint>
<DataPoint>5</DataPoint>
<DataPoint>3</DataPoint>
<DataPoint>2</DataPoint>
<DataPoint>5</DataPoint>
<DataPoint>2</DataPoint>
<DataPoint>2</DataPoint>
<DataPoint>6</DataPoint>
<DataPoint>3</DataPoint>
<DataPoint>3</DataPoint>
<DataPoint>6</DataPoint>
<DataPoint>2</DataPoint>
<DataPoint>5</DataPoint>
<DataPoint>5</DataPoint>
<DataPoint>8</DataPoint>
<DataPoint>1</DataPoint>
<DataPoint>1</DataPoint>
<DataPoint>1</DataPoint>
<DataPoint>3</DataPoint>
<DataPoint>1</DataPoint>
<DataPoint>3</DataPoint>
<DataPoint>2</DataPoint>
<DataPoint>4</DataPoint>
<DataPoint>4</DataPoint>
<DataPoint>5</DataPoint>
<DataPoint>2</DataPoint>
<DataPoint>2</DataPoint>
<DataPoint>2</DataPoint>
<DataPoint>8</DataPoint>
<DataPoint>9</DataPoint>
<DataPoint>4</DataPoint>
<DataPoint>1</DataPoint>
<DataPoint>1</DataPoint>
<DataPoint>3</DataPoint>
<DataPoint>4</DataPoint>
<DataPoint>3</DataPoint>
<DataPoint>5</DataPoint>
<DataPoint>7</DataPoint>
<DataPoint>6</DataPoint>
<DataPoint>5871</DataPoint>

  </Spectrum>
 </EnergySpectrum>


      

      <Visible>true</Visible>
      <PulseCollection>
        <Format>Base64 encoded binary</Format>
        <Pulses />
      </PulseCollection>
    </ResultData>
  </ResultDataList>
</ResultDataFile>
