<?xml version="1.0"?>
<ResultDataFile xmlns:xsd="http://www.w3.org/2001/XMLSchema" xmlns:xsi="http://www.w3.org/2001/XMLSchema-instance">
  <FormatVersion>120920</FormatVersion>
  <ResultDataList>
    <ResultData>
      <DeviceConfigReference>
        <Name>RadiaCode-102</Name>
      </DeviceConfigReference>
      <SampleInfo>
        <Name><![CDATA[Spectrum_2025-05-15 15-40-53]]></Name>
        <Note><![CDATA[]]></Note>
      </SampleInfo>
      <BackgroundSpectrumFile><![CDATA[]]></BackgroundSpectrumFile>

       <StartTime>2025-05-03T08:01:59</StartTime>
 <EndTime>2025-05-15T13:40:53</EndTime>

 <EnergySpectrum>
  <NumberOfChannels>1024</NumberOfChannels>
  <ChannelPitch>1</ChannelPitch>
  <SpectrumName><![CDATA[Spectrum_2025-05-15 15-40-53]]></SpectrumName>
  <Comment></Comment>
  <SerialNumber>RC-102-000590</SerialNumber>
  <EnergyCalibration>
    <PolynomialOrder>2</PolynomialOrder>
    <Coefficients>
      <Coefficient>0.0</Coefficient>
      <Coefficient>2.587912</Coefficient>
      <Coefficient>3.9374965E-4</Coefficient>
    </Coefficients>
  </EnergyCalibration>
  <MeasurementTime>1057134</MeasurementTime>
  <LiveTime>1057015.6</LiveTime>
  <Spectrum>
    <DataPoint>36</DataPoint>
<DataPoint>2159</DataPoint>
<DataPoint>12435</DataPoint>
<DataPoint>18475</DataPoint>
<DataPoint>12263</DataPoint>
<DataPoint>8354</DataPoint>
<DataPoint>9445</DataPoint>
<DataPoint>28288</DataPoint>
<DataPoint>73598</DataPoint>
<DataPoint>97222</DataPoint>
<DataPoint>99927</DataPoint>
<DataPoint>105728</DataPoint>
<DataPoint>113339</DataPoint>
<DataPoint>121818</DataPoint>
<DataPoint>134572</DataPoint>
<DataPoint>146190</DataPoint>
<DataPoint>160550</DataPoint>
<DataPoint>171347</DataPoint>
<DataPoint>179441</DataPoint>
<DataPoint>183584</DataPoint>
<DataPoint>187818</DataPoint>
<DataPoint>194151</DataPoint>
<DataPoint>204670</DataPoint>
<DataPoint>220141</DataPoint>
<DataPoint>244972</DataPoint>
<DataPoint>274129</DataPoint>
<DataPoint>313195</DataPoint>
<DataPoint>362274</DataPoint>
<DataPoint>420322</DataPoint>
<DataPoint>484989</DataPoint>
<DataPoint>545283</DataPoint>
<DataPoint>592970</DataPoint>
<DataPoint>618696</DataPoint>
<DataPoint>620489</DataPoint>
<DataPoint>600614</DataPoint>
<DataPoint>564262</DataPoint>
<DataPoint>518767</DataPoint>
<DataPoint>471358</DataPoint>
<DataPoint>422094</DataPoint>
<DataPoint>376738</DataPoint>
<DataPoint>333773</DataPoint>
<DataPoint>295063</DataPoint>
<DataPoint>260690</DataPoint>
<DataPoint>231853</DataPoint>
<DataPoint>209929</DataPoint>
<DataPoint>191219</DataPoint>
<DataPoint>178305</DataPoint>
<DataPoint>168102</DataPoint>
<DataPoint>161871</DataPoint>
<DataPoint>157598</DataPoint>
<DataPoint>154125</DataPoint>
<DataPoint>152060</DataPoint>
<DataPoint>149325</DataPoint>
<DataPoint>146332</DataPoint>
<DataPoint>143633</DataPoint>
<DataPoint>137880</DataPoint>
<DataPoint>133242</DataPoint>
<DataPoint>128882</DataPoint>
<DataPoint>123565</DataPoint>
<DataPoint>119141</DataPoint>
<DataPoint>115134</DataPoint>
<DataPoint>110024</DataPoint>
<DataPoint>106821</DataPoint>
<DataPoint>103096</DataPoint>
<DataPoint>99484</DataPoint>
<DataPoint>96457</DataPoint>
<DataPoint>94301</DataPoint>
<DataPoint>91212</DataPoint>
<DataPoint>89697</DataPoint>
<DataPoint>87555</DataPoint>
<DataPoint>86122</DataPoint>
<DataPoint>84956</DataPoint>
<DataPoint>84739</DataPoint>
<DataPoint>84112</DataPoint>
<DataPoint>84029</DataPoint>
<DataPoint>84553</DataPoint>
<DataPoint>85512</DataPoint>
<DataPoint>86240</DataPoint>
<DataPoint>88368</DataPoint>
<DataPoint>89716</DataPoint>
<DataPoint>92551</DataPoint>
<DataPoint>95171</DataPoint>
<DataPoint>98779</DataPoint>
<DataPoint>103234</DataPoint>
<DataPoint>109909</DataPoint>
<DataPoint>116510</DataPoint>
<DataPoint>123844</DataPoint>
<DataPoint>133282</DataPoint>
<DataPoint>142355</DataPoint>
<DataPoint>152344</DataPoint>
<DataPoint>162128</DataPoint>
<DataPoint>170059</DataPoint>
<DataPoint>176717</DataPoint>
<DataPoint>181737</DataPoint>
<DataPoint>183346</DataPoint>
<DataPoint>182347</DataPoint>
<DataPoint>178328</DataPoint>
<DataPoint>170771</DataPoint>
<DataPoint>161519</DataPoint>
<DataPoint>151680</DataPoint>
<DataPoint>139242</DataPoint>
<DataPoint>126915</DataPoint>
<DataPoint>114915</DataPoint>
<DataPoint>102783</DataPoint>
<DataPoint>92903</DataPoint>
<DataPoint>84017</DataPoint>
<DataPoint>75754</DataPoint>
<DataPoint>69518</DataPoint>
<DataPoint>63459</DataPoint>
<DataPoint>59351</DataPoint>
<DataPoint>55717</DataPoint>
<DataPoint>53327</DataPoint>
<DataPoint>50429</DataPoint>
<DataPoint>48545</DataPoint>
<DataPoint>46962</DataPoint>
<DataPoint>45932</DataPoint>
<DataPoint>44676</DataPoint>
<DataPoint>43427</DataPoint>
<DataPoint>43223</DataPoint>
<DataPoint>42724</DataPoint>
<DataPoint>42420</DataPoint>
<DataPoint>42469</DataPoint>
<DataPoint>42322</DataPoint>
<DataPoint>42403</DataPoint>
<DataPoint>43116</DataPoint>
<DataPoint>43326</DataPoint>
<DataPoint>43191</DataPoint>
<DataPoint>43341</DataPoint>
<DataPoint>43618</DataPoint>
<DataPoint>42971</DataPoint>
<DataPoint>43224</DataPoint>
<DataPoint>42595</DataPoint>
<DataPoint>41923</DataPoint>
<DataPoint>41151</DataPoint>
<DataPoint>39522</DataPoint>
<DataPoint>38465</DataPoint>
<DataPoint>36798</DataPoint>
<DataPoint>35591</DataPoint>
<DataPoint>34175</DataPoint>
<DataPoint>32280</DataPoint>
<DataPoint>30509</DataPoint>
<DataPoint>29147</DataPoint>
<DataPoint>27387</DataPoint>
<DataPoint>26164</DataPoint>
<DataPoint>25122</DataPoint>
<DataPoint>23618</DataPoint>
<DataPoint>22810</DataPoint>
<DataPoint>21742</DataPoint>
<DataPoint>21410</DataPoint>
<DataPoint>20630</DataPoint>
<DataPoint>19968</DataPoint>
<DataPoint>19655</DataPoint>
<DataPoint>19363</DataPoint>
<DataPoint>18774</DataPoint>
<DataPoint>18395</DataPoint>
<DataPoint>17830</DataPoint>
<DataPoint>17900</DataPoint>
<DataPoint>17791</DataPoint>
<DataPoint>17483</DataPoint>
<DataPoint>17134</DataPoint>
<DataPoint>16955</DataPoint>
<DataPoint>16783</DataPoint>
<DataPoint>16946</DataPoint>
<DataPoint>16761</DataPoint>
<DataPoint>16781</DataPoint>
<DataPoint>16570</DataPoint>
<DataPoint>16459</DataPoint>
<DataPoint>16319</DataPoint>
<DataPoint>16221</DataPoint>
<DataPoint>16297</DataPoint>
<DataPoint>16095</DataPoint>
<DataPoint>16285</DataPoint>
<DataPoint>16360</DataPoint>
<DataPoint>16323</DataPoint>
<DataPoint>16093</DataPoint>
<DataPoint>16204</DataPoint>
<DataPoint>16494</DataPoint>
<DataPoint>16335</DataPoint>
<DataPoint>16381</DataPoint>
<DataPoint>16322</DataPoint>
<DataPoint>16460</DataPoint>
<DataPoint>16434</DataPoint>
<DataPoint>16675</DataPoint>
<DataPoint>16408</DataPoint>
<DataPoint>16678</DataPoint>
<DataPoint>16692</DataPoint>
<DataPoint>16562</DataPoint>
<DataPoint>16709</DataPoint>
<DataPoint>16337</DataPoint>
<DataPoint>16566</DataPoint>
<DataPoint>16805</DataPoint>
<DataPoint>16498</DataPoint>
<DataPoint>16684</DataPoint>
<DataPoint>16419</DataPoint>
<DataPoint>16472</DataPoint>
<DataPoint>16667</DataPoint>
<DataPoint>16336</DataPoint>
<DataPoint>16331</DataPoint>
<DataPoint>16565</DataPoint>
<DataPoint>16234</DataPoint>
<DataPoint>16413</DataPoint>
<DataPoint>16205</DataPoint>
<DataPoint>16050</DataPoint>
<DataPoint>16578</DataPoint>
<DataPoint>16366</DataPoint>
<DataPoint>16403</DataPoint>
<DataPoint>16444</DataPoint>
<DataPoint>16885</DataPoint>
<DataPoint>17008</DataPoint>
<DataPoint>17440</DataPoint>
<DataPoint>17477</DataPoint>
<DataPoint>17646</DataPoint>
<DataPoint>17947</DataPoint>
<DataPoint>18379</DataPoint>
<DataPoint>18376</DataPoint>
<DataPoint>18747</DataPoint>
<DataPoint>18937</DataPoint>
<DataPoint>19016</DataPoint>
<DataPoint>19021</DataPoint>
<DataPoint>19187</DataPoint>
<DataPoint>19301</DataPoint>
<DataPoint>19208</DataPoint>
<DataPoint>18634</DataPoint>
<DataPoint>18726</DataPoint>
<DataPoint>18500</DataPoint>
<DataPoint>18119</DataPoint>
<DataPoint>18118</DataPoint>
<DataPoint>17414</DataPoint>
<DataPoint>16771</DataPoint>
<DataPoint>16518</DataPoint>
<DataPoint>15809</DataPoint>
<DataPoint>15141</DataPoint>
<DataPoint>14908</DataPoint>
<DataPoint>14271</DataPoint>
<DataPoint>13550</DataPoint>
<DataPoint>13172</DataPoint>
<DataPoint>12832</DataPoint>
<DataPoint>12238</DataPoint>
<DataPoint>12041</DataPoint>
<DataPoint>11715</DataPoint>
<DataPoint>11182</DataPoint>
<DataPoint>10836</DataPoint>
<DataPoint>10577</DataPoint>
<DataPoint>10221</DataPoint>
<DataPoint>10079</DataPoint>
<DataPoint>9781</DataPoint>
<DataPoint>9631</DataPoint>
<DataPoint>9405</DataPoint>
<DataPoint>9391</DataPoint>
<DataPoint>9388</DataPoint>
<DataPoint>9236</DataPoint>
<DataPoint>9035</DataPoint>
<DataPoint>8904</DataPoint>
<DataPoint>8741</DataPoint>
<DataPoint>8971</DataPoint>
<DataPoint>8905</DataPoint>
<DataPoint>8674</DataPoint>
<DataPoint>8806</DataPoint>
<DataPoint>8768</DataPoint>
<DataPoint>8645</DataPoint>
<DataPoint>8446</DataPoint>
<DataPoint>8717</DataPoint>
<DataPoint>8424</DataPoint>
<DataPoint>8601</DataPoint>
<DataPoint>8217</DataPoint>
<DataPoint>8423</DataPoint>
<DataPoint>8375</DataPoint>
<DataPoint>8208</DataPoint>
<DataPoint>8230</DataPoint>
<DataPoint>8246</DataPoint>
<DataPoint>8046</DataPoint>
<DataPoint>8009</DataPoint>
<DataPoint>7928</DataPoint>
<DataPoint>7904</DataPoint>
<DataPoint>7853</DataPoint>
<DataPoint>7649</DataPoint>
<DataPoint>7503</DataPoint>
<DataPoint>7525</DataPoint>
<DataPoint>7485</DataPoint>
<DataPoint>7392</DataPoint>
<DataPoint>7371</DataPoint>
<DataPoint>7188</DataPoint>
<DataPoint>7060</DataPoint>
<DataPoint>7028</DataPoint>
<DataPoint>6802</DataPoint>
<DataPoint>6677</DataPoint>
<DataPoint>6602</DataPoint>
<DataPoint>6320</DataPoint>
<DataPoint>6392</DataPoint>
<DataPoint>6212</DataPoint>
<DataPoint>6255</DataPoint>
<DataPoint>6131</DataPoint>
<DataPoint>6165</DataPoint>
<DataPoint>5991</DataPoint>
<DataPoint>5973</DataPoint>
<DataPoint>5806</DataPoint>
<DataPoint>5752</DataPoint>
<DataPoint>5575</DataPoint>
<DataPoint>5564</DataPoint>
<DataPoint>5528</DataPoint>
<DataPoint>5441</DataPoint>
<DataPoint>5417</DataPoint>
<DataPoint>5343</DataPoint>
<DataPoint>5238</DataPoint>
<DataPoint>5161</DataPoint>
<DataPoint>5193</DataPoint>
<DataPoint>5259</DataPoint>
<DataPoint>5247</DataPoint>
<DataPoint>5123</DataPoint>
<DataPoint>5198</DataPoint>
<DataPoint>5174</DataPoint>
<DataPoint>5120</DataPoint>
<DataPoint>5226</DataPoint>
<DataPoint>5147</DataPoint>
<DataPoint>5226</DataPoint>
<DataPoint>5375</DataPoint>
<DataPoint>5217</DataPoint>
<DataPoint>5188</DataPoint>
<DataPoint>5422</DataPoint>
<DataPoint>5502</DataPoint>
<DataPoint>5364</DataPoint>
<DataPoint>5605</DataPoint>
<DataPoint>5561</DataPoint>
<DataPoint>5516</DataPoint>
<DataPoint>5676</DataPoint>
<DataPoint>5707</DataPoint>
<DataPoint>5782</DataPoint>
<DataPoint>5894</DataPoint>
<DataPoint>5924</DataPoint>
<DataPoint>6144</DataPoint>
<DataPoint>6174</DataPoint>
<DataPoint>6074</DataPoint>
<DataPoint>6096</DataPoint>
<DataPoint>6458</DataPoint>
<DataPoint>6399</DataPoint>
<DataPoint>6347</DataPoint>
<DataPoint>6563</DataPoint>
<DataPoint>6377</DataPoint>
<DataPoint>6336</DataPoint>
<DataPoint>6427</DataPoint>
<DataPoint>6310</DataPoint>
<DataPoint>6516</DataPoint>
<DataPoint>6430</DataPoint>
<DataPoint>6344</DataPoint>
<DataPoint>6346</DataPoint>
<DataPoint>6159</DataPoint>
<DataPoint>6069</DataPoint>
<DataPoint>6144</DataPoint>
<DataPoint>6075</DataPoint>
<DataPoint>5955</DataPoint>
<DataPoint>5923</DataPoint>
<DataPoint>5828</DataPoint>
<DataPoint>5672</DataPoint>
<DataPoint>5640</DataPoint>
<DataPoint>5422</DataPoint>
<DataPoint>5427</DataPoint>
<DataPoint>5314</DataPoint>
<DataPoint>5098</DataPoint>
<DataPoint>5065</DataPoint>
<DataPoint>4913</DataPoint>
<DataPoint>4884</DataPoint>
<DataPoint>4636</DataPoint>
<DataPoint>4699</DataPoint>
<DataPoint>4430</DataPoint>
<DataPoint>4368</DataPoint>
<DataPoint>4271</DataPoint>
<DataPoint>4012</DataPoint>
<DataPoint>3968</DataPoint>
<DataPoint>3857</DataPoint>
<DataPoint>3857</DataPoint>
<DataPoint>3723</DataPoint>
<DataPoint>3549</DataPoint>
<DataPoint>3343</DataPoint>
<DataPoint>3358</DataPoint>
<DataPoint>3243</DataPoint>
<DataPoint>3205</DataPoint>
<DataPoint>3080</DataPoint>
<DataPoint>3032</DataPoint>
<DataPoint>2920</DataPoint>
<DataPoint>2830</DataPoint>
<DataPoint>2828</DataPoint>
<DataPoint>2770</DataPoint>
<DataPoint>2665</DataPoint>
<DataPoint>2614</DataPoint>
<DataPoint>2530</DataPoint>
<DataPoint>2492</DataPoint>
<DataPoint>2467</DataPoint>
<DataPoint>2436</DataPoint>
<DataPoint>2335</DataPoint>
<DataPoint>2383</DataPoint>
<DataPoint>2363</DataPoint>
<DataPoint>2280</DataPoint>
<DataPoint>2294</DataPoint>
<DataPoint>2238</DataPoint>
<DataPoint>2222</DataPoint>
<DataPoint>2235</DataPoint>
<DataPoint>2231</DataPoint>
<DataPoint>2113</DataPoint>
<DataPoint>2154</DataPoint>
<DataPoint>2089</DataPoint>
<DataPoint>2128</DataPoint>
<DataPoint>2225</DataPoint>
<DataPoint>2129</DataPoint>
<DataPoint>2129</DataPoint>
<DataPoint>2096</DataPoint>
<DataPoint>2114</DataPoint>
<DataPoint>2100</DataPoint>
<DataPoint>2074</DataPoint>
<DataPoint>2133</DataPoint>
<DataPoint>2063</DataPoint>
<DataPoint>2032</DataPoint>
<DataPoint>2030</DataPoint>
<DataPoint>2040</DataPoint>
<DataPoint>1918</DataPoint>
<DataPoint>2052</DataPoint>
<DataPoint>1937</DataPoint>
<DataPoint>2048</DataPoint>
<DataPoint>1938</DataPoint>
<DataPoint>1870</DataPoint>
<DataPoint>1978</DataPoint>
<DataPoint>1900</DataPoint>
<DataPoint>1855</DataPoint>
<DataPoint>1901</DataPoint>
<DataPoint>1883</DataPoint>
<DataPoint>1801</DataPoint>
<DataPoint>1843</DataPoint>
<DataPoint>1902</DataPoint>
<DataPoint>1750</DataPoint>
<DataPoint>1873</DataPoint>
<DataPoint>1840</DataPoint>
<DataPoint>1836</DataPoint>
<DataPoint>1792</DataPoint>
<DataPoint>1772</DataPoint>
<DataPoint>1776</DataPoint>
<DataPoint>1742</DataPoint>
<DataPoint>1736</DataPoint>
<DataPoint>1771</DataPoint>
<DataPoint>1693</DataPoint>
<DataPoint>1700</DataPoint>
<DataPoint>1663</DataPoint>
<DataPoint>1752</DataPoint>
<DataPoint>1647</DataPoint>
<DataPoint>1660</DataPoint>
<DataPoint>1661</DataPoint>
<DataPoint>1554</DataPoint>
<DataPoint>1640</DataPoint>
<DataPoint>1604</DataPoint>
<DataPoint>1636</DataPoint>
<DataPoint>1587</DataPoint>
<DataPoint>1645</DataPoint>
<DataPoint>1558</DataPoint>
<DataPoint>1530</DataPoint>
<DataPoint>1563</DataPoint>
<DataPoint>1517</DataPoint>
<DataPoint>1506</DataPoint>
<DataPoint>1499</DataPoint>
<DataPoint>1603</DataPoint>
<DataPoint>1544</DataPoint>
<DataPoint>1520</DataPoint>
<DataPoint>1459</DataPoint>
<DataPoint>1496</DataPoint>
<DataPoint>1515</DataPoint>
<DataPoint>1452</DataPoint>
<DataPoint>1398</DataPoint>
<DataPoint>1429</DataPoint>
<DataPoint>1460</DataPoint>
<DataPoint>1420</DataPoint>
<DataPoint>1470</DataPoint>
<DataPoint>1423</DataPoint>
<DataPoint>1409</DataPoint>
<DataPoint>1356</DataPoint>
<DataPoint>1341</DataPoint>
<DataPoint>1331</DataPoint>
<DataPoint>1353</DataPoint>
<DataPoint>1376</DataPoint>
<DataPoint>1329</DataPoint>
<DataPoint>1252</DataPoint>
<DataPoint>1336</DataPoint>
<DataPoint>1345</DataPoint>
<DataPoint>1319</DataPoint>
<DataPoint>1250</DataPoint>
<DataPoint>1235</DataPoint>
<DataPoint>1256</DataPoint>
<DataPoint>1269</DataPoint>
<DataPoint>1218</DataPoint>
<DataPoint>1216</DataPoint>
<DataPoint>1152</DataPoint>
<DataPoint>1193</DataPoint>
<DataPoint>1194</DataPoint>
<DataPoint>1220</DataPoint>
<DataPoint>1137</DataPoint>
<DataPoint>1243</DataPoint>
<DataPoint>1254</DataPoint>
<DataPoint>1197</DataPoint>
<DataPoint>1201</DataPoint>
<DataPoint>1176</DataPoint>
<DataPoint>1130</DataPoint>
<DataPoint>1144</DataPoint>
<DataPoint>1214</DataPoint>
<DataPoint>1173</DataPoint>
<DataPoint>1157</DataPoint>
<DataPoint>1134</DataPoint>
<DataPoint>1094</DataPoint>
<DataPoint>1200</DataPoint>
<DataPoint>1130</DataPoint>
<DataPoint>1131</DataPoint>
<DataPoint>1171</DataPoint>
<DataPoint>1140</DataPoint>
<DataPoint>1192</DataPoint>
<DataPoint>1168</DataPoint>
<DataPoint>1198</DataPoint>
<DataPoint>1137</DataPoint>
<DataPoint>1122</DataPoint>
<DataPoint>1088</DataPoint>
<DataPoint>1146</DataPoint>
<DataPoint>1125</DataPoint>
<DataPoint>1188</DataPoint>
<DataPoint>1090</DataPoint>
<DataPoint>1136</DataPoint>
<DataPoint>1154</DataPoint>
<DataPoint>1170</DataPoint>
<DataPoint>1216</DataPoint>
<DataPoint>1181</DataPoint>
<DataPoint>1148</DataPoint>
<DataPoint>1107</DataPoint>
<DataPoint>1158</DataPoint>
<DataPoint>1204</DataPoint>
<DataPoint>1142</DataPoint>
<DataPoint>1185</DataPoint>
<DataPoint>1228</DataPoint>
<DataPoint>1264</DataPoint>
<DataPoint>1285</DataPoint>
<DataPoint>1372</DataPoint>
<DataPoint>1306</DataPoint>
<DataPoint>1372</DataPoint>
<DataPoint>1284</DataPoint>
<DataPoint>1374</DataPoint>
<DataPoint>1313</DataPoint>
<DataPoint>1347</DataPoint>
<DataPoint>1384</DataPoint>
<DataPoint>1393</DataPoint>
<DataPoint>1421</DataPoint>
<DataPoint>1417</DataPoint>
<DataPoint>1506</DataPoint>
<DataPoint>1448</DataPoint>
<DataPoint>1507</DataPoint>
<DataPoint>1544</DataPoint>
<DataPoint>1540</DataPoint>
<DataPoint>1503</DataPoint>
<DataPoint>1596</DataPoint>
<DataPoint>1515</DataPoint>
<DataPoint>1557</DataPoint>
<DataPoint>1637</DataPoint>
<DataPoint>1666</DataPoint>
<DataPoint>1689</DataPoint>
<DataPoint>1626</DataPoint>
<DataPoint>1677</DataPoint>
<DataPoint>1621</DataPoint>
<DataPoint>1653</DataPoint>
<DataPoint>1638</DataPoint>
<DataPoint>1720</DataPoint>
<DataPoint>1695</DataPoint>
<DataPoint>1698</DataPoint>
<DataPoint>1724</DataPoint>
<DataPoint>1783</DataPoint>
<DataPoint>1736</DataPoint>
<DataPoint>1773</DataPoint>
<DataPoint>1756</DataPoint>
<DataPoint>1698</DataPoint>
<DataPoint>1620</DataPoint>
<DataPoint>1649</DataPoint>
<DataPoint>1654</DataPoint>
<DataPoint>1636</DataPoint>
<DataPoint>1655</DataPoint>
<DataPoint>1640</DataPoint>
<DataPoint>1640</DataPoint>
<DataPoint>1636</DataPoint>
<DataPoint>1513</DataPoint>
<DataPoint>1527</DataPoint>
<DataPoint>1585</DataPoint>
<DataPoint>1440</DataPoint>
<DataPoint>1457</DataPoint>
<DataPoint>1429</DataPoint>
<DataPoint>1404</DataPoint>
<DataPoint>1350</DataPoint>
<DataPoint>1369</DataPoint>
<DataPoint>1317</DataPoint>
<DataPoint>1251</DataPoint>
<DataPoint>1250</DataPoint>
<DataPoint>1244</DataPoint>
<DataPoint>1220</DataPoint>
<DataPoint>1159</DataPoint>
<DataPoint>1134</DataPoint>
<DataPoint>1135</DataPoint>
<DataPoint>1185</DataPoint>
<DataPoint>1060</DataPoint>
<DataPoint>1055</DataPoint>
<DataPoint>1019</DataPoint>
<DataPoint>976</DataPoint>
<DataPoint>1032</DataPoint>
<DataPoint>976</DataPoint>
<DataPoint>944</DataPoint>
<DataPoint>965</DataPoint>
<DataPoint>959</DataPoint>
<DataPoint>941</DataPoint>
<DataPoint>866</DataPoint>
<DataPoint>922</DataPoint>
<DataPoint>840</DataPoint>
<DataPoint>847</DataPoint>
<DataPoint>897</DataPoint>
<DataPoint>860</DataPoint>
<DataPoint>831</DataPoint>
<DataPoint>805</DataPoint>
<DataPoint>855</DataPoint>
<DataPoint>831</DataPoint>
<DataPoint>826</DataPoint>
<DataPoint>798</DataPoint>
<DataPoint>839</DataPoint>
<DataPoint>775</DataPoint>
<DataPoint>763</DataPoint>
<DataPoint>800</DataPoint>
<DataPoint>812</DataPoint>
<DataPoint>796</DataPoint>
<DataPoint>775</DataPoint>
<DataPoint>798</DataPoint>
<DataPoint>758</DataPoint>
<DataPoint>767</DataPoint>
<DataPoint>769</DataPoint>
<DataPoint>740</DataPoint>
<DataPoint>766</DataPoint>
<DataPoint>783</DataPoint>
<DataPoint>727</DataPoint>
<DataPoint>745</DataPoint>
<DataPoint>814</DataPoint>
<DataPoint>758</DataPoint>
<DataPoint>766</DataPoint>
<DataPoint>734</DataPoint>
<DataPoint>755</DataPoint>
<DataPoint>716</DataPoint>
<DataPoint>775</DataPoint>
<DataPoint>749</DataPoint>
<DataPoint>780</DataPoint>
<DataPoint>779</DataPoint>
<DataPoint>801</DataPoint>
<DataPoint>745</DataPoint>
<DataPoint>799</DataPoint>
<DataPoint>766</DataPoint>
<DataPoint>747</DataPoint>
<DataPoint>726</DataPoint>
<DataPoint>730</DataPoint>
<DataPoint>754</DataPoint>
<DataPoint>761</DataPoint>
<DataPoint>738</DataPoint>
<DataPoint>714</DataPoint>
<DataPoint>754</DataPoint>
<DataPoint>756</DataPoint>
<DataPoint>724</DataPoint>
<DataPoint>755</DataPoint>
<DataPoint>754</DataPoint>
<DataPoint>765</DataPoint>
<DataPoint>773</DataPoint>
<DataPoint>782</DataPoint>
<DataPoint>730</DataPoint>
<DataPoint>744</DataPoint>
<DataPoint>792</DataPoint>
<DataPoint>731</DataPoint>
<DataPoint>740</DataPoint>
<DataPoint>701</DataPoint>
<DataPoint>678</DataPoint>
<DataPoint>731</DataPoint>
<DataPoint>746</DataPoint>
<DataPoint>672</DataPoint>
<DataPoint>718</DataPoint>
<DataPoint>737</DataPoint>
<DataPoint>743</DataPoint>
<DataPoint>701</DataPoint>
<DataPoint>720</DataPoint>
<DataPoint>759</DataPoint>
<DataPoint>681</DataPoint>
<DataPoint>714</DataPoint>
<DataPoint>676</DataPoint>
<DataPoint>666</DataPoint>
<DataPoint>725</DataPoint>
<DataPoint>726</DataPoint>
<DataPoint>698</DataPoint>
<DataPoint>707</DataPoint>
<DataPoint>759</DataPoint>
<DataPoint>711</DataPoint>
<DataPoint>730</DataPoint>
<DataPoint>698</DataPoint>
<DataPoint>712</DataPoint>
<DataPoint>735</DataPoint>
<DataPoint>760</DataPoint>
<DataPoint>726</DataPoint>
<DataPoint>698</DataPoint>
<DataPoint>746</DataPoint>
<DataPoint>779</DataPoint>
<DataPoint>736</DataPoint>
<DataPoint>731</DataPoint>
<DataPoint>729</DataPoint>
<DataPoint>733</DataPoint>
<DataPoint>739</DataPoint>
<DataPoint>755</DataPoint>
<DataPoint>752</DataPoint>
<DataPoint>726</DataPoint>
<DataPoint>746</DataPoint>
<DataPoint>741</DataPoint>
<DataPoint>734</DataPoint>
<DataPoint>687</DataPoint>
<DataPoint>709</DataPoint>
<DataPoint>775</DataPoint>
<DataPoint>752</DataPoint>
<DataPoint>734</DataPoint>
<DataPoint>761</DataPoint>
<DataPoint>831</DataPoint>
<DataPoint>806</DataPoint>
<DataPoint>763</DataPoint>
<DataPoint>758</DataPoint>
<DataPoint>777</DataPoint>
<DataPoint>800</DataPoint>
<DataPoint>772</DataPoint>
<DataPoint>796</DataPoint>
<DataPoint>762</DataPoint>
<DataPoint>758</DataPoint>
<DataPoint>768</DataPoint>
<DataPoint>803</DataPoint>
<DataPoint>831</DataPoint>
<DataPoint>783</DataPoint>
<DataPoint>796</DataPoint>
<DataPoint>816</DataPoint>
<DataPoint>789</DataPoint>
<DataPoint>861</DataPoint>
<DataPoint>797</DataPoint>
<DataPoint>834</DataPoint>
<DataPoint>775</DataPoint>
<DataPoint>806</DataPoint>
<DataPoint>826</DataPoint>
<DataPoint>821</DataPoint>
<DataPoint>797</DataPoint>
<DataPoint>863</DataPoint>
<DataPoint>873</DataPoint>
<DataPoint>815</DataPoint>
<DataPoint>869</DataPoint>
<DataPoint>852</DataPoint>
<DataPoint>842</DataPoint>
<DataPoint>809</DataPoint>
<DataPoint>830</DataPoint>
<DataPoint>800</DataPoint>
<DataPoint>848</DataPoint>
<DataPoint>815</DataPoint>
<DataPoint>743</DataPoint>
<DataPoint>814</DataPoint>
<DataPoint>836</DataPoint>
<DataPoint>855</DataPoint>
<DataPoint>847</DataPoint>
<DataPoint>753</DataPoint>
<DataPoint>843</DataPoint>
<DataPoint>800</DataPoint>
<DataPoint>777</DataPoint>
<DataPoint>775</DataPoint>
<DataPoint>834</DataPoint>
<DataPoint>821</DataPoint>
<DataPoint>773</DataPoint>
<DataPoint>840</DataPoint>
<DataPoint>839</DataPoint>
<DataPoint>776</DataPoint>
<DataPoint>769</DataPoint>
<DataPoint>768</DataPoint>
<DataPoint>764</DataPoint>
<DataPoint>755</DataPoint>
<DataPoint>777</DataPoint>
<DataPoint>784</DataPoint>
<DataPoint>797</DataPoint>
<DataPoint>812</DataPoint>
<DataPoint>787</DataPoint>
<DataPoint>781</DataPoint>
<DataPoint>780</DataPoint>
<DataPoint>722</DataPoint>
<DataPoint>778</DataPoint>
<DataPoint>731</DataPoint>
<DataPoint>765</DataPoint>
<DataPoint>743</DataPoint>
<DataPoint>741</DataPoint>
<DataPoint>733</DataPoint>
<DataPoint>735</DataPoint>
<DataPoint>698</DataPoint>
<DataPoint>727</DataPoint>
<DataPoint>735</DataPoint>
<DataPoint>786</DataPoint>
<DataPoint>746</DataPoint>
<DataPoint>683</DataPoint>
<DataPoint>670</DataPoint>
<DataPoint>711</DataPoint>
<DataPoint>702</DataPoint>
<DataPoint>728</DataPoint>
<DataPoint>761</DataPoint>
<DataPoint>664</DataPoint>
<DataPoint>628</DataPoint>
<DataPoint>672</DataPoint>
<DataPoint>665</DataPoint>
<DataPoint>658</DataPoint>
<DataPoint>631</DataPoint>
<DataPoint>646</DataPoint>
<DataPoint>650</DataPoint>
<DataPoint>621</DataPoint>
<DataPoint>593</DataPoint>
<DataPoint>590</DataPoint>
<DataPoint>606</DataPoint>
<DataPoint>563</DataPoint>
<DataPoint>598</DataPoint>
<DataPoint>542</DataPoint>
<DataPoint>564</DataPoint>
<DataPoint>500</DataPoint>
<DataPoint>543</DataPoint>
<DataPoint>505</DataPoint>
<DataPoint>523</DataPoint>
<DataPoint>537</DataPoint>
<DataPoint>499</DataPoint>
<DataPoint>506</DataPoint>
<DataPoint>475</DataPoint>
<DataPoint>489</DataPoint>
<DataPoint>504</DataPoint>
<DataPoint>411</DataPoint>
<DataPoint>404</DataPoint>
<DataPoint>427</DataPoint>
<DataPoint>414</DataPoint>
<DataPoint>401</DataPoint>
<DataPoint>366</DataPoint>
<DataPoint>357</DataPoint>
<DataPoint>366</DataPoint>
<DataPoint>348</DataPoint>
<DataPoint>332</DataPoint>
<DataPoint>394</DataPoint>
<DataPoint>376</DataPoint>
<DataPoint>357</DataPoint>
<DataPoint>350</DataPoint>
<DataPoint>312</DataPoint>
<DataPoint>313</DataPoint>
<DataPoint>350</DataPoint>
<DataPoint>309</DataPoint>
<DataPoint>254</DataPoint>
<DataPoint>280</DataPoint>
<DataPoint>299</DataPoint>
<DataPoint>258</DataPoint>
<DataPoint>286</DataPoint>
<DataPoint>281</DataPoint>
<DataPoint>272</DataPoint>
<DataPoint>273</DataPoint>
<DataPoint>267</DataPoint>
<DataPoint>270</DataPoint>
<DataPoint>251</DataPoint>
<DataPoint>256</DataPoint>
<DataPoint>246</DataPoint>
<DataPoint>255</DataPoint>
<DataPoint>258</DataPoint>
<DataPoint>243</DataPoint>
<DataPoint>239</DataPoint>
<DataPoint>224</DataPoint>
<DataPoint>234</DataPoint>
<DataPoint>222</DataPoint>
<DataPoint>259</DataPoint>
<DataPoint>292</DataPoint>
<DataPoint>244</DataPoint>
<DataPoint>269</DataPoint>
<DataPoint>289</DataPoint>
<DataPoint>256</DataPoint>
<DataPoint>253</DataPoint>
<DataPoint>266</DataPoint>
<DataPoint>285</DataPoint>
<DataPoint>277</DataPoint>
<DataPoint>301</DataPoint>
<DataPoint>283</DataPoint>
<DataPoint>276</DataPoint>
<DataPoint>316</DataPoint>
<DataPoint>271</DataPoint>
<DataPoint>274</DataPoint>
<DataPoint>310</DataPoint>
<DataPoint>343</DataPoint>
<DataPoint>284</DataPoint>
<DataPoint>281</DataPoint>
<DataPoint>303</DataPoint>
<DataPoint>289</DataPoint>
<DataPoint>293</DataPoint>
<DataPoint>287</DataPoint>
<DataPoint>304</DataPoint>
<DataPoint>329</DataPoint>
<DataPoint>362</DataPoint>
<DataPoint>320</DataPoint>
<DataPoint>277</DataPoint>
<DataPoint>331</DataPoint>
<DataPoint>325</DataPoint>
<DataPoint>338</DataPoint>
<DataPoint>341</DataPoint>
<DataPoint>295</DataPoint>
<DataPoint>308</DataPoint>
<DataPoint>313</DataPoint>
<DataPoint>343</DataPoint>
<DataPoint>314</DataPoint>
<DataPoint>302</DataPoint>
<DataPoint>324</DataPoint>
<DataPoint>284</DataPoint>
<DataPoint>305</DataPoint>
<DataPoint>293</DataPoint>
<DataPoint>276</DataPoint>
<DataPoint>308</DataPoint>
<DataPoint>285</DataPoint>
<DataPoint>291</DataPoint>
<DataPoint>287</DataPoint>
<DataPoint>266</DataPoint>
<DataPoint>276</DataPoint>
<DataPoint>264</DataPoint>
<DataPoint>267</DataPoint>
<DataPoint>270</DataPoint>
<DataPoint>227</DataPoint>
<DataPoint>210</DataPoint>
<DataPoint>233</DataPoint>
<DataPoint>225</DataPoint>
<DataPoint>224</DataPoint>
<DataPoint>209</DataPoint>
<DataPoint>210</DataPoint>
<DataPoint>193</DataPoint>
<DataPoint>203</DataPoint>
<DataPoint>171</DataPoint>
<DataPoint>150</DataPoint>
<DataPoint>171</DataPoint>
<DataPoint>139</DataPoint>
<DataPoint>123</DataPoint>
<DataPoint>161</DataPoint>
<DataPoint>135</DataPoint>
<DataPoint>124</DataPoint>
<DataPoint>126</DataPoint>
<DataPoint>120</DataPoint>
<DataPoint>126</DataPoint>
<DataPoint>125</DataPoint>
<DataPoint>108</DataPoint>
<DataPoint>98</DataPoint>
<DataPoint>85</DataPoint>
<DataPoint>98</DataPoint>
<DataPoint>85</DataPoint>
<DataPoint>88</DataPoint>
<DataPoint>85</DataPoint>
<DataPoint>79</DataPoint>
<DataPoint>66</DataPoint>
<DataPoint>93</DataPoint>
<DataPoint>65</DataPoint>
<DataPoint>68</DataPoint>
<DataPoint>66</DataPoint>
<DataPoint>68</DataPoint>
<DataPoint>48</DataPoint>
<DataPoint>62</DataPoint>
<DataPoint>52</DataPoint>
<DataPoint>54</DataPoint>
<DataPoint>51</DataPoint>
<DataPoint>51</DataPoint>
<DataPoint>50</DataPoint>
<DataPoint>41</DataPoint>
<DataPoint>53</DataPoint>
<DataPoint>44</DataPoint>
<DataPoint>38</DataPoint>
<DataPoint>44</DataPoint>
<DataPoint>50</DataPoint>
<DataPoint>47</DataPoint>
<DataPoint>47</DataPoint>
<DataPoint>30</DataPoint>
<DataPoint>33</DataPoint>
<DataPoint>40</DataPoint>
<DataPoint>45</DataPoint>
<DataPoint>34</DataPoint>
<DataPoint>30</DataPoint>
<DataPoint>47</DataPoint>
<DataPoint>32</DataPoint>
<DataPoint>38</DataPoint>
<DataPoint>32</DataPoint>
<DataPoint>35</DataPoint>
<DataPoint>42</DataPoint>
<DataPoint>23</DataPoint>
<DataPoint>37</DataPoint>
<DataPoint>39</DataPoint>
<DataPoint>44</DataPoint>
<DataPoint>26</DataPoint>
<DataPoint>24</DataPoint>
<DataPoint>35</DataPoint>
<DataPoint>29</DataPoint>
<DataPoint>40</DataPoint>
<DataPoint>31</DataPoint>
<DataPoint>40</DataPoint>
<DataPoint>26</DataPoint>
<DataPoint>25</DataPoint>
<DataPoint>36</DataPoint>
<DataPoint>27</DataPoint>
<DataPoint>24</DataPoint>
<DataPoint>20</DataPoint>
<DataPoint>36</DataPoint>
<DataPoint>20</DataPoint>
<DataPoint>30</DataPoint>
<DataPoint>23</DataPoint>
<DataPoint>31</DataPoint>
<DataPoint>32</DataPoint>
<DataPoint>24</DataPoint>
<DataPoint>31</DataPoint>
<DataPoint>25</DataPoint>
<DataPoint>32</DataPoint>
<DataPoint>27</DataPoint>
<DataPoint>35</DataPoint>
<DataPoint>29</DataPoint>
<DataPoint>23</DataPoint>
<DataPoint>29</DataPoint>
<DataPoint>28</DataPoint>
<DataPoint>31</DataPoint>
<DataPoint>34</DataPoint>
<DataPoint>28</DataPoint>
<DataPoint>26</DataPoint>
<DataPoint>27</DataPoint>
<DataPoint>37</DataPoint>
<DataPoint>27</DataPoint>
<DataPoint>30</DataPoint>
<DataPoint>26</DataPoint>
<DataPoint>26</DataPoint>
<DataPoint>20</DataPoint>
<DataPoint>29</DataPoint>
<DataPoint>20</DataPoint>
<DataPoint>30</DataPoint>
<DataPoint>27</DataPoint>
<DataPoint>24853</DataPoint>

  </Spectrum>
 </EnergySpectrum>


      

      <Visible>true</Visible>
      <PulseCollection>
        <Format>Base64 encoded binary</Format>
        <Pulses />
      </PulseCollection>
    </ResultData>
  </ResultDataList>
</ResultDataFile>
