<?xml version="1.0"?>
<ResultDataFile xmlns:xsd="http://www.w3.org/2001/XMLSchema" xmlns:xsi="http://www.w3.org/2001/XMLSchema-instance">
  <FormatVersion>120920</FormatVersion>
  <ResultDataList>
    <ResultData>
      <DeviceConfigReference>
        <Name>RadiaCode-102</Name>
      </DeviceConfigReference>
      <SampleInfo>
        <Name><![CDATA[Spectrum_2025-05-15 15-40-53]]></Name>
        <Note><![CDATA[]]></Note>
      </SampleInfo>
      <BackgroundSpectrumFile><![CDATA[]]></BackgroundSpectrumFile>

       <StartTime>2025-05-14T18:18:21</StartTime>
 <EndTime>2025-05-15T13:40:53</EndTime>

 <EnergySpectrum>
  <NumberOfChannels>1024</NumberOfChannels>
  <ChannelPitch>1</ChannelPitch>
  <SpectrumName><![CDATA[Spectrum_2025-05-15 15-40-53]]></SpectrumName>
  <Comment></Comment>
  <SerialNumber>RC-102-000590</SerialNumber>
  <EnergyCalibration>
    <PolynomialOrder>2</PolynomialOrder>
    <Coefficients>
      <Coefficient>0.0</Coefficient>
      <Coefficient>2.587912</Coefficient>
      <Coefficient>3.9374965E-4</Coefficient>
    </Coefficients>
  </EnergyCalibration>
  <MeasurementTime>69752</MeasurementTime>
  <LiveTime>69733.195</LiveTime>
  <Spectrum>
    <DataPoint>3</DataPoint>
<DataPoint>258</DataPoint>
<DataPoint>4073</DataPoint>
<DataPoint>8748</DataPoint>
<DataPoint>6957</DataPoint>
<DataPoint>3818</DataPoint>
<DataPoint>4050</DataPoint>
<DataPoint>7641</DataPoint>
<DataPoint>25531</DataPoint>
<DataPoint>51113</DataPoint>
<DataPoint>64089</DataPoint>
<DataPoint>66735</DataPoint>
<DataPoint>62079</DataPoint>
<DataPoint>50586</DataPoint>
<DataPoint>37910</DataPoint>
<DataPoint>28064</DataPoint>
<DataPoint>25263</DataPoint>
<DataPoint>30096</DataPoint>
<DataPoint>44165</DataPoint>
<DataPoint>67384</DataPoint>
<DataPoint>102738</DataPoint>
<DataPoint>151148</DataPoint>
<DataPoint>209054</DataPoint>
<DataPoint>272066</DataPoint>
<DataPoint>327729</DataPoint>
<DataPoint>364523</DataPoint>
<DataPoint>365751</DataPoint>
<DataPoint>334400</DataPoint>
<DataPoint>274937</DataPoint>
<DataPoint>204306</DataPoint>
<DataPoint>137812</DataPoint>
<DataPoint>84994</DataPoint>
<DataPoint>48550</DataPoint>
<DataPoint>26621</DataPoint>
<DataPoint>15104</DataPoint>
<DataPoint>9712</DataPoint>
<DataPoint>7548</DataPoint>
<DataPoint>6690</DataPoint>
<DataPoint>6548</DataPoint>
<DataPoint>6471</DataPoint>
<DataPoint>6654</DataPoint>
<DataPoint>6769</DataPoint>
<DataPoint>6700</DataPoint>
<DataPoint>6583</DataPoint>
<DataPoint>6560</DataPoint>
<DataPoint>6325</DataPoint>
<DataPoint>5904</DataPoint>
<DataPoint>5554</DataPoint>
<DataPoint>5352</DataPoint>
<DataPoint>4990</DataPoint>
<DataPoint>4776</DataPoint>
<DataPoint>4567</DataPoint>
<DataPoint>4458</DataPoint>
<DataPoint>4195</DataPoint>
<DataPoint>4080</DataPoint>
<DataPoint>3877</DataPoint>
<DataPoint>3683</DataPoint>
<DataPoint>3696</DataPoint>
<DataPoint>3396</DataPoint>
<DataPoint>3386</DataPoint>
<DataPoint>3321</DataPoint>
<DataPoint>3057</DataPoint>
<DataPoint>3005</DataPoint>
<DataPoint>2871</DataPoint>
<DataPoint>2746</DataPoint>
<DataPoint>2562</DataPoint>
<DataPoint>2575</DataPoint>
<DataPoint>2452</DataPoint>
<DataPoint>2341</DataPoint>
<DataPoint>2296</DataPoint>
<DataPoint>2194</DataPoint>
<DataPoint>2175</DataPoint>
<DataPoint>2074</DataPoint>
<DataPoint>2007</DataPoint>
<DataPoint>1953</DataPoint>
<DataPoint>1839</DataPoint>
<DataPoint>1815</DataPoint>
<DataPoint>1769</DataPoint>
<DataPoint>1690</DataPoint>
<DataPoint>1668</DataPoint>
<DataPoint>1629</DataPoint>
<DataPoint>1531</DataPoint>
<DataPoint>1525</DataPoint>
<DataPoint>1419</DataPoint>
<DataPoint>1424</DataPoint>
<DataPoint>1353</DataPoint>
<DataPoint>1248</DataPoint>
<DataPoint>1250</DataPoint>
<DataPoint>1237</DataPoint>
<DataPoint>1219</DataPoint>
<DataPoint>1145</DataPoint>
<DataPoint>1179</DataPoint>
<DataPoint>1019</DataPoint>
<DataPoint>1086</DataPoint>
<DataPoint>1067</DataPoint>
<DataPoint>1030</DataPoint>
<DataPoint>931</DataPoint>
<DataPoint>997</DataPoint>
<DataPoint>928</DataPoint>
<DataPoint>890</DataPoint>
<DataPoint>845</DataPoint>
<DataPoint>846</DataPoint>
<DataPoint>795</DataPoint>
<DataPoint>766</DataPoint>
<DataPoint>722</DataPoint>
<DataPoint>710</DataPoint>
<DataPoint>699</DataPoint>
<DataPoint>598</DataPoint>
<DataPoint>581</DataPoint>
<DataPoint>608</DataPoint>
<DataPoint>553</DataPoint>
<DataPoint>543</DataPoint>
<DataPoint>508</DataPoint>
<DataPoint>539</DataPoint>
<DataPoint>576</DataPoint>
<DataPoint>509</DataPoint>
<DataPoint>522</DataPoint>
<DataPoint>502</DataPoint>
<DataPoint>412</DataPoint>
<DataPoint>474</DataPoint>
<DataPoint>441</DataPoint>
<DataPoint>425</DataPoint>
<DataPoint>445</DataPoint>
<DataPoint>455</DataPoint>
<DataPoint>433</DataPoint>
<DataPoint>378</DataPoint>
<DataPoint>410</DataPoint>
<DataPoint>372</DataPoint>
<DataPoint>355</DataPoint>
<DataPoint>345</DataPoint>
<DataPoint>388</DataPoint>
<DataPoint>326</DataPoint>
<DataPoint>359</DataPoint>
<DataPoint>313</DataPoint>
<DataPoint>297</DataPoint>
<DataPoint>339</DataPoint>
<DataPoint>315</DataPoint>
<DataPoint>308</DataPoint>
<DataPoint>303</DataPoint>
<DataPoint>272</DataPoint>
<DataPoint>262</DataPoint>
<DataPoint>268</DataPoint>
<DataPoint>274</DataPoint>
<DataPoint>245</DataPoint>
<DataPoint>242</DataPoint>
<DataPoint>255</DataPoint>
<DataPoint>198</DataPoint>
<DataPoint>224</DataPoint>
<DataPoint>220</DataPoint>
<DataPoint>205</DataPoint>
<DataPoint>221</DataPoint>
<DataPoint>208</DataPoint>
<DataPoint>209</DataPoint>
<DataPoint>204</DataPoint>
<DataPoint>182</DataPoint>
<DataPoint>178</DataPoint>
<DataPoint>197</DataPoint>
<DataPoint>168</DataPoint>
<DataPoint>154</DataPoint>
<DataPoint>149</DataPoint>
<DataPoint>171</DataPoint>
<DataPoint>171</DataPoint>
<DataPoint>161</DataPoint>
<DataPoint>127</DataPoint>
<DataPoint>151</DataPoint>
<DataPoint>138</DataPoint>
<DataPoint>138</DataPoint>
<DataPoint>167</DataPoint>
<DataPoint>152</DataPoint>
<DataPoint>138</DataPoint>
<DataPoint>142</DataPoint>
<DataPoint>139</DataPoint>
<DataPoint>132</DataPoint>
<DataPoint>149</DataPoint>
<DataPoint>142</DataPoint>
<DataPoint>126</DataPoint>
<DataPoint>143</DataPoint>
<DataPoint>139</DataPoint>
<DataPoint>128</DataPoint>
<DataPoint>132</DataPoint>
<DataPoint>121</DataPoint>
<DataPoint>125</DataPoint>
<DataPoint>120</DataPoint>
<DataPoint>129</DataPoint>
<DataPoint>117</DataPoint>
<DataPoint>116</DataPoint>
<DataPoint>127</DataPoint>
<DataPoint>109</DataPoint>
<DataPoint>119</DataPoint>
<DataPoint>109</DataPoint>
<DataPoint>112</DataPoint>
<DataPoint>112</DataPoint>
<DataPoint>106</DataPoint>
<DataPoint>114</DataPoint>
<DataPoint>94</DataPoint>
<DataPoint>110</DataPoint>
<DataPoint>89</DataPoint>
<DataPoint>130</DataPoint>
<DataPoint>103</DataPoint>
<DataPoint>110</DataPoint>
<DataPoint>99</DataPoint>
<DataPoint>107</DataPoint>
<DataPoint>103</DataPoint>
<DataPoint>106</DataPoint>
<DataPoint>99</DataPoint>
<DataPoint>86</DataPoint>
<DataPoint>110</DataPoint>
<DataPoint>83</DataPoint>
<DataPoint>94</DataPoint>
<DataPoint>77</DataPoint>
<DataPoint>102</DataPoint>
<DataPoint>91</DataPoint>
<DataPoint>80</DataPoint>
<DataPoint>89</DataPoint>
<DataPoint>81</DataPoint>
<DataPoint>84</DataPoint>
<DataPoint>115</DataPoint>
<DataPoint>91</DataPoint>
<DataPoint>95</DataPoint>
<DataPoint>76</DataPoint>
<DataPoint>93</DataPoint>
<DataPoint>79</DataPoint>
<DataPoint>82</DataPoint>
<DataPoint>96</DataPoint>
<DataPoint>104</DataPoint>
<DataPoint>79</DataPoint>
<DataPoint>84</DataPoint>
<DataPoint>94</DataPoint>
<DataPoint>95</DataPoint>
<DataPoint>98</DataPoint>
<DataPoint>73</DataPoint>
<DataPoint>78</DataPoint>
<DataPoint>98</DataPoint>
<DataPoint>71</DataPoint>
<DataPoint>65</DataPoint>
<DataPoint>75</DataPoint>
<DataPoint>82</DataPoint>
<DataPoint>68</DataPoint>
<DataPoint>83</DataPoint>
<DataPoint>70</DataPoint>
<DataPoint>69</DataPoint>
<DataPoint>74</DataPoint>
<DataPoint>71</DataPoint>
<DataPoint>80</DataPoint>
<DataPoint>62</DataPoint>
<DataPoint>62</DataPoint>
<DataPoint>76</DataPoint>
<DataPoint>67</DataPoint>
<DataPoint>61</DataPoint>
<DataPoint>61</DataPoint>
<DataPoint>51</DataPoint>
<DataPoint>48</DataPoint>
<DataPoint>43</DataPoint>
<DataPoint>60</DataPoint>
<DataPoint>59</DataPoint>
<DataPoint>71</DataPoint>
<DataPoint>47</DataPoint>
<DataPoint>53</DataPoint>
<DataPoint>52</DataPoint>
<DataPoint>62</DataPoint>
<DataPoint>44</DataPoint>
<DataPoint>45</DataPoint>
<DataPoint>52</DataPoint>
<DataPoint>45</DataPoint>
<DataPoint>63</DataPoint>
<DataPoint>51</DataPoint>
<DataPoint>61</DataPoint>
<DataPoint>42</DataPoint>
<DataPoint>50</DataPoint>
<DataPoint>42</DataPoint>
<DataPoint>50</DataPoint>
<DataPoint>47</DataPoint>
<DataPoint>57</DataPoint>
<DataPoint>50</DataPoint>
<DataPoint>50</DataPoint>
<DataPoint>41</DataPoint>
<DataPoint>51</DataPoint>
<DataPoint>42</DataPoint>
<DataPoint>44</DataPoint>
<DataPoint>50</DataPoint>
<DataPoint>51</DataPoint>
<DataPoint>39</DataPoint>
<DataPoint>49</DataPoint>
<DataPoint>42</DataPoint>
<DataPoint>52</DataPoint>
<DataPoint>51</DataPoint>
<DataPoint>44</DataPoint>
<DataPoint>54</DataPoint>
<DataPoint>32</DataPoint>
<DataPoint>58</DataPoint>
<DataPoint>37</DataPoint>
<DataPoint>41</DataPoint>
<DataPoint>37</DataPoint>
<DataPoint>53</DataPoint>
<DataPoint>48</DataPoint>
<DataPoint>46</DataPoint>
<DataPoint>44</DataPoint>
<DataPoint>40</DataPoint>
<DataPoint>32</DataPoint>
<DataPoint>51</DataPoint>
<DataPoint>35</DataPoint>
<DataPoint>50</DataPoint>
<DataPoint>40</DataPoint>
<DataPoint>44</DataPoint>
<DataPoint>39</DataPoint>
<DataPoint>37</DataPoint>
<DataPoint>39</DataPoint>
<DataPoint>38</DataPoint>
<DataPoint>38</DataPoint>
<DataPoint>32</DataPoint>
<DataPoint>42</DataPoint>
<DataPoint>47</DataPoint>
<DataPoint>34</DataPoint>
<DataPoint>37</DataPoint>
<DataPoint>52</DataPoint>
<DataPoint>31</DataPoint>
<DataPoint>36</DataPoint>
<DataPoint>53</DataPoint>
<DataPoint>43</DataPoint>
<DataPoint>32</DataPoint>
<DataPoint>33</DataPoint>
<DataPoint>37</DataPoint>
<DataPoint>41</DataPoint>
<DataPoint>36</DataPoint>
<DataPoint>34</DataPoint>
<DataPoint>46</DataPoint>
<DataPoint>36</DataPoint>
<DataPoint>37</DataPoint>
<DataPoint>37</DataPoint>
<DataPoint>33</DataPoint>
<DataPoint>31</DataPoint>
<DataPoint>36</DataPoint>
<DataPoint>28</DataPoint>
<DataPoint>38</DataPoint>
<DataPoint>47</DataPoint>
<DataPoint>34</DataPoint>
<DataPoint>27</DataPoint>
<DataPoint>40</DataPoint>
<DataPoint>39</DataPoint>
<DataPoint>45</DataPoint>
<DataPoint>29</DataPoint>
<DataPoint>34</DataPoint>
<DataPoint>29</DataPoint>
<DataPoint>37</DataPoint>
<DataPoint>30</DataPoint>
<DataPoint>35</DataPoint>
<DataPoint>26</DataPoint>
<DataPoint>33</DataPoint>
<DataPoint>37</DataPoint>
<DataPoint>31</DataPoint>
<DataPoint>25</DataPoint>
<DataPoint>25</DataPoint>
<DataPoint>28</DataPoint>
<DataPoint>31</DataPoint>
<DataPoint>40</DataPoint>
<DataPoint>35</DataPoint>
<DataPoint>42</DataPoint>
<DataPoint>29</DataPoint>
<DataPoint>33</DataPoint>
<DataPoint>34</DataPoint>
<DataPoint>33</DataPoint>
<DataPoint>29</DataPoint>
<DataPoint>32</DataPoint>
<DataPoint>31</DataPoint>
<DataPoint>32</DataPoint>
<DataPoint>29</DataPoint>
<DataPoint>26</DataPoint>
<DataPoint>26</DataPoint>
<DataPoint>23</DataPoint>
<DataPoint>30</DataPoint>
<DataPoint>27</DataPoint>
<DataPoint>28</DataPoint>
<DataPoint>23</DataPoint>
<DataPoint>32</DataPoint>
<DataPoint>34</DataPoint>
<DataPoint>36</DataPoint>
<DataPoint>34</DataPoint>
<DataPoint>25</DataPoint>
<DataPoint>21</DataPoint>
<DataPoint>34</DataPoint>
<DataPoint>26</DataPoint>
<DataPoint>18</DataPoint>
<DataPoint>29</DataPoint>
<DataPoint>36</DataPoint>
<DataPoint>26</DataPoint>
<DataPoint>43</DataPoint>
<DataPoint>34</DataPoint>
<DataPoint>24</DataPoint>
<DataPoint>26</DataPoint>
<DataPoint>33</DataPoint>
<DataPoint>23</DataPoint>
<DataPoint>25</DataPoint>
<DataPoint>15</DataPoint>
<DataPoint>22</DataPoint>
<DataPoint>34</DataPoint>
<DataPoint>24</DataPoint>
<DataPoint>31</DataPoint>
<DataPoint>21</DataPoint>
<DataPoint>26</DataPoint>
<DataPoint>27</DataPoint>
<DataPoint>32</DataPoint>
<DataPoint>23</DataPoint>
<DataPoint>24</DataPoint>
<DataPoint>29</DataPoint>
<DataPoint>26</DataPoint>
<DataPoint>30</DataPoint>
<DataPoint>26</DataPoint>
<DataPoint>30</DataPoint>
<DataPoint>27</DataPoint>
<DataPoint>32</DataPoint>
<DataPoint>17</DataPoint>
<DataPoint>21</DataPoint>
<DataPoint>23</DataPoint>
<DataPoint>30</DataPoint>
<DataPoint>21</DataPoint>
<DataPoint>22</DataPoint>
<DataPoint>17</DataPoint>
<DataPoint>31</DataPoint>
<DataPoint>30</DataPoint>
<DataPoint>26</DataPoint>
<DataPoint>30</DataPoint>
<DataPoint>17</DataPoint>
<DataPoint>23</DataPoint>
<DataPoint>22</DataPoint>
<DataPoint>27</DataPoint>
<DataPoint>21</DataPoint>
<DataPoint>23</DataPoint>
<DataPoint>29</DataPoint>
<DataPoint>25</DataPoint>
<DataPoint>19</DataPoint>
<DataPoint>20</DataPoint>
<DataPoint>30</DataPoint>
<DataPoint>25</DataPoint>
<DataPoint>17</DataPoint>
<DataPoint>21</DataPoint>
<DataPoint>26</DataPoint>
<DataPoint>12</DataPoint>
<DataPoint>28</DataPoint>
<DataPoint>25</DataPoint>
<DataPoint>26</DataPoint>
<DataPoint>37</DataPoint>
<DataPoint>17</DataPoint>
<DataPoint>23</DataPoint>
<DataPoint>23</DataPoint>
<DataPoint>20</DataPoint>
<DataPoint>17</DataPoint>
<DataPoint>24</DataPoint>
<DataPoint>23</DataPoint>
<DataPoint>21</DataPoint>
<DataPoint>22</DataPoint>
<DataPoint>24</DataPoint>
<DataPoint>17</DataPoint>
<DataPoint>11</DataPoint>
<DataPoint>19</DataPoint>
<DataPoint>16</DataPoint>
<DataPoint>15</DataPoint>
<DataPoint>18</DataPoint>
<DataPoint>24</DataPoint>
<DataPoint>19</DataPoint>
<DataPoint>14</DataPoint>
<DataPoint>19</DataPoint>
<DataPoint>15</DataPoint>
<DataPoint>15</DataPoint>
<DataPoint>18</DataPoint>
<DataPoint>13</DataPoint>
<DataPoint>15</DataPoint>
<DataPoint>13</DataPoint>
<DataPoint>15</DataPoint>
<DataPoint>16</DataPoint>
<DataPoint>10</DataPoint>
<DataPoint>11</DataPoint>
<DataPoint>10</DataPoint>
<DataPoint>18</DataPoint>
<DataPoint>14</DataPoint>
<DataPoint>12</DataPoint>
<DataPoint>12</DataPoint>
<DataPoint>10</DataPoint>
<DataPoint>10</DataPoint>
<DataPoint>19</DataPoint>
<DataPoint>4</DataPoint>
<DataPoint>5</DataPoint>
<DataPoint>11</DataPoint>
<DataPoint>17</DataPoint>
<DataPoint>13</DataPoint>
<DataPoint>8</DataPoint>
<DataPoint>4</DataPoint>
<DataPoint>13</DataPoint>
<DataPoint>12</DataPoint>
<DataPoint>7</DataPoint>
<DataPoint>14</DataPoint>
<DataPoint>5</DataPoint>
<DataPoint>11</DataPoint>
<DataPoint>16</DataPoint>
<DataPoint>10</DataPoint>
<DataPoint>6</DataPoint>
<DataPoint>14</DataPoint>
<DataPoint>13</DataPoint>
<DataPoint>19</DataPoint>
<DataPoint>24</DataPoint>
<DataPoint>8</DataPoint>
<DataPoint>11</DataPoint>
<DataPoint>17</DataPoint>
<DataPoint>18</DataPoint>
<DataPoint>13</DataPoint>
<DataPoint>13</DataPoint>
<DataPoint>9</DataPoint>
<DataPoint>20</DataPoint>
<DataPoint>15</DataPoint>
<DataPoint>8</DataPoint>
<DataPoint>10</DataPoint>
<DataPoint>13</DataPoint>
<DataPoint>19</DataPoint>
<DataPoint>20</DataPoint>
<DataPoint>15</DataPoint>
<DataPoint>15</DataPoint>
<DataPoint>20</DataPoint>
<DataPoint>14</DataPoint>
<DataPoint>16</DataPoint>
<DataPoint>23</DataPoint>
<DataPoint>20</DataPoint>
<DataPoint>10</DataPoint>
<DataPoint>21</DataPoint>
<DataPoint>19</DataPoint>
<DataPoint>24</DataPoint>
<DataPoint>24</DataPoint>
<DataPoint>22</DataPoint>
<DataPoint>22</DataPoint>
<DataPoint>26</DataPoint>
<DataPoint>18</DataPoint>
<DataPoint>15</DataPoint>
<DataPoint>17</DataPoint>
<DataPoint>11</DataPoint>
<DataPoint>14</DataPoint>
<DataPoint>19</DataPoint>
<DataPoint>16</DataPoint>
<DataPoint>9</DataPoint>
<DataPoint>15</DataPoint>
<DataPoint>7</DataPoint>
<DataPoint>12</DataPoint>
<DataPoint>18</DataPoint>
<DataPoint>19</DataPoint>
<DataPoint>15</DataPoint>
<DataPoint>11</DataPoint>
<DataPoint>11</DataPoint>
<DataPoint>14</DataPoint>
<DataPoint>10</DataPoint>
<DataPoint>14</DataPoint>
<DataPoint>8</DataPoint>
<DataPoint>13</DataPoint>
<DataPoint>11</DataPoint>
<DataPoint>10</DataPoint>
<DataPoint>10</DataPoint>
<DataPoint>8</DataPoint>
<DataPoint>12</DataPoint>
<DataPoint>17</DataPoint>
<DataPoint>7</DataPoint>
<DataPoint>7</DataPoint>
<DataPoint>11</DataPoint>
<DataPoint>8</DataPoint>
<DataPoint>12</DataPoint>
<DataPoint>12</DataPoint>
<DataPoint>7</DataPoint>
<DataPoint>8</DataPoint>
<DataPoint>5</DataPoint>
<DataPoint>7</DataPoint>
<DataPoint>6</DataPoint>
<DataPoint>6</DataPoint>
<DataPoint>10</DataPoint>
<DataPoint>12</DataPoint>
<DataPoint>6</DataPoint>
<DataPoint>5</DataPoint>
<DataPoint>9</DataPoint>
<DataPoint>6</DataPoint>
<DataPoint>3</DataPoint>
<DataPoint>8</DataPoint>
<DataPoint>6</DataPoint>
<DataPoint>8</DataPoint>
<DataPoint>7</DataPoint>
<DataPoint>11</DataPoint>
<DataPoint>6</DataPoint>
<DataPoint>2</DataPoint>
<DataPoint>7</DataPoint>
<DataPoint>3</DataPoint>
<DataPoint>6</DataPoint>
<DataPoint>7</DataPoint>
<DataPoint>6</DataPoint>
<DataPoint>10</DataPoint>
<DataPoint>7</DataPoint>
<DataPoint>5</DataPoint>
<DataPoint>8</DataPoint>
<DataPoint>4</DataPoint>
<DataPoint>5</DataPoint>
<DataPoint>6</DataPoint>
<DataPoint>11</DataPoint>
<DataPoint>7</DataPoint>
<DataPoint>9</DataPoint>
<DataPoint>11</DataPoint>
<DataPoint>6</DataPoint>
<DataPoint>7</DataPoint>
<DataPoint>9</DataPoint>
<DataPoint>6</DataPoint>
<DataPoint>5</DataPoint>
<DataPoint>4</DataPoint>
<DataPoint>7</DataPoint>
<DataPoint>5</DataPoint>
<DataPoint>7</DataPoint>
<DataPoint>5</DataPoint>
<DataPoint>6</DataPoint>
<DataPoint>7</DataPoint>
<DataPoint>4</DataPoint>
<DataPoint>2</DataPoint>
<DataPoint>5</DataPoint>
<DataPoint>12</DataPoint>
<DataPoint>6</DataPoint>
<DataPoint>9</DataPoint>
<DataPoint>3</DataPoint>
<DataPoint>4</DataPoint>
<DataPoint>1</DataPoint>
<DataPoint>1</DataPoint>
<DataPoint>8</DataPoint>
<DataPoint>7</DataPoint>
<DataPoint>12</DataPoint>
<DataPoint>6</DataPoint>
<DataPoint>8</DataPoint>
<DataPoint>2</DataPoint>
<DataPoint>6</DataPoint>
<DataPoint>6</DataPoint>
<DataPoint>5</DataPoint>
<DataPoint>3</DataPoint>
<DataPoint>6</DataPoint>
<DataPoint>7</DataPoint>
<DataPoint>2</DataPoint>
<DataPoint>6</DataPoint>
<DataPoint>4</DataPoint>
<DataPoint>4</DataPoint>
<DataPoint>1</DataPoint>
<DataPoint>5</DataPoint>
<DataPoint>4</DataPoint>
<DataPoint>4</DataPoint>
<DataPoint>6</DataPoint>
<DataPoint>5</DataPoint>
<DataPoint>8</DataPoint>
<DataPoint>6</DataPoint>
<DataPoint>5</DataPoint>
<DataPoint>3</DataPoint>
<DataPoint>4</DataPoint>
<DataPoint>4</DataPoint>
<DataPoint>3</DataPoint>
<DataPoint>4</DataPoint>
<DataPoint>2</DataPoint>
<DataPoint>4</DataPoint>
<DataPoint>2</DataPoint>
<DataPoint>7</DataPoint>
<DataPoint>1</DataPoint>
<DataPoint>1</DataPoint>
<DataPoint>3</DataPoint>
<DataPoint>0</DataPoint>
<DataPoint>2</DataPoint>
<DataPoint>5</DataPoint>
<DataPoint>2</DataPoint>
<DataPoint>0</DataPoint>
<DataPoint>1</DataPoint>
<DataPoint>5</DataPoint>
<DataPoint>7</DataPoint>
<DataPoint>4</DataPoint>
<DataPoint>2</DataPoint>
<DataPoint>3</DataPoint>
<DataPoint>5</DataPoint>
<DataPoint>4</DataPoint>
<DataPoint>5</DataPoint>
<DataPoint>2</DataPoint>
<DataPoint>4</DataPoint>
<DataPoint>5</DataPoint>
<DataPoint>4</DataPoint>
<DataPoint>1</DataPoint>
<DataPoint>4</DataPoint>
<DataPoint>4</DataPoint>
<DataPoint>5</DataPoint>
<DataPoint>2</DataPoint>
<DataPoint>4</DataPoint>
<DataPoint>1</DataPoint>
<DataPoint>2</DataPoint>
<DataPoint>3</DataPoint>
<DataPoint>4</DataPoint>
<DataPoint>4</DataPoint>
<DataPoint>6</DataPoint>
<DataPoint>0</DataPoint>
<DataPoint>5</DataPoint>
<DataPoint>5</DataPoint>
<DataPoint>0</DataPoint>
<DataPoint>4</DataPoint>
<DataPoint>7</DataPoint>
<DataPoint>4</DataPoint>
<DataPoint>1</DataPoint>
<DataPoint>3</DataPoint>
<DataPoint>2</DataPoint>
<DataPoint>2</DataPoint>
<DataPoint>1</DataPoint>
<DataPoint>2</DataPoint>
<DataPoint>3</DataPoint>
<DataPoint>3</DataPoint>
<DataPoint>4</DataPoint>
<DataPoint>3</DataPoint>
<DataPoint>4</DataPoint>
<DataPoint>3</DataPoint>
<DataPoint>6</DataPoint>
<DataPoint>3</DataPoint>
<DataPoint>3</DataPoint>
<DataPoint>4</DataPoint>
<DataPoint>3</DataPoint>
<DataPoint>3</DataPoint>
<DataPoint>3</DataPoint>
<DataPoint>7</DataPoint>
<DataPoint>4</DataPoint>
<DataPoint>2</DataPoint>
<DataPoint>3</DataPoint>
<DataPoint>4</DataPoint>
<DataPoint>3</DataPoint>
<DataPoint>1</DataPoint>
<DataPoint>5</DataPoint>
<DataPoint>8</DataPoint>
<DataPoint>2</DataPoint>
<DataPoint>1</DataPoint>
<DataPoint>2</DataPoint>
<DataPoint>2</DataPoint>
<DataPoint>6</DataPoint>
<DataPoint>1</DataPoint>
<DataPoint>2</DataPoint>
<DataPoint>3</DataPoint>
<DataPoint>7</DataPoint>
<DataPoint>2</DataPoint>
<DataPoint>2</DataPoint>
<DataPoint>4</DataPoint>
<DataPoint>2</DataPoint>
<DataPoint>2</DataPoint>
<DataPoint>3</DataPoint>
<DataPoint>7</DataPoint>
<DataPoint>1</DataPoint>
<DataPoint>1</DataPoint>
<DataPoint>1</DataPoint>
<DataPoint>3</DataPoint>
<DataPoint>4</DataPoint>
<DataPoint>2</DataPoint>
<DataPoint>1</DataPoint>
<DataPoint>1</DataPoint>
<DataPoint>2</DataPoint>
<DataPoint>5</DataPoint>
<DataPoint>4</DataPoint>
<DataPoint>2</DataPoint>
<DataPoint>3</DataPoint>
<DataPoint>2</DataPoint>
<DataPoint>2</DataPoint>
<DataPoint>2</DataPoint>
<DataPoint>3</DataPoint>
<DataPoint>0</DataPoint>
<DataPoint>9</DataPoint>
<DataPoint>2</DataPoint>
<DataPoint>4</DataPoint>
<DataPoint>3</DataPoint>
<DataPoint>2</DataPoint>
<DataPoint>1</DataPoint>
<DataPoint>1</DataPoint>
<DataPoint>4</DataPoint>
<DataPoint>5</DataPoint>
<DataPoint>0</DataPoint>
<DataPoint>3</DataPoint>
<DataPoint>1</DataPoint>
<DataPoint>3</DataPoint>
<DataPoint>4</DataPoint>
<DataPoint>2</DataPoint>
<DataPoint>1</DataPoint>
<DataPoint>3</DataPoint>
<DataPoint>2</DataPoint>
<DataPoint>5</DataPoint>
<DataPoint>4</DataPoint>
<DataPoint>4</DataPoint>
<DataPoint>5</DataPoint>
<DataPoint>5</DataPoint>
<DataPoint>5</DataPoint>
<DataPoint>3</DataPoint>
<DataPoint>5</DataPoint>
<DataPoint>5</DataPoint>
<DataPoint>1</DataPoint>
<DataPoint>2</DataPoint>
<DataPoint>3</DataPoint>
<DataPoint>2</DataPoint>
<DataPoint>3</DataPoint>
<DataPoint>3</DataPoint>
<DataPoint>3</DataPoint>
<DataPoint>2</DataPoint>
<DataPoint>6</DataPoint>
<DataPoint>4</DataPoint>
<DataPoint>3</DataPoint>
<DataPoint>1</DataPoint>
<DataPoint>4</DataPoint>
<DataPoint>1</DataPoint>
<DataPoint>2</DataPoint>
<DataPoint>2</DataPoint>
<DataPoint>4</DataPoint>
<DataPoint>1</DataPoint>
<DataPoint>5</DataPoint>
<DataPoint>5</DataPoint>
<DataPoint>4</DataPoint>
<DataPoint>3</DataPoint>
<DataPoint>2</DataPoint>
<DataPoint>2</DataPoint>
<DataPoint>4</DataPoint>
<DataPoint>4</DataPoint>
<DataPoint>3</DataPoint>
<DataPoint>1</DataPoint>
<DataPoint>0</DataPoint>
<DataPoint>3</DataPoint>
<DataPoint>2</DataPoint>
<DataPoint>3</DataPoint>
<DataPoint>5</DataPoint>
<DataPoint>3</DataPoint>
<DataPoint>2</DataPoint>
<DataPoint>1</DataPoint>
<DataPoint>5</DataPoint>
<DataPoint>4</DataPoint>
<DataPoint>2</DataPoint>
<DataPoint>2</DataPoint>
<DataPoint>4</DataPoint>
<DataPoint>1</DataPoint>
<DataPoint>5</DataPoint>
<DataPoint>3</DataPoint>
<DataPoint>2</DataPoint>
<DataPoint>0</DataPoint>
<DataPoint>2</DataPoint>
<DataPoint>4</DataPoint>
<DataPoint>2</DataPoint>
<DataPoint>0</DataPoint>
<DataPoint>3</DataPoint>
<DataPoint>6</DataPoint>
<DataPoint>2</DataPoint>
<DataPoint>2</DataPoint>
<DataPoint>2</DataPoint>
<DataPoint>3</DataPoint>
<DataPoint>2</DataPoint>
<DataPoint>0</DataPoint>
<DataPoint>2</DataPoint>
<DataPoint>3</DataPoint>
<DataPoint>1</DataPoint>
<DataPoint>1</DataPoint>
<DataPoint>1</DataPoint>
<DataPoint>4</DataPoint>
<DataPoint>1</DataPoint>
<DataPoint>0</DataPoint>
<DataPoint>1</DataPoint>
<DataPoint>1</DataPoint>
<DataPoint>0</DataPoint>
<DataPoint>3</DataPoint>
<DataPoint>2</DataPoint>
<DataPoint>1</DataPoint>
<DataPoint>1</DataPoint>
<DataPoint>1</DataPoint>
<DataPoint>4</DataPoint>
<DataPoint>1</DataPoint>
<DataPoint>1</DataPoint>
<DataPoint>1</DataPoint>
<DataPoint>1</DataPoint>
<DataPoint>4</DataPoint>
<DataPoint>1</DataPoint>
<DataPoint>1</DataPoint>
<DataPoint>2</DataPoint>
<DataPoint>5</DataPoint>
<DataPoint>1</DataPoint>
<DataPoint>1</DataPoint>
<DataPoint>3</DataPoint>
<DataPoint>2</DataPoint>
<DataPoint>2</DataPoint>
<DataPoint>3</DataPoint>
<DataPoint>0</DataPoint>
<DataPoint>3</DataPoint>
<DataPoint>1</DataPoint>
<DataPoint>0</DataPoint>
<DataPoint>4</DataPoint>
<DataPoint>1</DataPoint>
<DataPoint>5</DataPoint>
<DataPoint>1</DataPoint>
<DataPoint>3</DataPoint>
<DataPoint>3</DataPoint>
<DataPoint>2</DataPoint>
<DataPoint>0</DataPoint>
<DataPoint>0</DataPoint>
<DataPoint>2</DataPoint>
<DataPoint>0</DataPoint>
<DataPoint>4</DataPoint>
<DataPoint>1</DataPoint>
<DataPoint>0</DataPoint>
<DataPoint>3</DataPoint>
<DataPoint>2</DataPoint>
<DataPoint>1</DataPoint>
<DataPoint>3</DataPoint>
<DataPoint>2</DataPoint>
<DataPoint>1</DataPoint>
<DataPoint>5</DataPoint>
<DataPoint>1</DataPoint>
<DataPoint>0</DataPoint>
<DataPoint>1</DataPoint>
<DataPoint>3</DataPoint>
<DataPoint>2</DataPoint>
<DataPoint>2</DataPoint>
<DataPoint>2</DataPoint>
<DataPoint>2</DataPoint>
<DataPoint>0</DataPoint>
<DataPoint>3</DataPoint>
<DataPoint>1</DataPoint>
<DataPoint>0</DataPoint>
<DataPoint>3</DataPoint>
<DataPoint>0</DataPoint>
<DataPoint>2</DataPoint>
<DataPoint>3</DataPoint>
<DataPoint>3</DataPoint>
<DataPoint>1</DataPoint>
<DataPoint>1</DataPoint>
<DataPoint>0</DataPoint>
<DataPoint>2</DataPoint>
<DataPoint>1</DataPoint>
<DataPoint>0</DataPoint>
<DataPoint>4</DataPoint>
<DataPoint>0</DataPoint>
<DataPoint>3</DataPoint>
<DataPoint>0</DataPoint>
<DataPoint>0</DataPoint>
<DataPoint>1</DataPoint>
<DataPoint>0</DataPoint>
<DataPoint>0</DataPoint>
<DataPoint>1</DataPoint>
<DataPoint>2</DataPoint>
<DataPoint>1</DataPoint>
<DataPoint>0</DataPoint>
<DataPoint>0</DataPoint>
<DataPoint>2</DataPoint>
<DataPoint>1</DataPoint>
<DataPoint>1</DataPoint>
<DataPoint>0</DataPoint>
<DataPoint>0</DataPoint>
<DataPoint>3</DataPoint>
<DataPoint>1</DataPoint>
<DataPoint>1</DataPoint>
<DataPoint>0</DataPoint>
<DataPoint>0</DataPoint>
<DataPoint>0</DataPoint>
<DataPoint>4</DataPoint>
<DataPoint>0</DataPoint>
<DataPoint>0</DataPoint>
<DataPoint>0</DataPoint>
<DataPoint>1</DataPoint>
<DataPoint>1</DataPoint>
<DataPoint>3</DataPoint>
<DataPoint>2</DataPoint>
<DataPoint>2</DataPoint>
<DataPoint>0</DataPoint>
<DataPoint>2</DataPoint>
<DataPoint>1</DataPoint>
<DataPoint>3</DataPoint>
<DataPoint>1</DataPoint>
<DataPoint>1</DataPoint>
<DataPoint>0</DataPoint>
<DataPoint>2</DataPoint>
<DataPoint>1</DataPoint>
<DataPoint>1</DataPoint>
<DataPoint>0</DataPoint>
<DataPoint>1</DataPoint>
<DataPoint>0</DataPoint>
<DataPoint>1</DataPoint>
<DataPoint>1</DataPoint>
<DataPoint>1</DataPoint>
<DataPoint>0</DataPoint>
<DataPoint>0</DataPoint>
<DataPoint>0</DataPoint>
<DataPoint>4</DataPoint>
<DataPoint>1</DataPoint>
<DataPoint>2</DataPoint>
<DataPoint>2</DataPoint>
<DataPoint>2</DataPoint>
<DataPoint>1</DataPoint>
<DataPoint>0</DataPoint>
<DataPoint>0</DataPoint>
<DataPoint>1</DataPoint>
<DataPoint>0</DataPoint>
<DataPoint>0</DataPoint>
<DataPoint>2</DataPoint>
<DataPoint>0</DataPoint>
<DataPoint>0</DataPoint>
<DataPoint>1</DataPoint>
<DataPoint>2</DataPoint>
<DataPoint>1</DataPoint>
<DataPoint>1</DataPoint>
<DataPoint>0</DataPoint>
<DataPoint>0</DataPoint>
<DataPoint>1</DataPoint>
<DataPoint>0</DataPoint>
<DataPoint>2</DataPoint>
<DataPoint>2</DataPoint>
<DataPoint>1</DataPoint>
<DataPoint>1</DataPoint>
<DataPoint>1</DataPoint>
<DataPoint>0</DataPoint>
<DataPoint>1</DataPoint>
<DataPoint>2</DataPoint>
<DataPoint>0</DataPoint>
<DataPoint>0</DataPoint>
<DataPoint>1</DataPoint>
<DataPoint>0</DataPoint>
<DataPoint>2</DataPoint>
<DataPoint>0</DataPoint>
<DataPoint>3</DataPoint>
<DataPoint>2</DataPoint>
<DataPoint>1</DataPoint>
<DataPoint>1</DataPoint>
<DataPoint>1</DataPoint>
<DataPoint>0</DataPoint>
<DataPoint>4</DataPoint>
<DataPoint>4</DataPoint>
<DataPoint>1</DataPoint>
<DataPoint>0</DataPoint>
<DataPoint>1</DataPoint>
<DataPoint>1</DataPoint>
<DataPoint>0</DataPoint>
<DataPoint>2</DataPoint>
<DataPoint>2</DataPoint>
<DataPoint>1604</DataPoint>

  </Spectrum>
 </EnergySpectrum>


      

      <Visible>true</Visible>
      <PulseCollection>
        <Format>Base64 encoded binary</Format>
        <Pulses />
      </PulseCollection>
    </ResultData>
  </ResultDataList>
</ResultDataFile>
